{
	"format_version": "1.12.0",
	"minecraft:geometry": [
		{
			"description": {
				"identifier": "geometry.tec_9 - Converted",
				"texture_width": 64,
				"texture_height": 64,
				"visible_bounds_width": 4,
				"visible_bounds_height": 2.5,
				"visible_bounds_offset": [0, 0.75, 0]
			},
			"bones": [
				{
					"name": "root",
					"pivot": [0, 8, 8]
				},
				{
					"name": "mag_and_lefthand",
					"parent": "root",
					"pivot": [0, 0, 0]
				},
				{
					"name": "lefthand",
					"parent": "mag_and_lefthand",
					"pivot": [-6, 19, 0]
				},
				{
					"name": "lefthand_pos",
					"parent": "lefthand",
					"pivot": [0, 8, 0],
					"cubes": [
						{
							"origin": [-8, 8, -2],
							"size": [4, 12, 4],
							"uv": {
								"north": {"uv": [12, 0], "uv_size": [4, 12]},
								"east": {"uv": [4, 12], "uv_size": [4, 12]},
								"south": {"uv": [8, 12], "uv_size": [4, 12]},
								"west": {"uv": [12, 12], "uv_size": [4, 12]},
								"up": {"uv": [16, 8], "uv_size": [4, 4]},
								"down": {"uv": [16, 16], "uv_size": [4, -4]}
							}
						}
					]
				},
				{
					"name": "magazine_and_bullet",
					"parent": "mag_and_lefthand",
					"pivot": [0, 5, 0]
				},
				{
					"name": "bullet",
					"parent": "magazine_and_bullet",
					"pivot": [0, 6.72056, -2.00171],
					"cubes": [
						{
							"origin": [-0.2417, 9.97886, 1.73463],
							"size": [0.4834, 0.4834, 0.90087],
							"uv": {
								"north": {"uv": [11, 45], "uv_size": [0.5, 0.5]},
								"east": {"uv": [43, 7], "uv_size": [1, 0.5]},
								"south": {"uv": [12, 45], "uv_size": [0.5, 0.5]},
								"west": {"uv": [8, 43], "uv_size": [1, 0.5]},
								"up": {"uv": [9, 43], "uv_size": [0.5, 1]},
								"down": {"uv": [10, 44], "uv_size": [0.5, -1]}
							}
						},
						{
							"origin": [-0.2417, 9.97886, 2.72339],
							"size": [0.4834, 0.4834, 0.06593],
							"uv": {
								"north": {"uv": [45, 12], "uv_size": [0.5, 0.5]},
								"east": {"uv": [29, 46], "uv_size": [0.25, 0.5]},
								"south": {"uv": [45, 13], "uv_size": [0.5, 0.5]},
								"west": {"uv": [46, 29], "uv_size": [0.25, 0.5]},
								"up": {"uv": [30, 46], "uv_size": [0.5, 0.25]},
								"down": {"uv": [46, 30.25], "uv_size": [0.5, -0.25]}
							}
						},
						{
							"origin": [-0.17578, 10.04477, 2.63549],
							"size": [0.35156, 0.35156, 0.0879],
							"uv": {
								"north": {"uv": [28, 47], "uv_size": [0.25, 0.25]},
								"east": {"uv": [47, 28], "uv_size": [0.25, 0.25]},
								"south": {"uv": [29, 47], "uv_size": [0.25, 0.25]},
								"west": {"uv": [47, 29], "uv_size": [0.25, 0.25]},
								"up": {"uv": [30, 47], "uv_size": [0.25, 0.25]},
								"down": {"uv": [47, 30.25], "uv_size": [0.25, -0.25]}
							}
						},
						{
							"origin": [-0.18238, 10.0382, 1.33912],
							"size": [0.36474, 0.36474, 0.17578],
							"uv": {
								"north": {"uv": [31, 47], "uv_size": [0.25, 0.25]},
								"east": {"uv": [47, 31], "uv_size": [0.25, 0.25]},
								"south": {"uv": [32, 47], "uv_size": [0.25, 0.25]},
								"west": {"uv": [47, 32], "uv_size": [0.25, 0.25]},
								"up": {"uv": [33, 47], "uv_size": [0.25, 0.25]},
								"down": {"uv": [47, 33.25], "uv_size": [0.25, -0.25]}
							}
						},
						{
							"origin": [-0.20874, 10.01182, 1.5149],
							"size": [0.41748, 0.41748, 0.24168],
							"uv": {
								"north": {"uv": [14, 45], "uv_size": [0.5, 0.5]},
								"east": {"uv": [31, 46], "uv_size": [0.25, 0.5]},
								"south": {"uv": [45, 14], "uv_size": [0.5, 0.5]},
								"west": {"uv": [46, 31], "uv_size": [0.25, 0.5]},
								"up": {"uv": [32, 46], "uv_size": [0.5, 0.25]},
								"down": {"uv": [46, 32.25], "uv_size": [0.5, -0.25]}
							}
						},
						{
							"origin": [-0.12085, 10.09972, 1.22924],
							"size": [0.24169, 0.2417, 0.15382],
							"uv": {
								"north": {"uv": [34, 47], "uv_size": [0.25, 0.25]},
								"east": {"uv": [47, 34], "uv_size": [0.25, 0.25]},
								"south": {"uv": [35, 47], "uv_size": [0.25, 0.25]},
								"west": {"uv": [47, 35], "uv_size": [0.25, 0.25]},
								"up": {"uv": [36, 47], "uv_size": [0.25, 0.25]},
								"down": {"uv": [47, 36.25], "uv_size": [0.25, -0.25]}
							}
						}
					]
				},
				{
					"name": "magazine",
					"parent": "magazine_and_bullet",
					"pivot": [0, 0, 0]
				},
				{
					"name": "mag_standard",
					"parent": "magazine",
					"pivot": [0.5625, 5.0625, -0.5625],
					"cubes": [
						{
							"origin": [-0.63281, 3.14844, 1.32813],
							"size": [1.26563, 6.89063, 1.51172],
							"uv": {
								"east": {"uv": [17, 0], "uv_size": [1.5, 7]},
								"west": {"uv": [18, 16], "uv_size": [1.5, 7]},
								"up": {"uv": [14, 34], "uv_size": [1.25, 1.5]}
							}
						},
						{
							"origin": [-0.5625, 3.00781, 1.04688],
							"size": [1.125, 0.14063, 0.07031],
							"uv": {
								"north": {"uv": [44, 10], "uv_size": [1.25, 0.25]},
								"up": {"uv": [11, 44], "uv_size": [1.25, 0.25]},
								"down": {"uv": [44, 11.25], "uv_size": [1.25, -0.25]}
							}
						},
						{
							"origin": [-0.49219, 3.14844, 1.1875],
							"size": [0.98438, 6.89063, 1.79297],
							"uv": {
								"north": {"uv": [21, 0], "uv_size": [1, 7]},
								"south": {"uv": [0, 23], "uv_size": [1, 7]},
								"up": {"uv": [35, 4], "uv_size": [1, 1.75]}
							}
						},
						{
							"origin": [2.70721, 3.14844, 0.33999],
							"size": [0.19887, 6.89063, 0.10547],
							"pivot": [0.57666, 10.07385, -1.91002],
							"rotation": [0, -45, 0],
							"uv": {
								"north": {"uv": [22, 35], "uv_size": [0.25, 7]},
								"up": {"uv": [37, 47], "uv_size": [0.25, 0.25]},
								"down": {"uv": [47, 37.25], "uv_size": [0.25, -0.25]}
							}
						},
						{
							"origin": [-2.56829, 3.14844, -0.47553],
							"size": [0.19888, 6.89063, 0.10547],
							"pivot": [0.57666, 10.07385, -1.91002],
							"rotation": [0, 45, 0],
							"uv": {
								"north": {"uv": [35, 30], "uv_size": [0.25, 7]},
								"up": {"uv": [38, 47], "uv_size": [0.25, 0.25]},
								"down": {"uv": [47, 38.25], "uv_size": [0.25, -0.25]}
							}
						},
						{
							"origin": [-2.94117, 3.00781, 1.38288],
							"size": [0.19887, 7.03125, 0.10547],
							"pivot": [0.57666, 10.07385, -1.91002],
							"rotation": [0, 45, 0],
							"uv": {
								"south": {"uv": [36, 0], "uv_size": [0.25, 7]},
								"up": {"uv": [39, 47], "uv_size": [0.25, 0.25]},
								"down": {"uv": [47, 39.25], "uv_size": [0.25, -0.25]}
							}
						},
						{
							"origin": [3.0801, 3.00781, 2.1984],
							"size": [0.19887, 7.03125, 0.10547],
							"pivot": [0.57666, 10.07385, -1.91002],
							"rotation": [0, -45, 0],
							"uv": {
								"south": {"uv": [3, 36], "uv_size": [0.25, 7]},
								"up": {"uv": [40, 47], "uv_size": [0.25, 0.25]},
								"down": {"uv": [47, 40.25], "uv_size": [0.25, -0.25]}
							}
						},
						{
							"origin": [-0.63281, 3.00781, 1.11719],
							"size": [1.26563, 0.14063, 1.72266],
							"uv": {
								"east": {"uv": [43, 27], "uv_size": [1.75, 0.25]},
								"west": {"uv": [28, 43], "uv_size": [1.75, 0.25]},
								"up": {"uv": [33, 11], "uv_size": [1.25, 1.75]},
								"down": {"uv": [33, 14.75], "uv_size": [1.25, -1.75]}
							}
						},
						{
							"origin": [2.65749, 3.00781, 0.19083],
							"size": [0.09943, 0.14063, 0.07031],
							"pivot": [0.57666, 10.07385, -1.91002],
							"rotation": [0, -45, 0],
							"uv": {
								"north": {"uv": [41, 47], "uv_size": [0.25, 0.25]},
								"up": {"uv": [47, 41], "uv_size": [0.25, 0.25]},
								"down": {"uv": [42, 47.25], "uv_size": [0.25, -0.25]}
							}
						},
						{
							"origin": [-2.41913, 3.00781, -0.62469],
							"size": [0.09943, 0.14063, 0.07031],
							"pivot": [0.57666, 10.07385, -1.91002],
							"rotation": [0, 45, 0],
							"uv": {
								"north": {"uv": [47, 42], "uv_size": [0.25, 0.25]},
								"up": {"uv": [43, 47], "uv_size": [0.25, 0.25]},
								"down": {"uv": [47, 43.25], "uv_size": [0.25, -0.25]}
							}
						},
						{
							"origin": [-0.49219, 3.00781, 2.83984],
							"size": [0.98438, 0.14063, 0.14063],
							"uv": {
								"south": {"uv": [15, 45], "uv_size": [1, 0.25]},
								"down": {"uv": [45, 15.25], "uv_size": [1, -0.25]}
							}
						},
						{
							"origin": [-0.52551, 9.80866, 1.57422],
							"size": [0.21094, 0.42188, 1.26563],
							"pivot": [0, 10.19358, 2.20703],
							"rotation": [0, 0, 22.5],
							"uv": {
								"north": {"uv": [33, 46], "uv_size": [0.25, 0.5]},
								"east": {"uv": [41, 27], "uv_size": [1.25, 0.5]},
								"south": {"uv": [46, 33], "uv_size": [0.25, 0.5]},
								"west": {"uv": [41, 28], "uv_size": [1.25, 0.5]},
								"up": {"uv": [44, 12], "uv_size": [0.25, 1.25]}
							}
						},
						{
							"origin": [0.31457, 9.80866, 1.57422],
							"size": [0.21094, 0.42188, 1.26563],
							"pivot": [0, 10.19358, 2.20703],
							"rotation": [0, 0, -22.5],
							"uv": {
								"north": {"uv": [34, 46], "uv_size": [0.25, 0.5]},
								"east": {"uv": [29, 41], "uv_size": [1.25, 0.5]},
								"south": {"uv": [46, 34], "uv_size": [0.25, 0.5]},
								"west": {"uv": [41, 29], "uv_size": [1.25, 0.5]},
								"up": {"uv": [13, 44], "uv_size": [0.25, 1.25]}
							}
						}
					]
				},
				{
					"name": "mag_extended_1",
					"parent": "magazine",
					"pivot": [0.5625, 5.0625, -0.5625],
					"cubes": [
						{
							"origin": [-0.63281, 0.76719, 1.32813],
							"size": [1.26563, 9.27188, 1.51172],
							"uv": {
								"east": {"uv": [10, 0], "uv_size": [1.5, 11.75]},
								"west": {"uv": [0, 11], "uv_size": [1.5, 11.75]},
								"up": {"uv": [17, 34], "uv_size": [1.25, 1.5]}
							}
						},
						{
							"origin": [-0.5625, 0.62656, 1.04688],
							"size": [1.125, 0.14063, 0.07031],
							"uv": {
								"north": {"uv": [14, 44], "uv_size": [1.25, 0.25]},
								"up": {"uv": [44, 16], "uv_size": [1.25, 0.25]},
								"down": {"uv": [17, 44.25], "uv_size": [1.25, -0.25]}
							}
						},
						{
							"origin": [-0.49219, 0.76719, 1.1875],
							"size": [0.98438, 9.27188, 1.79297],
							"uv": {
								"north": {"uv": [15, 0], "uv_size": [1, 11.75]},
								"south": {"uv": [16, 0], "uv_size": [1, 11.75]},
								"up": {"uv": [35, 11], "uv_size": [1, 1.75]}
							}
						},
						{
							"origin": [-0.22373, 0.76719, 1.0763],
							"size": [0.19887, 9.27188, 0.10547],
							"pivot": [0, 3.68273, 1.99609],
							"rotation": [0, -45, 0],
							"uv": {
								"north": {"uv": [23, 27], "uv_size": [0.25, 11.75]},
								"up": {"uv": [44, 47], "uv_size": [0.25, 0.25]},
								"down": {"uv": [47, 44.25], "uv_size": [0.25, -0.25]}
							}
						},
						{
							"origin": [0.02486, 0.76719, 1.0763],
							"size": [0.19887, 9.27188, 0.10547],
							"pivot": [0, 3.68273, 1.99609],
							"rotation": [0, 45, 0],
							"uv": {
								"north": {"uv": [13, 28], "uv_size": [0.25, 11.75]},
								"up": {"uv": [45, 47], "uv_size": [0.25, 0.25]},
								"down": {"uv": [47, 45.25], "uv_size": [0.25, -0.25]}
							}
						},
						{
							"origin": [-0.34803, 0.62656, 2.93472],
							"size": [0.19887, 9.4125, 0.10547],
							"pivot": [0, 3.68273, 1.99609],
							"rotation": [0, 45, 0],
							"uv": {
								"south": {"uv": [1, 29], "uv_size": [0.25, 11.75]},
								"up": {"uv": [46, 47], "uv_size": [0.25, 0.25]},
								"down": {"uv": [47, 46.25], "uv_size": [0.25, -0.25]}
							}
						},
						{
							"origin": [0.14916, 0.62656, 2.93472],
							"size": [0.19887, 9.4125, 0.10547],
							"pivot": [0, 3.68273, 1.99609],
							"rotation": [0, -45, 0],
							"uv": {
								"south": {"uv": [2, 29], "uv_size": [0.25, 11.75]},
								"up": {"uv": [47, 47], "uv_size": [0.25, 0.25]},
								"down": {"uv": [0, 48.25], "uv_size": [0.25, -0.25]}
							}
						},
						{
							"origin": [-0.63281, 0.62656, 1.11719],
							"size": [1.26563, 0.14063, 1.72266],
							"uv": {
								"east": {"uv": [43, 28], "uv_size": [1.75, 0.25]},
								"west": {"uv": [43, 29], "uv_size": [1.75, 0.25]},
								"up": {"uv": [33, 15], "uv_size": [1.25, 1.75]},
								"down": {"uv": [33, 22.75], "uv_size": [1.25, -1.75]}
							}
						},
						{
							"origin": [-0.27345, 0.62656, 0.92715],
							"size": [0.09944, 0.14063, 0.07031],
							"pivot": [0, 6.08273, 1.99609],
							"rotation": [0, -45, 0],
							"uv": {
								"north": {"uv": [48, 0], "uv_size": [0.25, 0.25]},
								"up": {"uv": [1, 48], "uv_size": [0.25, 0.25]},
								"down": {"uv": [48, 1.25], "uv_size": [0.25, -0.25]}
							}
						},
						{
							"origin": [0.17401, 0.62656, 0.92715],
							"size": [0.09944, 0.14063, 0.07031],
							"pivot": [0, 6.08273, 1.99609],
							"rotation": [0, 45, 0],
							"uv": {
								"north": {"uv": [2, 48], "uv_size": [0.25, 0.25]},
								"up": {"uv": [48, 2], "uv_size": [0.25, 0.25]},
								"down": {"uv": [3, 48.25], "uv_size": [0.25, -0.25]}
							}
						},
						{
							"origin": [-0.49219, 0.62656, 2.83984],
							"size": [0.98438, 0.14063, 0.14063],
							"uv": {
								"south": {"uv": [16, 45], "uv_size": [1, 0.25]},
								"down": {"uv": [17, 45.25], "uv_size": [1, -0.25]}
							}
						},
						{
							"origin": [2.37565, 9.39868, 1.57422],
							"size": [0.21094, 0.42188, 1.26563],
							"pivot": [0, 4.80773, 1.99609],
							"rotation": [0, 0, -22.5],
							"uv": {
								"north": {"uv": [35, 46], "uv_size": [0.25, 0.5]},
								"east": {"uv": [41, 34], "uv_size": [1.25, 0.5]},
								"south": {"uv": [46, 35], "uv_size": [0.25, 0.5]},
								"west": {"uv": [41, 35], "uv_size": [1.25, 0.5]},
								"up": {"uv": [19, 44], "uv_size": [0.25, 1.25]}
							}
						},
						{
							"origin": [-2.58659, 9.39868, 1.57422],
							"size": [0.21094, 0.42188, 1.26563],
							"pivot": [0, 4.80773, 1.99609],
							"rotation": [0, 0, 22.5],
							"uv": {
								"north": {"uv": [36, 46], "uv_size": [0.25, 0.5]},
								"east": {"uv": [36, 41], "uv_size": [1.25, 0.5]},
								"south": {"uv": [46, 36], "uv_size": [0.25, 0.5]},
								"west": {"uv": [41, 36], "uv_size": [1.25, 0.5]},
								"up": {"uv": [20, 44], "uv_size": [0.25, 1.25]}
							}
						}
					]
				},
				{
					"name": "mag_extended_2",
					"parent": "magazine",
					"pivot": [0.5625, 5.0625, -0.5625],
					"cubes": [
						{
							"origin": [-0.63281, -1.63281, 1.32813],
							"size": [1.26563, 11.67188, 1.51172],
							"uv": {
								"east": {"uv": [2, 11], "uv_size": [1.5, 11.75]},
								"west": {"uv": [4, 11], "uv_size": [1.5, 11.75]},
								"up": {"uv": [34, 23], "uv_size": [1.25, 1.5]}
							}
						},
						{
							"origin": [-0.5625, -1.77344, 1.04688],
							"size": [1.125, 0.14063, 0.07031],
							"uv": {
								"north": {"uv": [23, 44], "uv_size": [1.25, 0.25]},
								"up": {"uv": [26, 44], "uv_size": [1.25, 0.25]},
								"down": {"uv": [44, 26.25], "uv_size": [1.25, -0.25]}
							}
						},
						{
							"origin": [-0.49219, -1.63281, 1.1875],
							"size": [0.98438, 11.67188, 1.79297],
							"uv": {
								"north": {"uv": [10, 16], "uv_size": [1, 11.75]},
								"south": {"uv": [11, 16], "uv_size": [1, 11.75]},
								"up": {"uv": [35, 13], "uv_size": [1, 1.75]}
							}
						},
						{
							"origin": [-0.22373, -1.63281, 1.0763],
							"size": [0.19887, 11.67188, 0.10547],
							"pivot": [0, 3.68273, 1.99609],
							"rotation": [0, -45, 0],
							"uv": {
								"north": {"uv": [27, 29], "uv_size": [0.25, 11.75]},
								"up": {"uv": [48, 3], "uv_size": [0.25, 0.25]},
								"down": {"uv": [4, 48.25], "uv_size": [0.25, -0.25]}
							}
						},
						{
							"origin": [0.02486, -1.63281, 1.0763],
							"size": [0.19887, 11.67188, 0.10547],
							"pivot": [0, 3.68273, 1.99609],
							"rotation": [0, 45, 0],
							"uv": {
								"north": {"uv": [28, 29], "uv_size": [0.25, 11.75]},
								"up": {"uv": [48, 4], "uv_size": [0.25, 0.25]},
								"down": {"uv": [5, 48.25], "uv_size": [0.25, -0.25]}
							}
						},
						{
							"origin": [-0.34803, -1.77344, 2.93472],
							"size": [0.19887, 11.8125, 0.10547],
							"pivot": [0, 3.68273, 1.99609],
							"rotation": [0, 45, 0],
							"uv": {
								"south": {"uv": [29, 29], "uv_size": [0.25, 11.75]},
								"up": {"uv": [48, 5], "uv_size": [0.25, 0.25]},
								"down": {"uv": [6, 48.25], "uv_size": [0.25, -0.25]}
							}
						},
						{
							"origin": [0.14916, -1.77344, 2.93472],
							"size": [0.19887, 11.8125, 0.10547],
							"pivot": [0, 3.68273, 1.99609],
							"rotation": [0, -45, 0],
							"uv": {
								"south": {"uv": [0, 30], "uv_size": [0.25, 11.75]},
								"up": {"uv": [48, 6], "uv_size": [0.25, 0.25]},
								"down": {"uv": [7, 48.25], "uv_size": [0.25, -0.25]}
							}
						},
						{
							"origin": [-0.63281, -1.77344, 1.11719],
							"size": [1.26563, 0.14063, 1.72266],
							"uv": {
								"east": {"uv": [30, 43], "uv_size": [1.75, 0.25]},
								"west": {"uv": [43, 30], "uv_size": [1.75, 0.25]},
								"up": {"uv": [33, 27], "uv_size": [1.25, 1.75]},
								"down": {"uv": [33, 31.75], "uv_size": [1.25, -1.75]}
							}
						},
						{
							"origin": [-0.27345, -1.77344, 0.92715],
							"size": [0.09944, 0.14063, 0.07031],
							"pivot": [0, 3.68273, 1.99609],
							"rotation": [0, -45, 0],
							"uv": {
								"north": {"uv": [48, 7], "uv_size": [0.25, 0.25]},
								"up": {"uv": [8, 48], "uv_size": [0.25, 0.25]},
								"down": {"uv": [48, 8.25], "uv_size": [0.25, -0.25]}
							}
						},
						{
							"origin": [0.17401, -1.77344, 0.92715],
							"size": [0.09944, 0.14063, 0.07031],
							"pivot": [0, 3.68273, 1.99609],
							"rotation": [0, 45, 0],
							"uv": {
								"north": {"uv": [9, 48], "uv_size": [0.25, 0.25]},
								"up": {"uv": [48, 9], "uv_size": [0.25, 0.25]},
								"down": {"uv": [10, 48.25], "uv_size": [0.25, -0.25]}
							}
						},
						{
							"origin": [-0.49219, -1.77344, 2.83984],
							"size": [0.98438, 0.14063, 0.14063],
							"uv": {
								"south": {"uv": [45, 17], "uv_size": [1, 0.25]},
								"down": {"uv": [18, 45.25], "uv_size": [1, -0.25]}
							}
						},
						{
							"origin": [2.37565, 9.39868, 1.57422],
							"size": [0.21094, 0.42188, 1.26563],
							"pivot": [0, 4.80773, 1.99609],
							"rotation": [0, 0, -22.5],
							"uv": {
								"north": {"uv": [37, 46], "uv_size": [0.25, 0.5]},
								"east": {"uv": [41, 37], "uv_size": [1.25, 0.5]},
								"south": {"uv": [46, 37], "uv_size": [0.25, 0.5]},
								"west": {"uv": [41, 38], "uv_size": [1.25, 0.5]},
								"up": {"uv": [28, 44], "uv_size": [0.25, 1.25]}
							}
						},
						{
							"origin": [-2.58659, 9.39868, 1.57422],
							"size": [0.21094, 0.42188, 1.26563],
							"pivot": [0, 4.80773, 1.99609],
							"rotation": [0, 0, 22.5],
							"uv": {
								"north": {"uv": [38, 46], "uv_size": [0.25, 0.5]},
								"east": {"uv": [41, 39], "uv_size": [1.25, 0.5]},
								"south": {"uv": [46, 38], "uv_size": [0.25, 0.5]},
								"west": {"uv": [41, 40], "uv_size": [1.25, 0.5]},
								"up": {"uv": [29, 44], "uv_size": [0.25, 1.25]}
							}
						}
					]
				},
				{
					"name": "mag_extended_3",
					"parent": "magazine",
					"pivot": [0.5625, 5.0625, -0.5625],
					"cubes": [
						{
							"origin": [-0.63281, -1.63281, 1.32813],
							"size": [1.26563, 11.67188, 1.51172],
							"uv": {
								"east": {"uv": [6, 11], "uv_size": [1.5, 11.75]},
								"west": {"uv": [8, 11], "uv_size": [1.5, 11.75]},
								"up": {"uv": [34, 25], "uv_size": [1.25, 1.5]}
							}
						},
						{
							"origin": [-0.5625, -1.77344, 1.04688],
							"size": [1.125, 0.14063, 0.07031],
							"uv": {
								"north": {"uv": [30, 44], "uv_size": [1.25, 0.25]},
								"up": {"uv": [32, 44], "uv_size": [1.25, 0.25]},
								"down": {"uv": [34, 44.25], "uv_size": [1.25, -0.25]}
							}
						},
						{
							"origin": [-0.49219, -1.63281, 1.1875],
							"size": [0.98438, 11.67188, 1.79297],
							"uv": {
								"north": {"uv": [12, 16], "uv_size": [1, 11.75]},
								"south": {"uv": [13, 16], "uv_size": [1, 11.75]},
								"up": {"uv": [35, 15], "uv_size": [1, 1.75]}
							}
						},
						{
							"origin": [-0.22373, -1.63281, 1.0763],
							"size": [0.19887, 11.67188, 0.10547],
							"pivot": [0, 3.68273, 1.99609],
							"rotation": [0, -45, 0],
							"uv": {
								"north": {"uv": [7, 30], "uv_size": [0.25, 11.75]},
								"up": {"uv": [48, 10], "uv_size": [0.25, 0.25]},
								"down": {"uv": [11, 48.25], "uv_size": [0.25, -0.25]}
							}
						},
						{
							"origin": [0.02486, -1.63281, 1.0763],
							"size": [0.19887, 11.67188, 0.10547],
							"pivot": [0, 3.68273, 1.99609],
							"rotation": [0, 45, 0],
							"uv": {
								"north": {"uv": [8, 30], "uv_size": [0.25, 11.75]},
								"up": {"uv": [48, 11], "uv_size": [0.25, 0.25]},
								"down": {"uv": [12, 48.25], "uv_size": [0.25, -0.25]}
							}
						},
						{
							"origin": [-0.34803, -1.77344, 2.93472],
							"size": [0.19887, 11.8125, 0.10547],
							"pivot": [0, 3.68273, 1.99609],
							"rotation": [0, 45, 0],
							"uv": {
								"south": {"uv": [9, 30], "uv_size": [0.25, 11.75]},
								"up": {"uv": [48, 12], "uv_size": [0.25, 0.25]},
								"down": {"uv": [13, 48.25], "uv_size": [0.25, -0.25]}
							}
						},
						{
							"origin": [0.14916, -1.77344, 2.93472],
							"size": [0.19887, 11.8125, 0.10547],
							"pivot": [0, 3.68273, 1.99609],
							"rotation": [0, -45, 0],
							"uv": {
								"south": {"uv": [10, 30], "uv_size": [0.25, 11.75]},
								"up": {"uv": [48, 13], "uv_size": [0.25, 0.25]},
								"down": {"uv": [14, 48.25], "uv_size": [0.25, -0.25]}
							}
						},
						{
							"origin": [-0.63281, -1.77344, 1.11719],
							"size": [1.26563, 0.14063, 1.72266],
							"uv": {
								"east": {"uv": [43, 31], "uv_size": [1.75, 0.25]},
								"west": {"uv": [32, 43], "uv_size": [1.75, 0.25]},
								"up": {"uv": [33, 32], "uv_size": [1.25, 1.75]},
								"down": {"uv": [34, 1.75], "uv_size": [1.25, -1.75]}
							}
						},
						{
							"origin": [-0.27345, -1.77344, 0.92715],
							"size": [0.09944, 0.14063, 0.07031],
							"pivot": [0, 3.68273, 1.99609],
							"rotation": [0, -45, 0],
							"uv": {
								"north": {"uv": [48, 14], "uv_size": [0.25, 0.25]},
								"up": {"uv": [15, 48], "uv_size": [0.25, 0.25]},
								"down": {"uv": [48, 15.25], "uv_size": [0.25, -0.25]}
							}
						},
						{
							"origin": [0.17401, -1.77344, 0.92715],
							"size": [0.09944, 0.14063, 0.07031],
							"pivot": [0, 3.68273, 1.99609],
							"rotation": [0, 45, 0],
							"uv": {
								"north": {"uv": [16, 48], "uv_size": [0.25, 0.25]},
								"up": {"uv": [48, 16], "uv_size": [0.25, 0.25]},
								"down": {"uv": [17, 48.25], "uv_size": [0.25, -0.25]}
							}
						},
						{
							"origin": [-0.49219, -1.77344, 2.83984],
							"size": [0.98438, 0.14063, 0.14063],
							"uv": {
								"south": {"uv": [45, 18], "uv_size": [1, 0.25]},
								"down": {"uv": [45, 19.25], "uv_size": [1, -0.25]}
							}
						},
						{
							"origin": [2.37565, 9.39868, 1.57422],
							"size": [0.21094, 0.42188, 1.26563],
							"pivot": [0, 4.80773, 1.99609],
							"rotation": [0, 0, -22.5],
							"uv": {
								"north": {"uv": [39, 46], "uv_size": [0.25, 0.5]},
								"east": {"uv": [41, 41], "uv_size": [1.25, 0.5]},
								"south": {"uv": [46, 39], "uv_size": [0.25, 0.5]},
								"west": {"uv": [42, 4], "uv_size": [1.25, 0.5]},
								"up": {"uv": [44, 35], "uv_size": [0.25, 1.25]}
							}
						},
						{
							"origin": [-2.58659, 9.39868, 1.57422],
							"size": [0.21094, 0.42188, 1.26563],
							"pivot": [0, 4.80773, 1.99609],
							"rotation": [0, 0, 22.5],
							"uv": {
								"north": {"uv": [40, 46], "uv_size": [0.25, 0.5]},
								"east": {"uv": [5, 42], "uv_size": [1.25, 0.5]},
								"south": {"uv": [46, 40], "uv_size": [0.25, 0.5]},
								"west": {"uv": [42, 5], "uv_size": [1.25, 0.5]},
								"up": {"uv": [36, 44], "uv_size": [0.25, 1.25]}
							}
						}
					]
				},
				{
					"name": "bullet_in_mag",
					"parent": "magazine",
					"pivot": [0, 6.72056, -2.00171],
					"cubes": [
						{
							"origin": [-0.2417, 9.97886, 1.73463],
							"size": [0.4834, 0.4834, 0.90087],
							"uv": {
								"north": {"uv": [45, 20], "uv_size": [0.5, 0.5]},
								"east": {"uv": [11, 43], "uv_size": [1, 0.5]},
								"south": {"uv": [21, 45], "uv_size": [0.5, 0.5]},
								"west": {"uv": [43, 11], "uv_size": [1, 0.5]},
								"up": {"uv": [43, 12], "uv_size": [0.5, 1]},
								"down": {"uv": [43, 14], "uv_size": [0.5, -1]}
							}
						},
						{
							"origin": [-0.2417, 9.97886, 2.72339],
							"size": [0.4834, 0.4834, 0.06593],
							"uv": {
								"north": {"uv": [45, 21], "uv_size": [0.5, 0.5]},
								"east": {"uv": [41, 46], "uv_size": [0.25, 0.5]},
								"south": {"uv": [22, 45], "uv_size": [0.5, 0.5]},
								"west": {"uv": [46, 41], "uv_size": [0.25, 0.5]},
								"up": {"uv": [42, 46], "uv_size": [0.5, 0.25]},
								"down": {"uv": [46, 42.25], "uv_size": [0.5, -0.25]}
							}
						},
						{
							"origin": [-0.17578, 10.04477, 2.63549],
							"size": [0.35156, 0.35156, 0.0879],
							"uv": {
								"north": {"uv": [48, 17], "uv_size": [0.25, 0.25]},
								"east": {"uv": [18, 48], "uv_size": [0.25, 0.25]},
								"south": {"uv": [48, 18], "uv_size": [0.25, 0.25]},
								"west": {"uv": [19, 48], "uv_size": [0.25, 0.25]},
								"up": {"uv": [48, 19], "uv_size": [0.25, 0.25]},
								"down": {"uv": [20, 48.25], "uv_size": [0.25, -0.25]}
							}
						},
						{
							"origin": [-0.18238, 10.0382, 1.33912],
							"size": [0.36474, 0.36474, 0.17578],
							"uv": {
								"north": {"uv": [48, 20], "uv_size": [0.25, 0.25]},
								"east": {"uv": [21, 48], "uv_size": [0.25, 0.25]},
								"south": {"uv": [48, 21], "uv_size": [0.25, 0.25]},
								"west": {"uv": [22, 48], "uv_size": [0.25, 0.25]},
								"up": {"uv": [48, 22], "uv_size": [0.25, 0.25]},
								"down": {"uv": [23, 48.25], "uv_size": [0.25, -0.25]}
							}
						},
						{
							"origin": [-0.20874, 10.01182, 1.5149],
							"size": [0.41748, 0.41748, 0.24168],
							"uv": {
								"north": {"uv": [45, 22], "uv_size": [0.5, 0.5]},
								"east": {"uv": [43, 46], "uv_size": [0.25, 0.5]},
								"south": {"uv": [23, 45], "uv_size": [0.5, 0.5]},
								"west": {"uv": [46, 43], "uv_size": [0.25, 0.5]},
								"up": {"uv": [44, 46], "uv_size": [0.5, 0.25]},
								"down": {"uv": [46, 44.25], "uv_size": [0.5, -0.25]}
							}
						},
						{
							"origin": [-0.12085, 10.09972, 1.22924],
							"size": [0.24169, 0.2417, 0.15382],
							"uv": {
								"north": {"uv": [48, 23], "uv_size": [0.25, 0.25]},
								"east": {"uv": [24, 48], "uv_size": [0.25, 0.25]},
								"south": {"uv": [48, 24], "uv_size": [0.25, 0.25]},
								"west": {"uv": [25, 48], "uv_size": [0.25, 0.25]},
								"up": {"uv": [48, 25], "uv_size": [0.25, 0.25]},
								"down": {"uv": [26, 48.25], "uv_size": [0.25, -0.25]}
							}
						}
					]
				},
				{
					"name": "gun_and_righthand",
					"parent": "root",
					"pivot": [0, 9, 5]
				},
				{
					"name": "tec_9",
					"parent": "gun_and_righthand",
					"pivot": [0, 5, 0]
				},
				{
					"name": "tec_9_default",
					"parent": "tec_9",
					"pivot": [0, 5, 0]
				},
				{
					"name": "front",
					"parent": "tec_9_default",
					"pivot": [0, 5, 0],
					"cubes": [
						{
							"origin": [-0.4223, 9.44141, -5.31641],
							"size": [0.8446, 0.10547, 4.78125],
							"pivot": [0, 10.46094, -0.81641],
							"rotation": [0, 0, 45],
							"uv": {
								"north": {"uv": [41, 45], "uv_size": [0.75, 0.25]},
								"up": {"uv": [26, 25], "uv_size": [0.75, 4.75]},
								"down": {"uv": [27, 16.75], "uv_size": [0.75, -4.75]}
							}
						},
						{
							"origin": [-0.4223, 9.44141, -5.31641],
							"size": [0.8446, 0.10547, 4.78125],
							"uv": {
								"north": {"uv": [45, 41], "uv_size": [0.75, 0.25]},
								"up": {"uv": [14, 27], "uv_size": [0.75, 4.75]},
								"down": {"uv": [15, 31.75], "uv_size": [0.75, -4.75]}
							}
						},
						{
							"origin": [-0.4223, 11.375, -5.31641],
							"size": [0.8446, 0.10547, 4.78125],
							"pivot": [0, 10.46094, -0.81641],
							"rotation": [0, 0, 45],
							"uv": {
								"north": {"uv": [42, 45], "uv_size": [0.75, 0.25]},
								"up": {"uv": [17, 27], "uv_size": [0.75, 4.75]},
								"down": {"uv": [18, 31.75], "uv_size": [0.75, -4.75]}
							}
						},
						{
							"origin": [-0.4223, 11.375, -5.31641],
							"size": [0.8446, 0.10547, 4.78125],
							"uv": {
								"north": {"uv": [43, 45], "uv_size": [0.75, 0.25]},
								"up": {"uv": [19, 27], "uv_size": [0.75, 4.75]},
								"down": {"uv": [20, 31.75], "uv_size": [0.75, -4.75]}
							}
						},
						{
							"origin": [0.91406, 10.03863, -5.31641],
							"size": [0.10547, 0.84461, 4.78125],
							"pivot": [0, 10.46094, -0.81641],
							"rotation": [0, 0, 45],
							"uv": {
								"north": {"uv": [45, 43], "uv_size": [0.25, 0.75]},
								"east": {"uv": [27, 25], "uv_size": [4.75, 0.75]},
								"west": {"uv": [27, 26], "uv_size": [4.75, 0.75]}
							}
						},
						{
							"origin": [0.91406, 10.03863, -5.31641],
							"size": [0.10547, 0.84461, 4.78125],
							"uv": {
								"north": {"uv": [44, 45], "uv_size": [0.25, 0.75]},
								"east": {"uv": [27, 27], "uv_size": [4.75, 0.75]},
								"west": {"uv": [28, 12], "uv_size": [4.75, 0.75]}
							}
						},
						{
							"origin": [-1.01953, 10.03863, -5.31641],
							"size": [0.10547, 0.84461, 4.78125],
							"pivot": [0, 10.46094, -0.81641],
							"rotation": [0, 0, 45],
							"uv": {
								"north": {"uv": [45, 44], "uv_size": [0.25, 0.75]},
								"east": {"uv": [28, 13], "uv_size": [4.75, 0.75]},
								"west": {"uv": [28, 14], "uv_size": [4.75, 0.75]}
							}
						},
						{
							"origin": [-1.01953, 10.03863, -5.31641],
							"size": [0.10547, 0.84461, 4.78125],
							"uv": {
								"north": {"uv": [45, 45], "uv_size": [0.25, 0.75]},
								"east": {"uv": [28, 15], "uv_size": [4.75, 0.75]},
								"west": {"uv": [28, 16], "uv_size": [4.75, 0.75]}
							}
						}
					]
				},
				{
					"name": "BODY",
					"parent": "tec_9_default",
					"pivot": [-0.17678, 19.32322, -3.69161],
					"cubes": [
						{
							"origin": [-1.05469, 9.93359, -0.5],
							"size": [2.10938, 0.31641, 11.10938],
							"uv": {
								"north": {"uv": [14, 43], "uv_size": [2, 0.25]},
								"east": {"uv": [30, 7], "uv_size": [11, 0.25]},
								"south": {"uv": [43, 14], "uv_size": [2, 0.25]},
								"west": {"uv": [30, 17], "uv_size": [11, 0.25]},
								"up": {"uv": [6, 0], "uv_size": [2, 11]},
								"down": {"uv": [8, 11], "uv_size": [2, -11]}
							}
						},
						{
							"origin": [-1.16016, 10.14453, 10.04688],
							"size": [2.32031, 0.91406, 0.35156],
							"uv": {
								"east": {"uv": [45, 23], "uv_size": [0.25, 1]},
								"west": {"uv": [24, 45], "uv_size": [0.25, 1]},
								"up": {"uv": [42, 17], "uv_size": [2.25, 0.25]}
							}
						},
						{
							"origin": [-1.05469, 10.14453, 10.39844],
							"size": [2.10938, 0.91406, 0.10547],
							"uv": {
								"south": {"uv": [17, 7], "uv_size": [2, 1]},
								"up": {"uv": [43, 15], "uv_size": [2, 0.25]}
							}
						},
						{
							"origin": [0.99681, 10.14453, 10.36416],
							"size": [0.14915, 0.91406, 0.10547],
							"pivot": [1.06712, 10.60156, 10.4169],
							"rotation": [0, 45, 0],
							"uv": {
								"south": {"uv": [45, 24], "uv_size": [0.25, 1]},
								"up": {"uv": [48, 26], "uv_size": [0.25, 0.25]},
								"down": {"uv": [27, 48.25], "uv_size": [0.25, -0.25]}
							}
						},
						{
							"origin": [-1.14596, 10.14453, 10.36416],
							"size": [0.14915, 0.91406, 0.10547],
							"pivot": [-1.06712, 10.60156, 10.4169],
							"rotation": [0, -45, 0],
							"uv": {
								"south": {"uv": [25, 45], "uv_size": [0.25, 1]},
								"up": {"uv": [48, 27], "uv_size": [0.25, 0.25]},
								"down": {"uv": [28, 48.25], "uv_size": [0.25, -0.25]}
							}
						},
						{
							"origin": [-1.16016, 10.68614, 8.0044],
							"size": [2.32031, 0.21094, 2.14453],
							"pivot": [0, 10.7213, 9.6919],
							"rotation": [22.5, 0, 0],
							"uv": {
								"east": {"uv": [42, 18], "uv_size": [2.25, 0.25]},
								"west": {"uv": [42, 19], "uv_size": [2.25, 0.25]},
								"up": {"uv": [17, 8], "uv_size": [2.25, 2.25]},
								"down": {"uv": [23, 10.25], "uv_size": [2.25, -2.25]}
							}
						},
						{
							"origin": [-1.16016, 10.14453, 8.39453],
							"size": [2.32031, 0.21094, 1.65234],
							"uv": {
								"north": {"uv": [42, 20], "uv_size": [2.25, 0.25]},
								"east": {"uv": [43, 32], "uv_size": [1.75, 0.25]},
								"west": {"uv": [43, 33], "uv_size": [1.75, 0.25]}
							}
						},
						{
							"origin": [-1.16016, 10.35547, 8.88672],
							"size": [2.32031, 0.21094, 1.16016],
							"uv": {
								"east": {"uv": [37, 44], "uv_size": [1.25, 0.25]},
								"west": {"uv": [39, 44], "uv_size": [1.25, 0.25]}
							}
						},
						{
							"origin": [-1.16016, 10.56641, 9.37891],
							"size": [2.32031, 0.21094, 0.66797],
							"uv": {
								"east": {"uv": [0, 46], "uv_size": [0.75, 0.25]},
								"west": {"uv": [1, 46], "uv_size": [0.75, 0.25]}
							}
						},
						{
							"origin": [-1.16016, 10.77734, 9.90625],
							"size": [2.32031, 0.14063, 0.14063],
							"uv": {
								"east": {"uv": [48, 28], "uv_size": [0.25, 0.25]},
								"west": {"uv": [29, 48], "uv_size": [0.25, 0.25]}
							}
						},
						{
							"origin": [-1.16016, 10.79161, 7.75831],
							"size": [2.32031, 0.10547, 0.24609],
							"pivot": [0, 10.7213, 9.6919],
							"rotation": [22.5, 0, 0],
							"uv": {
								"east": {"uv": [48, 29], "uv_size": [0.25, 0.25]},
								"west": {"uv": [30, 48], "uv_size": [0.25, 0.25]},
								"up": {"uv": [27, 42], "uv_size": [2.25, 0.25]}
							}
						},
						{
							"origin": [-0.84375, 8.77344, 1.08203],
							"size": [1.6875, 1.16016, 9.52734],
							"uv": {
								"north": {"uv": [34, 2], "uv_size": [1.75, 1.25]},
								"east": {"uv": [10, 12], "uv_size": [9.5, 1.25]},
								"south": {"uv": [3, 34], "uv_size": [1.75, 1.25]},
								"west": {"uv": [10, 14], "uv_size": [9.5, 1.25]}
							}
						},
						{
							"origin": [-0.84375, 6.41797, 1.08203],
							"size": [1.6875, 2.35547, 1.89844],
							"uv": {
								"east": {"uv": [23, 15], "uv_size": [2, 2.25]},
								"west": {"uv": [16, 23], "uv_size": [2, 2.25]}
							}
						},
						{
							"origin": [-0.98437, 6.10156, 0.83594],
							"size": [1.96875, 0.31641, 2.35547],
							"uv": {
								"east": {"uv": [41, 42], "uv_size": [2.25, 0.25]},
								"west": {"uv": [0, 43], "uv_size": [2.25, 0.25]},
								"up": {"uv": [18, 23], "uv_size": [2, 2.25]},
								"down": {"uv": [23, 20.25], "uv_size": [2, -2.25]}
							}
						},
						{
							"origin": [-0.98437, 5.48913, 2.80667],
							"size": [1.96875, 0.22373, 0.22373],
							"pivot": [0, 6.25977, 2.25977],
							"rotation": [45, 0, 0],
							"uv": {
								"east": {"uv": [48, 30], "uv_size": [0.25, 0.25]},
								"south": {"uv": [17, 43], "uv_size": [2, 0.25]},
								"west": {"uv": [31, 48], "uv_size": [0.25, 0.25]},
								"down": {"uv": [19, 43.25], "uv_size": [2, -0.25]}
							}
						},
						{
							"origin": [-0.98437, 7.1547, 1.1411],
							"size": [1.96875, 0.22373, 0.22373],
							"pivot": [0, 6.25977, 2.25977],
							"rotation": [45, 0, 0],
							"uv": {
								"north": {"uv": [43, 21], "uv_size": [2, 0.25]},
								"east": {"uv": [48, 31], "uv_size": [0.25, 0.25]},
								"west": {"uv": [32, 48], "uv_size": [0.25, 0.25]},
								"up": {"uv": [43, 22], "uv_size": [2, 0.25]}
							}
						},
						{
							"origin": [-0.63281, 5.1411, 3.1547],
							"size": [1.26563, 0.22373, 0.22373],
							"pivot": [0, 6.25977, 2.25977],
							"rotation": [45, 0, 0],
							"uv": {
								"east": {"uv": [48, 32], "uv_size": [0.25, 0.25]},
								"south": {"uv": [41, 44], "uv_size": [1.25, 0.25]},
								"west": {"uv": [33, 48], "uv_size": [0.25, 0.25]},
								"down": {"uv": [44, 42.25], "uv_size": [1.25, -0.25]}
							}
						},
						{
							"origin": [-0.63281, 6.10156, 3.19141],
							"size": [1.26563, 0.31641, 0.49219],
							"uv": {
								"east": {"uv": [45, 46], "uv_size": [0.5, 0.25]},
								"west": {"uv": [46, 45], "uv_size": [0.5, 0.25]},
								"up": {"uv": [7, 42], "uv_size": [1.25, 0.5]},
								"down": {"uv": [42, 8.5], "uv_size": [1.25, -0.5]}
							}
						},
						{
							"origin": [-0.63281, 6.41797, 2.98047],
							"size": [1.26563, 2.35547, 0.21094],
							"uv": {
								"south": {"uv": [11, 30], "uv_size": [1.25, 2.25]}
							}
						},
						{
							"origin": [-0.35156, 6.41797, 3.19141],
							"size": [0.70313, 2.35547, 0.49219],
							"uv": {
								"east": {"uv": [38, 35], "uv_size": [0.5, 2.25]},
								"south": {"uv": [4, 36], "uv_size": [0.75, 2.25]},
								"west": {"uv": [38, 38], "uv_size": [0.5, 2.25]}
							}
						},
						{
							"origin": [-0.35156, 8.12475, 2.61398],
							"size": [0.70313, 0.5625, 0.38672],
							"pivot": [0, 7.36889, 3.42257],
							"rotation": [-45, 0, 0],
							"uv": {
								"east": {"uv": [45, 25], "uv_size": [0.5, 0.5]},
								"south": {"uv": [43, 35], "uv_size": [0.75, 0.5]},
								"west": {"uv": [26, 45], "uv_size": [0.5, 0.5]}
							}
						},
						{
							"origin": [0.5522, 6.41797, 0.90448],
							"size": [0.21094, 3.375, 0.29831],
							"pivot": [0.65767, 7.5957, 1.04511],
							"rotation": [0, 45, 0],
							"uv": {
								"west": {"uv": [12, 40], "uv_size": [0.25, 3.5]},
								"up": {"uv": [48, 33], "uv_size": [0.25, 0.25]},
								"down": {"uv": [34, 48.25], "uv_size": [0.25, -0.25]}
							}
						},
						{
							"origin": [-0.76314, 6.41797, 0.90448],
							"size": [0.21094, 3.375, 0.29831],
							"pivot": [-0.65767, 7.5957, 1.04511],
							"rotation": [0, -45, 0],
							"uv": {
								"east": {"uv": [13, 40], "uv_size": [0.25, 3.5]},
								"up": {"uv": [48, 34], "uv_size": [0.25, 0.25]},
								"down": {"uv": [35, 48.25], "uv_size": [0.25, -0.25]}
							}
						},
						{
							"origin": [-0.63281, 6.41797, 0.87109],
							"size": [1.26563, 3.375, 0.21094],
							"uv": {
								"north": {"uv": [22, 23], "uv_size": [1.25, 3.5]},
								"up": {"uv": [43, 44], "uv_size": [1.25, 0.25]}
							}
						},
						{
							"origin": [-0.76314, 6.41797, 2.85971],
							"size": [0.21094, 2.35547, 0.29831],
							"pivot": [-0.65767, 7.5957, 3.01739],
							"rotation": [0, 45, 0],
							"uv": {
								"east": {"uv": [16, 42], "uv_size": [0.25, 2.25]},
								"up": {"uv": [48, 35], "uv_size": [0.25, 0.25]},
								"down": {"uv": [36, 48.25], "uv_size": [0.25, -0.25]}
							}
						},
						{
							"origin": [0.5522, 6.41797, 2.85971],
							"size": [0.21094, 2.35547, 0.29831],
							"pivot": [0.65767, 7.5957, 3.01739],
							"rotation": [0, -45, 0],
							"uv": {
								"west": {"uv": [21, 42], "uv_size": [0.25, 2.25]},
								"up": {"uv": [48, 36], "uv_size": [0.25, 0.25]},
								"down": {"uv": [37, 48.25], "uv_size": [0.25, -0.25]}
							}
						},
						{
							"origin": [-0.21094, 8.49219, -0.5],
							"size": [0.42188, 1.44141, 1.6875],
							"uv": {
								"north": {"uv": [1, 41], "uv_size": [0.5, 1.5]},
								"east": {"uv": [31, 21], "uv_size": [1.75, 1.5]},
								"west": {"uv": [31, 30], "uv_size": [1.75, 1.5]},
								"down": {"uv": [40, 28.75], "uv_size": [0.5, -1.75]}
							}
						},
						{
							"origin": [-0.21094, 8.17578, -0.25391],
							"size": [0.42188, 0.59766, 1.125],
							"pivot": [0, 7.94727, 0.34375],
							"rotation": [-45, 0, 0],
							"uv": {
								"east": {"uv": [9, 42], "uv_size": [1.25, 0.5]},
								"west": {"uv": [42, 9], "uv_size": [1.25, 0.5]},
								"down": {"uv": [38, 42.25], "uv_size": [0.5, -1.25]}
							}
						},
						{
							"origin": [0.12143, 8.54496, -0.5],
							"size": [0.38672, 1.44141, 1.6875],
							"pivot": [0.2269, 9.26566, 0.34375],
							"rotation": [0, 0, 22.5],
							"uv": {
								"north": {"uv": [2, 41], "uv_size": [0.5, 1.5]},
								"east": {"uv": [3, 32], "uv_size": [1.75, 1.5]},
								"south": {"uv": [41, 4], "uv_size": [0.5, 1.5]},
								"west": {"uv": [5, 32], "uv_size": [1.75, 1.5]},
								"up": {"uv": [40, 36], "uv_size": [0.5, 1.75]}
							}
						},
						{
							"origin": [-0.50815, 8.54496, -0.5],
							"size": [0.38672, 1.44141, 1.6875],
							"pivot": [-0.2269, 9.26566, 0.34375],
							"rotation": [0, 0, -22.5],
							"uv": {
								"north": {"uv": [41, 17], "uv_size": [0.5, 1.5]},
								"east": {"uv": [14, 32], "uv_size": [1.75, 1.5]},
								"south": {"uv": [41, 19], "uv_size": [0.5, 1.5]},
								"west": {"uv": [17, 32], "uv_size": [1.75, 1.5]},
								"up": {"uv": [40, 38], "uv_size": [0.5, 1.75]}
							}
						},
						{
							"origin": [-0.49219, 8.76137, 10.60938],
							"size": [1.18325, 0.01207, 0],
							"uv": {
								"north": {"uv": [45, 0], "uv_size": [1.25, 0.25]},
								"south": {"uv": [45, 2], "uv_size": [1.25, 0.25]}
							}
						},
						{
							"origin": [-0.63281, 8.5625, 3.01563],
							"size": [1.26563, 0.21094, 7.59375],
							"uv": {
								"south": {"uv": [3, 45], "uv_size": [1.25, 0.25]},
								"down": {"uv": [19, 7.5], "uv_size": [1.25, -7.5]}
							}
						},
						{
							"origin": [0.51704, 8.63105, 2.98047],
							"size": [0.29831, 0.21094, 7.62891],
							"pivot": [0.65767, 8.73652, 6.8125],
							"rotation": [0, 0, -45],
							"uv": {
								"north": {"uv": [48, 37], "uv_size": [0.25, 0.25]},
								"south": {"uv": [38, 48], "uv_size": [0.25, 0.25]},
								"down": {"uv": [5, 41.75], "uv_size": [0.25, -7.75]}
							}
						},
						{
							"origin": [-0.81535, 8.63105, 2.98047],
							"size": [0.29831, 0.21094, 7.62891],
							"pivot": [-0.65767, 8.73652, 6.8125],
							"rotation": [0, 0, 45],
							"uv": {
								"north": {"uv": [48, 38], "uv_size": [0.25, 0.25]},
								"south": {"uv": [39, 48], "uv_size": [0.25, 0.25]},
								"down": {"uv": [6, 41.75], "uv_size": [0.25, -7.75]}
							}
						},
						{
							"origin": [-0.4223, 11.33984, 6.53125],
							"size": [0.8446, 0.14063, 3.375],
							"pivot": [0, 10.46094, -0.35937],
							"rotation": [0, 0, 45],
							"uv": {
								"north": {"uv": [46, 1], "uv_size": [0.75, 0.25]},
								"up": {"uv": [19, 32], "uv_size": [0.75, 3.5]},
								"down": {"uv": [20, 35.5], "uv_size": [0.75, -3.5]}
							}
						},
						{
							"origin": [-0.14105, 11.48047, 9.34375],
							"size": [0.2821, 0.10547, 0.49219],
							"pivot": [0, 10.46094, -0.35937],
							"rotation": [0, 0, 45],
							"uv": {
								"north": {"uv": [48, 39], "uv_size": [0.25, 0.25]},
								"east": {"uv": [46, 46], "uv_size": [0.5, 0.25]},
								"south": {"uv": [40, 48], "uv_size": [0.25, 0.25]},
								"west": {"uv": [0, 47], "uv_size": [0.5, 0.25]},
								"up": {"uv": [47, 0], "uv_size": [0.25, 0.5]}
							}
						},
						{
							"origin": [-0.07074, 11.58594, 9.34375],
							"size": [0.14148, 0.38672, 0.10547],
							"pivot": [0, 10.46094, -0.35937],
							"rotation": [0, 0, 45],
							"uv": {
								"north": {"uv": [1, 47], "uv_size": [0.25, 0.5]},
								"east": {"uv": [47, 1], "uv_size": [0.25, 0.5]},
								"south": {"uv": [2, 47], "uv_size": [0.25, 0.5]},
								"west": {"uv": [47, 2], "uv_size": [0.25, 0.5]},
								"up": {"uv": [48, 40], "uv_size": [0.25, 0.25]}
							}
						},
						{
							"origin": [-0.07074, 11.86719, 7.44531],
							"size": [0.14148, 0.10547, 1.89844],
							"pivot": [0, 10.46094, -0.35937],
							"rotation": [0, 0, 45],
							"uv": {
								"east": {"uv": [43, 23], "uv_size": [2, 0.25]},
								"west": {"uv": [43, 24], "uv_size": [2, 0.25]},
								"up": {"uv": [22, 43], "uv_size": [0.25, 2]},
								"down": {"uv": [25, 45], "uv_size": [0.25, -2]}
							}
						},
						{
							"origin": [-0.14105, 11.48047, 6.95313],
							"size": [0.2821, 0.10547, 0.49219],
							"pivot": [0, 10.46094, -0.35937],
							"rotation": [0, 0, 45],
							"uv": {
								"north": {"uv": [41, 48], "uv_size": [0.25, 0.25]},
								"east": {"uv": [3, 47], "uv_size": [0.5, 0.25]},
								"south": {"uv": [48, 41], "uv_size": [0.25, 0.25]},
								"west": {"uv": [47, 3], "uv_size": [0.5, 0.25]},
								"up": {"uv": [4, 47], "uv_size": [0.25, 0.5]}
							}
						},
						{
							"origin": [-0.4223, 11.33984, -0.25391],
							"size": [0.8446, 0.14063, 2.28516],
							"pivot": [0, 10.46094, -0.35937],
							"rotation": [0, 0, 45],
							"uv": {
								"south": {"uv": [2, 46], "uv_size": [0.75, 0.25]},
								"up": {"uv": [36, 11], "uv_size": [0.75, 2.25]},
								"down": {"uv": [14, 38.25], "uv_size": [0.75, -2.25]}
							}
						},
						{
							"origin": [-0.4223, 11.33984, -0.25391],
							"size": [0.8446, 0.14063, 10.16016],
							"uv": {
								"east": {"uv": [31, 10], "uv_size": [10.25, 0.25]},
								"up": {"uv": [22, 0], "uv_size": [0.75, 10.25]},
								"down": {"uv": [22, 21.25], "uv_size": [0.75, -10.25]}
							}
						},
						{
							"origin": [0.87891, 10.03863, -0.25391],
							"size": [0.14063, 0.84461, 10.16016],
							"uv": {
								"east": {"uv": [20, 22], "uv_size": [10.25, 0.75]},
								"west": {"uv": [23, 0], "uv_size": [10.25, 0.75]}
							}
						},
						{
							"origin": [-1.01953, 10.03863, -0.25391],
							"size": [0.14063, 0.84461, 1.44141],
							"pivot": [0, 10.46094, -0.35937],
							"rotation": [0, 0, 45],
							"uv": {
								"east": {"uv": [38, 27], "uv_size": [1.5, 0.75]},
								"south": {"uv": [3, 46], "uv_size": [0.25, 0.75]},
								"west": {"uv": [38, 28], "uv_size": [1.5, 0.75]}
							}
						},
						{
							"origin": [-1.01953, 10.03863, 3.01563],
							"size": [0.14063, 0.84461, 6.89063],
							"pivot": [0, 10.46094, -0.35937],
							"rotation": [0, 0, 45],
							"uv": {
								"north": {"uv": [46, 3], "uv_size": [0.25, 0.75]},
								"east": {"uv": [3, 23], "uv_size": [7, 0.75]},
								"west": {"uv": [23, 7], "uv_size": [7, 0.75]}
							}
						},
						{
							"origin": [-1.01953, 10.03863, -0.25391],
							"size": [0.14063, 0.84461, 10.16016],
							"uv": {
								"east": {"uv": [23, 1], "uv_size": [10.25, 0.75]},
								"west": {"uv": [23, 2], "uv_size": [10.25, 0.75]},
								"up": {"uv": [31, 32], "uv_size": [0.25, 10.25]}
							}
						},
						{
							"origin": [-1.16016, 10.03906, -0.5],
							"size": [2.32031, 0.10547, 11.10938],
							"uv": {
								"north": {"uv": [43, 1], "uv_size": [2.25, 0.25]},
								"east": {"uv": [30, 18], "uv_size": [11, 0.25]},
								"south": {"uv": [3, 43], "uv_size": [2.25, 0.25]},
								"west": {"uv": [30, 19], "uv_size": [11, 0.25]},
								"up": {"uv": [0, 0], "uv_size": [2.25, 11]},
								"down": {"uv": [3, 11], "uv_size": [2.25, -11]}
							}
						},
						{
							"origin": [1.00159, 10.12181, -0.5],
							"size": [0.14915, 0.07031, 11.10938],
							"pivot": [1.09801, 10.15696, 5.05469],
							"rotation": [0, 0, 45],
							"uv": {
								"north": {"uv": [42, 48], "uv_size": [0.25, 0.25]},
								"south": {"uv": [48, 42], "uv_size": [0.25, 0.25]},
								"up": {"uv": [24, 30], "uv_size": [0.25, 11]},
								"down": {"uv": [25, 41], "uv_size": [0.25, -11]}
							}
						},
						{
							"origin": [1.04741, 9.93661, -0.5],
							"size": [0.07031, 0.14916, 11.10938],
							"pivot": [1.08256, 10.01119, 5.05469],
							"rotation": [0, 0, 45],
							"uv": {
								"north": {"uv": [43, 48], "uv_size": [0.25, 0.25]},
								"east": {"uv": [30, 20], "uv_size": [11, 0.25]},
								"south": {"uv": [48, 43], "uv_size": [0.25, 0.25]},
								"west": {"uv": [30, 29], "uv_size": [11, 0.25]}
							}
						},
						{
							"origin": [0.83647, 9.51473, -0.5],
							"size": [0.21094, 0.43041, 11.10938],
							"pivot": [1.01225, 10.01119, 5.05469],
							"rotation": [0, 0, 45],
							"uv": {
								"north": {"uv": [47, 4], "uv_size": [0.25, 0.5]},
								"east": {"uv": [23, 3], "uv_size": [11, 0.5]},
								"south": {"uv": [5, 47], "uv_size": [0.25, 0.5]},
								"west": {"uv": [23, 4], "uv_size": [11, 0.5]},
								"down": {"uv": [26, 41], "uv_size": [0.25, -11]}
							}
						},
						{
							"origin": [-1.04741, 9.51473, -0.5],
							"size": [0.21094, 0.43041, 11.10938],
							"pivot": [-1.01225, 10.01119, 5.05469],
							"rotation": [0, 0, -45],
							"uv": {
								"north": {"uv": [47, 5], "uv_size": [0.25, 0.5]},
								"east": {"uv": [23, 5], "uv_size": [11, 0.5]},
								"south": {"uv": [6, 47], "uv_size": [0.25, 0.5]},
								"west": {"uv": [23, 6], "uv_size": [11, 0.5]},
								"down": {"uv": [30, 41], "uv_size": [0.25, -11]}
							}
						},
						{
							"origin": [-1.15074, 10.12181, -0.5],
							"size": [0.14915, 0.07031, 11.10938],
							"pivot": [-1.09801, 10.15696, 5.05469],
							"rotation": [0, 0, -45],
							"uv": {
								"north": {"uv": [44, 48], "uv_size": [0.25, 0.25]},
								"south": {"uv": [48, 44], "uv_size": [0.25, 0.25]},
								"up": {"uv": [16, 31], "uv_size": [0.25, 11]},
								"down": {"uv": [21, 42], "uv_size": [0.25, -11]}
							}
						},
						{
							"origin": [-1.11772, 9.93661, -0.5],
							"size": [0.07031, 0.14916, 11.10938],
							"pivot": [-1.08256, 10.01119, 5.05469],
							"rotation": [0, 0, -45],
							"uv": {
								"north": {"uv": [45, 48], "uv_size": [0.25, 0.25]},
								"east": {"uv": [31, 8], "uv_size": [11, 0.25]},
								"south": {"uv": [48, 45], "uv_size": [0.25, 0.25]},
								"west": {"uv": [31, 9], "uv_size": [11, 0.25]}
							}
						},
						{
							"origin": [-0.4223, 11.33984, 2.03125],
							"size": [0.2821, 0.14063, 3.9375],
							"pivot": [0, 10.46094, -0.35937],
							"rotation": [0, 0, 45],
							"uv": {
								"south": {"uv": [46, 48], "uv_size": [0.25, 0.25]},
								"west": {"uv": [39, 30], "uv_size": [4, 0.25]},
								"up": {"uv": [4, 39], "uv_size": [0.25, 4]},
								"down": {"uv": [14, 43], "uv_size": [0.25, -4]}
							}
						},
						{
							"origin": [-0.4223, 11.33984, 5.96875],
							"size": [0.14148, 0.14063, 0.5625],
							"pivot": [0, 10.46094, -0.35937],
							"rotation": [0, 0, 45],
							"uv": {
								"west": {"uv": [47, 6], "uv_size": [0.5, 0.25]},
								"up": {"uv": [7, 47], "uv_size": [0.25, 0.5]},
								"down": {"uv": [47, 7.5], "uv_size": [0.25, -0.5]}
							}
						},
						{
							"origin": [0.28082, 11.33984, 5.96875],
							"size": [0.14148, 0.14063, 0.5625],
							"pivot": [0, 10.46094, -0.35937],
							"rotation": [0, 0, 45],
							"uv": {
								"east": {"uv": [8, 47], "uv_size": [0.5, 0.25]},
								"up": {"uv": [47, 8], "uv_size": [0.25, 0.5]},
								"down": {"uv": [9, 47.5], "uv_size": [0.25, -0.5]}
							}
						},
						{
							"origin": [0.1402, 11.33984, 2.03125],
							"size": [0.2821, 0.14063, 3.9375],
							"pivot": [0, 10.46094, -0.35937],
							"rotation": [0, 0, 45],
							"uv": {
								"east": {"uv": [39, 31], "uv_size": [4, 0.25]},
								"south": {"uv": [48, 46], "uv_size": [0.25, 0.25]},
								"up": {"uv": [17, 39], "uv_size": [0.25, 4]},
								"down": {"uv": [18, 43], "uv_size": [0.25, -4]}
							}
						},
						{
							"origin": [-0.07074, 11.58594, 7.33984],
							"size": [0.14148, 0.38672, 0.10547],
							"pivot": [0, 10.46094, -0.35937],
							"rotation": [0, 0, 45],
							"uv": {
								"north": {"uv": [47, 9], "uv_size": [0.25, 0.5]},
								"east": {"uv": [10, 47], "uv_size": [0.25, 0.5]},
								"south": {"uv": [47, 10], "uv_size": [0.25, 0.5]},
								"west": {"uv": [11, 47], "uv_size": [0.25, 0.5]},
								"up": {"uv": [47, 48], "uv_size": [0.25, 0.25]}
							}
						}
					]
				},
				{
					"name": "octagon2",
					"parent": "BODY",
					"pivot": [0, 5, 0],
					"cubes": [
						{
							"origin": [-0.4223, 9.44141, -0.53516],
							"size": [0.8446, 2.03906, 0.28125],
							"pivot": [0, 10.46094, -0.35937],
							"rotation": [0, 0, 45],
							"uv": {
								"north": {"uv": [35, 21], "uv_size": [0.75, 2]},
								"south": {"uv": [35, 27], "uv_size": [0.75, 2]},
								"up": {"uv": [4, 46], "uv_size": [0.75, 0.25]},
								"down": {"uv": [5, 46.25], "uv_size": [0.75, -0.25]}
							}
						},
						{
							"origin": [-0.4223, 9.44141, -0.53516],
							"size": [0.8446, 2.03906, 0.28125],
							"uv": {
								"north": {"uv": [36, 14], "uv_size": [0.75, 2]},
								"south": {"uv": [15, 36], "uv_size": [0.75, 2]},
								"up": {"uv": [6, 46], "uv_size": [0.75, 0.25]},
								"down": {"uv": [46, 10.25], "uv_size": [0.75, -0.25]}
							}
						},
						{
							"origin": [-1.01953, 10.03863, -0.53516],
							"size": [2.03906, 0.84461, 0.28125],
							"pivot": [0, 10.46094, -0.35937],
							"rotation": [0, 0, 45],
							"uv": {
								"north": {"uv": [17, 11], "uv_size": [2, 0.75]},
								"east": {"uv": [11, 46], "uv_size": [0.25, 0.75]},
								"south": {"uv": [10, 28], "uv_size": [2, 0.75]},
								"west": {"uv": [46, 11], "uv_size": [0.25, 0.75]}
							}
						},
						{
							"origin": [-1.01953, 10.03863, -0.53516],
							"size": [2.03906, 0.84461, 0.28125],
							"uv": {
								"north": {"uv": [34, 6], "uv_size": [2, 0.75]},
								"east": {"uv": [12, 46], "uv_size": [0.25, 0.75]},
								"south": {"uv": [36, 16], "uv_size": [2, 0.75]},
								"west": {"uv": [46, 12], "uv_size": [0.25, 0.75]}
							}
						}
					]
				},
				{
					"name": "octagon3",
					"parent": "BODY",
					"pivot": [0, 5, 0],
					"cubes": [
						{
							"origin": [-0.4223, 9.44141, 9.90625],
							"size": [0.8446, 2.03906, 0.24609],
							"pivot": [0, 10.46094, 10.04688],
							"rotation": [0, 0, 45],
							"uv": {
								"north": {"uv": [17, 36], "uv_size": [0.75, 2]},
								"south": {"uv": [18, 36], "uv_size": [0.75, 2]},
								"up": {"uv": [13, 46], "uv_size": [0.75, 0.25]}
							}
						},
						{
							"origin": [-0.4223, 9.44141, 9.90625],
							"size": [0.8446, 2.03906, 0.24609],
							"uv": {
								"north": {"uv": [19, 36], "uv_size": [0.75, 2]},
								"south": {"uv": [20, 36], "uv_size": [0.75, 2]},
								"up": {"uv": [46, 13], "uv_size": [0.75, 0.25]}
							}
						},
						{
							"origin": [-1.01953, 10.03863, 9.90625],
							"size": [2.03906, 0.84461, 0.24609],
							"pivot": [0, 10.46094, 10.04688],
							"rotation": [0, 0, 45],
							"uv": {
								"north": {"uv": [36, 21], "uv_size": [2, 0.75]},
								"east": {"uv": [14, 46], "uv_size": [0.25, 0.75]},
								"south": {"uv": [36, 22], "uv_size": [2, 0.75]}
							}
						}
					]
				},
				{
					"name": "group",
					"parent": "BODY",
					"pivot": [0, 5, 0],
					"cubes": [
						{
							"origin": [-0.66797, 8.80859, -0.21875],
							"size": [1.33594, 0.84375, 0.5625],
							"uv": {
								"north": {"uv": [39, 34], "uv_size": [1.25, 0.75]},
								"east": {"uv": [36, 43], "uv_size": [0.5, 0.75]},
								"south": {"uv": [39, 35], "uv_size": [1.25, 0.75]},
								"west": {"uv": [43, 36], "uv_size": [0.5, 0.75]},
								"up": {"uv": [42, 10], "uv_size": [1.25, 0.5]}
							}
						}
					]
				},
				{
					"name": "octagon4",
					"parent": "group",
					"pivot": [0, 5, 0],
					"cubes": [
						{
							"origin": [-0.70312, 9.17222, -0.07812],
							"size": [1.40625, 0.11649, 0.28125],
							"pivot": [0, 9.23047, 0.0625],
							"rotation": [-45, 0, 0],
							"uv": {
								"north": {"uv": [37, 43], "uv_size": [1.5, 0.25]},
								"east": {"uv": [48, 47], "uv_size": [0.25, 0.25]},
								"south": {"uv": [43, 37], "uv_size": [1.5, 0.25]},
								"west": {"uv": [48, 48], "uv_size": [0.25, 0.25]}
							}
						},
						{
							"origin": [-0.70312, 9.17222, -0.07812],
							"size": [1.40625, 0.11649, 0.28125],
							"uv": {
								"north": {"uv": [43, 38], "uv_size": [1.5, 0.25]},
								"east": {"uv": [0, 49], "uv_size": [0.25, 0.25]},
								"south": {"uv": [43, 39], "uv_size": [1.5, 0.25]},
								"west": {"uv": [49, 0], "uv_size": [0.25, 0.25]}
							}
						},
						{
							"origin": [-0.70312, 9.08984, 0.00425],
							"size": [1.40625, 0.28125, 0.11649],
							"pivot": [0, 9.23047, 0.0625],
							"rotation": [-45, 0, 0],
							"uv": {
								"east": {"uv": [1, 49], "uv_size": [0.25, 0.25]},
								"west": {"uv": [49, 1], "uv_size": [0.25, 0.25]},
								"up": {"uv": [43, 40], "uv_size": [1.5, 0.25]},
								"down": {"uv": [41, 43.25], "uv_size": [1.5, -0.25]}
							}
						},
						{
							"origin": [-0.70312, 9.08984, 0.00425],
							"size": [1.40625, 0.28125, 0.11649],
							"uv": {
								"east": {"uv": [2, 49], "uv_size": [0.25, 0.25]},
								"west": {"uv": [49, 2], "uv_size": [0.25, 0.25]},
								"up": {"uv": [43, 41], "uv_size": [1.5, 0.25]},
								"down": {"uv": [43, 43.25], "uv_size": [1.5, -0.25]}
							}
						}
					]
				},
				{
					"name": "octagon5",
					"parent": "group",
					"pivot": [0, 5, 0],
					"cubes": [
						{
							"origin": [-0.66797, 8.80859, 0.20313],
							"size": [1.33594, 0.23299, 0.14063],
							"pivot": [0.5625, 8.92509, 0.0625],
							"rotation": [-45, 0, 0],
							"uv": {
								"east": {"uv": [3, 49], "uv_size": [0.25, 0.25]},
								"south": {"uv": [45, 4], "uv_size": [1.25, 0.25]},
								"west": {"uv": [49, 3], "uv_size": [0.25, 0.25]}
							}
						},
						{
							"origin": [-0.66797, 8.64384, -0.054],
							"size": [1.33594, 0.14063, 0.233],
							"pivot": [0.5625, 8.92509, 0.0625],
							"rotation": [-45, 0, 0],
							"uv": {
								"east": {"uv": [4, 49], "uv_size": [0.25, 0.25]},
								"west": {"uv": [49, 4], "uv_size": [0.25, 0.25]},
								"down": {"uv": [5, 45.25], "uv_size": [1.25, -0.25]}
							}
						},
						{
							"origin": [-0.66797, 8.64384, -0.054],
							"size": [1.33594, 0.16699, 0.233],
							"uv": {
								"east": {"uv": [5, 49], "uv_size": [0.25, 0.25]},
								"west": {"uv": [49, 5], "uv_size": [0.25, 0.25]},
								"down": {"uv": [45, 5.25], "uv_size": [1.25, -0.25]}
							}
						}
					]
				},
				{
					"name": "octagon",
					"parent": "BODY",
					"pivot": [0, 5, 0],
					"cubes": [
						{
							"origin": [-0.1165, 10.17969, 10.46875],
							"size": [0.233, 0.5625, 0.35156],
							"pivot": [0, 10.46094, 10.53906],
							"rotation": [0, 0, 45],
							"uv": {
								"north": {"uv": [47, 11], "uv_size": [0.25, 0.5]},
								"south": {"uv": [12, 47], "uv_size": [0.25, 0.5]},
								"up": {"uv": [6, 49], "uv_size": [0.25, 0.25]},
								"down": {"uv": [49, 6.25], "uv_size": [0.25, -0.25]}
							}
						},
						{
							"origin": [-0.1165, 9.33594, 10.46875],
							"size": [0.233, 1.40625, 0.35156],
							"uv": {
								"east": {"uv": [0, 44], "uv_size": [0.25, 1.5]},
								"south": {"uv": [1, 44], "uv_size": [0.25, 1.5]},
								"west": {"uv": [2, 44], "uv_size": [0.25, 1.5]},
								"up": {"uv": [7, 49], "uv_size": [0.25, 0.25]}
							}
						},
						{
							"origin": [-0.1165, 9.34977, 10.16368],
							"size": [0.233, 0.31641, 0.21094],
							"pivot": [0, 8.96305, 10.19883],
							"rotation": [-45, 0, 0],
							"uv": {
								"east": {"uv": [49, 7], "uv_size": [0.25, 0.25]},
								"south": {"uv": [8, 49], "uv_size": [0.25, 0.25]},
								"west": {"uv": [49, 8], "uv_size": [0.25, 0.25]}
							}
						},
						{
							"origin": [-0.28125, 10.34444, 10.46875],
							"size": [0.5625, 0.233, 0.35156],
							"pivot": [0, 10.46094, 10.53906],
							"rotation": [0, 0, 45],
							"uv": {
								"north": {"uv": [47, 12], "uv_size": [0.5, 0.25]},
								"east": {"uv": [9, 49], "uv_size": [0.25, 0.25]},
								"south": {"uv": [13, 47], "uv_size": [0.5, 0.25]},
								"west": {"uv": [49, 9], "uv_size": [0.25, 0.25]}
							}
						},
						{
							"origin": [-0.28125, 10.34444, 10.46875],
							"size": [0.5625, 0.233, 0.35156],
							"uv": {
								"east": {"uv": [10, 49], "uv_size": [0.25, 0.25]},
								"south": {"uv": [47, 13], "uv_size": [0.5, 0.25]},
								"west": {"uv": [49, 10], "uv_size": [0.25, 0.25]}
							}
						}
					]
				},
				{
					"name": "GRIP",
					"parent": "tec_9_default",
					"pivot": [0, 6.64637, 18.75549],
					"cubes": [
						{
							"origin": [-0.66797, 6.69922, 3.05078],
							"size": [1.33594, 0.17578, 3.9375],
							"uv": {
								"east": {"uv": [39, 32], "uv_size": [4, 0.25]},
								"west": {"uv": [39, 33], "uv_size": [4, 0.25]},
								"up": {"uv": [23, 11], "uv_size": [1.25, 4]},
								"down": {"uv": [14, 27], "uv_size": [1.25, -4]}
							}
						},
						{
							"origin": [-0.52734, 3.30664, 6.72461],
							"size": [1.05469, 5.97656, 2.42578],
							"pivot": [0, 6.78711, 7.9375],
							"rotation": [22.5, 0, 0],
							"uv": {
								"north": {"uv": [1, 23], "uv_size": [1, 6]},
								"east": {"uv": [12, 0], "uv_size": [2.5, 6]},
								"south": {"uv": [2, 23], "uv_size": [1, 6]},
								"west": {"uv": [12, 6], "uv_size": [2.5, 6]}
							}
						},
						{
							"origin": [-0.52734, 2.60352, 9.15039],
							"size": [1.05469, 3.44531, 0.28125],
							"pivot": [0, 6.78711, 7.9375],
							"rotation": [22.5, 0, 0],
							"uv": {
								"east": {"uv": [39, 40], "uv_size": [0.25, 3.5]},
								"south": {"uv": [21, 27], "uv_size": [1, 3.5]},
								"west": {"uv": [40, 40], "uv_size": [0.25, 3.5]},
								"down": {"uv": [27, 45.25], "uv_size": [1, -0.25]}
							}
						},
						{
							"origin": [-0.52678, 6.07338, 8.14284],
							"size": [1.05356, 0.77231, 0.28012],
							"pivot": [0, 7.79548, 8.2829],
							"rotation": [45, 0, 0],
							"uv": {
								"east": {"uv": [46, 14], "uv_size": [0.25, 0.75]},
								"south": {"uv": [21, 7], "uv_size": [1, 0.75]},
								"west": {"uv": [15, 46], "uv_size": [0.25, 0.75]}
							}
						},
						{
							"origin": [-0.52734, 6.79654, 8.36466],
							"size": [1.05469, 1.125, 0.70313],
							"pivot": [0, 7.74576, 10.12248],
							"rotation": [-45, 0, 0],
							"uv": {
								"east": {"uv": [23, 39], "uv_size": [0.75, 1.25]},
								"south": {"uv": [12, 38], "uv_size": [1, 1.25]},
								"west": {"uv": [36, 39], "uv_size": [0.75, 1.25]}
							}
						},
						{
							"origin": [-0.52791, 7.24874, 8.66522],
							"size": [1.05581, 0.88003, 0.31753],
							"uv": {
								"east": {"uv": [45, 27], "uv_size": [0.25, 1]},
								"south": {"uv": [19, 11], "uv_size": [1, 1]},
								"west": {"uv": [45, 28], "uv_size": [0.25, 1]}
							}
						},
						{
							"origin": [-0.73828, 3.53529, 8.73707],
							"size": [1.47656, 0.57811, 0.76237],
							"pivot": [0, 6.34779, 10.45972],
							"rotation": [22.5, 0, 0],
							"uv": {
								"east": {"uv": [44, 2], "uv_size": [0.75, 0.5]},
								"south": {"uv": [41, 1], "uv_size": [1.5, 0.5]},
								"west": {"uv": [3, 44], "uv_size": [0.75, 0.5]},
								"down": {"uv": [39, 0.75], "uv_size": [1.5, -0.75]}
							}
						},
						{
							"origin": [-0.52734, 3.09015, 7.87028],
							"size": [1.05469, 0.31641, 2.07422],
							"uv": {
								"north": {"uv": [45, 29], "uv_size": [1, 0.25]},
								"east": {"uv": [43, 25], "uv_size": [2, 0.25]},
								"west": {"uv": [26, 43], "uv_size": [2, 0.25]},
								"up": {"uv": [22, 33], "uv_size": [1, 2]},
								"down": {"uv": [34, 6], "uv_size": [1, -2]}
							}
						},
						{
							"origin": [-0.52734, 3.53529, 8.73707],
							"size": [1.05469, 0.70313, 0.77344],
							"pivot": [0, 6.34779, 10.45972],
							"rotation": [22.5, 0, 0],
							"uv": {
								"east": {"uv": [32, 27], "uv_size": [0.75, 0.75]},
								"west": {"uv": [0, 42], "uv_size": [0.75, 0.75]},
								"down": {"uv": [12, 28.75], "uv_size": [1, -0.75]}
							}
						},
						{
							"origin": [-0.73828, 3.40655, 9.17106],
							"size": [1.47656, 0.24609, 0.66797],
							"uv": {
								"east": {"uv": [46, 15], "uv_size": [0.75, 0.25]},
								"west": {"uv": [16, 46], "uv_size": [0.75, 0.25]}
							}
						},
						{
							"origin": [-0.73884, 3.05998, 6.97014],
							"size": [1.47769, 6.22378, 1.86441],
							"pivot": [0, 6.78711, 7.62109],
							"rotation": [22.5, 0, 0],
							"uv": {
								"north": {"uv": [20, 8], "uv_size": [1.5, 6.25]},
								"east": {"uv": [14, 16], "uv_size": [1.75, 6.25]},
								"south": {"uv": [20, 15], "uv_size": [1.5, 6.25]},
								"west": {"uv": [16, 16], "uv_size": [1.75, 6.25]}
							}
						},
						{
							"origin": [-0.73828, 6.79654, 7.90763],
							"size": [1.47656, 1.26563, 0.84375],
							"pivot": [0, 7.74576, 9.80607],
							"rotation": [-45, 0, 0],
							"uv": {
								"east": {"uv": [39, 36], "uv_size": [0.75, 1.25]},
								"south": {"uv": [33, 34], "uv_size": [1.5, 1.25]},
								"west": {"uv": [37, 39], "uv_size": [0.75, 1.25]}
							}
						},
						{
							"origin": [-0.73884, 3.05998, 8.83342],
							"size": [1.47769, 2.98941, 0.28238],
							"pivot": [0, 6.78711, 7.62109],
							"rotation": [22.5, 0, 0],
							"uv": {
								"east": {"uv": [23, 41], "uv_size": [0.25, 3]},
								"south": {"uv": [20, 23], "uv_size": [1.5, 3]},
								"west": {"uv": [24, 41], "uv_size": [0.25, 3]}
							}
						},
						{
							"origin": [-0.73828, 6.07282, 7.82587],
							"size": [1.47656, 0.77344, 0.28125],
							"pivot": [0, 7.79548, 7.96649],
							"rotation": [45, 0, 0],
							"uv": {
								"east": {"uv": [46, 16], "uv_size": [0.25, 0.75]},
								"south": {"uv": [39, 1], "uv_size": [1.5, 0.75]},
								"west": {"uv": [17, 46], "uv_size": [0.25, 0.75]}
							}
						},
						{
							"origin": [-0.73828, 7.2493, 8.38453],
							"size": [1.47656, 0.87891, 0.28125],
							"uv": {
								"east": {"uv": [30, 45], "uv_size": [0.25, 1]},
								"south": {"uv": [36, 23], "uv_size": [1.5, 1]},
								"west": {"uv": [45, 30], "uv_size": [0.25, 1]}
							}
						},
						{
							"origin": [-0.73828, 3.09015, 8.15153],
							"size": [1.47656, 0.31641, 1.79297],
							"uv": {
								"north": {"uv": [44, 3], "uv_size": [1.5, 0.25]},
								"east": {"uv": [34, 43], "uv_size": [1.75, 0.25]},
								"west": {"uv": [43, 34], "uv_size": [1.75, 0.25]},
								"up": {"uv": [32, 23], "uv_size": [1.5, 1.75]},
								"down": {"uv": [32, 26.75], "uv_size": [1.5, -1.75]}
							}
						}
					]
				},
				{
					"name": "sight_frame",
					"parent": "tec_9_default",
					"pivot": [0, 21.78897, -6.38002],
					"cubes": [
						{
							"origin": [-0.24652, 11.48047, 5.08984],
							"size": [0.49304, 0.14063, 4.25391],
							"uv": {
								"north": {"uv": [14, 47], "uv_size": [0.5, 0.25]},
								"east": {"uv": [39, 2], "uv_size": [4.25, 0.25]},
								"west": {"uv": [39, 3], "uv_size": [4.25, 0.25]},
								"up": {"uv": [12, 33], "uv_size": [0.5, 4.25]}
							}
						},
						{
							"origin": [-0.24652, 14.57393, 8.66499],
							"size": [0.49304, 0.21094, 0.14063],
							"pivot": [0, 11.67452, 1.29874],
							"rotation": [-22.5, 0, 0],
							"uv": {
								"north": {"uv": [47, 14], "uv_size": [0.5, 0.25]},
								"east": {"uv": [11, 49], "uv_size": [0.25, 0.25]},
								"south": {"uv": [15, 47], "uv_size": [0.5, 0.25]},
								"west": {"uv": [49, 11], "uv_size": [0.25, 0.25]},
								"up": {"uv": [47, 15], "uv_size": [0.5, 0.25]}
							}
						},
						{
							"origin": [0.10504, 14.78487, 8.66499],
							"size": [0.14148, 0.14063, 0.14063],
							"pivot": [0, 11.67452, 1.29874],
							"rotation": [-22.5, 0, 0],
							"uv": {
								"north": {"uv": [12, 49], "uv_size": [0.25, 0.25]},
								"east": {"uv": [49, 12], "uv_size": [0.25, 0.25]},
								"south": {"uv": [13, 49], "uv_size": [0.25, 0.25]},
								"west": {"uv": [49, 13], "uv_size": [0.25, 0.25]},
								"up": {"uv": [14, 49], "uv_size": [0.25, 0.25]}
							}
						},
						{
							"origin": [-0.24652, 14.78487, 8.66499],
							"size": [0.14148, 0.14063, 0.14063],
							"pivot": [0, 11.67452, 1.29874],
							"rotation": [-22.5, 0, 0],
							"uv": {
								"north": {"uv": [49, 14], "uv_size": [0.25, 0.25]},
								"east": {"uv": [15, 49], "uv_size": [0.25, 0.25]},
								"south": {"uv": [49, 15], "uv_size": [0.25, 0.25]},
								"west": {"uv": [16, 49], "uv_size": [0.25, 0.25]},
								"up": {"uv": [49, 16], "uv_size": [0.25, 0.25]}
							}
						},
						{
							"origin": [-0.24652, 11.48047, -5.07031],
							"size": [0.49304, 0.10547, 1.01953],
							"uv": {
								"north": {"uv": [16, 47], "uv_size": [0.5, 0.25]},
								"east": {"uv": [31, 45], "uv_size": [1, 0.25]},
								"south": {"uv": [47, 16], "uv_size": [0.5, 0.25]},
								"west": {"uv": [45, 31], "uv_size": [1, 0.25]},
								"up": {"uv": [43, 26], "uv_size": [0.5, 1]}
							}
						},
						{
							"origin": [-0.05316, 11.58594, -4.96484],
							"size": [0.10632, 0.10547, 0.09668],
							"uv": {
								"north": {"uv": [17, 49], "uv_size": [0.25, 0.25]},
								"east": {"uv": [49, 17], "uv_size": [0.25, 0.25]},
								"south": {"uv": [18, 49], "uv_size": [0.25, 0.25]},
								"west": {"uv": [49, 18], "uv_size": [0.25, 0.25]}
							}
						},
						{
							"origin": [-0.05316, 9.29315, -4.49452],
							"size": [0.10632, 0.1582, 0.09668],
							"pivot": [0, 11.67452, 1.29874],
							"rotation": [-22.5, 0, 0],
							"uv": {
								"north": {"uv": [19, 49], "uv_size": [0.25, 0.25]},
								"east": {"uv": [49, 19], "uv_size": [0.25, 0.25]},
								"south": {"uv": [20, 49], "uv_size": [0.25, 0.25]},
								"west": {"uv": [49, 20], "uv_size": [0.25, 0.25]}
							}
						},
						{
							"origin": [-0.05316, 11.74968, -4.9043],
							"size": [0.10632, 0.08789, 0.17578],
							"uv": {
								"east": {"uv": [21, 49], "uv_size": [0.25, 0.25]},
								"west": {"uv": [49, 21], "uv_size": [0.25, 0.25]},
								"up": {"uv": [22, 49], "uv_size": [0.25, 0.25]},
								"down": {"uv": [49, 22.25], "uv_size": [0.25, -0.25]}
							}
						},
						{
							"origin": [-0.05316, 9.43074, -4.33212],
							"size": [0.10632, 0.08789, 0.66797],
							"pivot": [0, 11.67452, 1.29874],
							"rotation": [-22.5, 0, 0],
							"uv": {
								"east": {"uv": [46, 17], "uv_size": [0.75, 0.25]},
								"west": {"uv": [18, 46], "uv_size": [0.75, 0.25]},
								"up": {"uv": [46, 18], "uv_size": [0.25, 0.75]},
								"down": {"uv": [19, 46.75], "uv_size": [0.25, -0.75]}
							}
						}
					]
				},
				{
					"name": "TRIGGER",
					"parent": "tec_9_default",
					"pivot": [0, 14.06918, 10.45152],
					"cubes": [
						{
							"origin": [-0.21094, 7.93577, 5.09878],
							"size": [0.42188, 0.63281, 0.24609],
							"uv": {
								"north": {"uv": [4, 44], "uv_size": [0.5, 0.75]},
								"east": {"uv": [46, 19], "uv_size": [0.25, 0.75]},
								"south": {"uv": [44, 4], "uv_size": [0.5, 0.75]},
								"west": {"uv": [20, 46], "uv_size": [0.25, 0.75]},
								"down": {"uv": [17, 47.25], "uv_size": [0.5, -0.25]}
							}
						},
						{
							"origin": [-0.21094, 7.65538, 4.98706],
							"size": [0.42188, 0.35156, 0.21094],
							"pivot": [0, 7.69054, 5.11011],
							"rotation": [-22.5, 0, 0],
							"uv": {
								"north": {"uv": [47, 17], "uv_size": [0.5, 0.25]},
								"east": {"uv": [23, 49], "uv_size": [0.25, 0.25]},
								"south": {"uv": [18, 47], "uv_size": [0.5, 0.25]},
								"west": {"uv": [49, 23], "uv_size": [0.25, 0.25]},
								"down": {"uv": [47, 18.25], "uv_size": [0.5, -0.25]}
							}
						},
						{
							"origin": [-0.21094, 7.52094, 4.85841],
							"size": [0.42188, 0.17578, 0.31641],
							"pivot": [0, 7.57368, 4.99903],
							"rotation": [45, 0, 0],
							"uv": {
								"north": {"uv": [19, 47], "uv_size": [0.5, 0.25]},
								"east": {"uv": [24, 49], "uv_size": [0.25, 0.25]},
								"west": {"uv": [49, 24], "uv_size": [0.25, 0.25]},
								"up": {"uv": [47, 19], "uv_size": [0.5, 0.25]},
								"down": {"uv": [20, 47.25], "uv_size": [0.5, -0.25]}
							}
						},
						{
							"origin": [-0.21094, 7.42368, 4.51765],
							"size": [0.42188, 0.14063, 0.42188],
							"pivot": [0, 7.4061, 4.81648],
							"rotation": [22.5, 0, 0],
							"uv": {
								"north": {"uv": [47, 20], "uv_size": [0.5, 0.25]},
								"east": {"uv": [21, 47], "uv_size": [0.5, 0.25]},
								"west": {"uv": [47, 21], "uv_size": [0.5, 0.25]},
								"up": {"uv": [32, 45], "uv_size": [0.5, 0.5]},
								"down": {"uv": [45, 32.5], "uv_size": [0.5, -0.5]}
							}
						}
					]
				},
				{
					"name": "BARREL",
					"parent": "tec_9_default",
					"pivot": [0, 5, 0],
					"cubes": [
						{
							"origin": [-0.16018, 10.07422, -6.08984],
							"size": [0.32037, 0.07031, 5.87109],
							"pivot": [0, 10.46094, -3.09277],
							"rotation": [0, 0, 45],
							"uv": {
								"north": {"uv": [25, 49], "uv_size": [0.25, 0.25]},
								"south": {"uv": [49, 25], "uv_size": [0.25, 0.25]},
								"up": {"uv": [36, 33], "uv_size": [0.25, 5.75]},
								"down": {"uv": [34, 41.75], "uv_size": [0.25, -5.75]}
							}
						},
						{
							"origin": [-0.16018, 10.07422, -6.08984],
							"size": [0.32037, 0.07031, 5.87109],
							"uv": {
								"north": {"uv": [26, 49], "uv_size": [0.25, 0.25]},
								"up": {"uv": [37, 0], "uv_size": [0.25, 5.75]},
								"down": {"uv": [11, 42.75], "uv_size": [0.25, -5.75]}
							}
						},
						{
							"origin": [-0.16018, 10.77734, -6.08984],
							"size": [0.32037, 0.07031, 5.87109],
							"pivot": [0, 10.46094, -3.09277],
							"rotation": [0, 0, 45],
							"uv": {
								"north": {"uv": [49, 26], "uv_size": [0.25, 0.25]},
								"south": {"uv": [27, 49], "uv_size": [0.25, 0.25]},
								"up": {"uv": [32, 37], "uv_size": [0.25, 5.75]},
								"down": {"uv": [33, 42.75], "uv_size": [0.25, -5.75]}
							}
						},
						{
							"origin": [-0.16018, 10.77734, -6.08984],
							"size": [0.32037, 0.07031, 5.87109],
							"uv": {
								"north": {"uv": [49, 27], "uv_size": [0.25, 0.25]},
								"south": {"uv": [28, 49], "uv_size": [0.25, 0.25]},
								"up": {"uv": [37, 33], "uv_size": [0.25, 5.75]},
								"down": {"uv": [35, 42.75], "uv_size": [0.25, -5.75]}
							}
						},
						{
							"origin": [0.31641, 10.30075, -6.08984],
							"size": [0.07031, 0.32037, 5.87109],
							"pivot": [0, 10.46094, -3.09277],
							"rotation": [0, 0, 45],
							"uv": {
								"north": {"uv": [49, 28], "uv_size": [0.25, 0.25]},
								"east": {"uv": [37, 6], "uv_size": [5.75, 0.25]},
								"south": {"uv": [29, 49], "uv_size": [0.25, 0.25]},
								"west": {"uv": [37, 11], "uv_size": [5.75, 0.25]}
							}
						},
						{
							"origin": [0.31641, 10.30075, -6.08984],
							"size": [0.07031, 0.32037, 5.87109],
							"uv": {
								"north": {"uv": [49, 29], "uv_size": [0.25, 0.25]},
								"east": {"uv": [37, 12], "uv_size": [5.75, 0.25]},
								"south": {"uv": [30, 49], "uv_size": [0.25, 0.25]},
								"west": {"uv": [37, 13], "uv_size": [5.75, 0.25]}
							}
						},
						{
							"origin": [-0.38672, 10.30075, -6.08984],
							"size": [0.07031, 0.32037, 5.87109],
							"pivot": [0, 10.46094, -3.09277],
							"rotation": [0, 0, 45],
							"uv": {
								"north": {"uv": [49, 30], "uv_size": [0.25, 0.25]},
								"east": {"uv": [37, 14], "uv_size": [5.75, 0.25]},
								"south": {"uv": [31, 49], "uv_size": [0.25, 0.25]},
								"west": {"uv": [37, 15], "uv_size": [5.75, 0.25]}
							}
						},
						{
							"origin": [-0.38672, 10.30075, -6.08984],
							"size": [0.07031, 0.32037, 5.87109],
							"uv": {
								"north": {"uv": [49, 31], "uv_size": [0.25, 0.25]},
								"east": {"uv": [37, 24], "uv_size": [5.75, 0.25]},
								"south": {"uv": [32, 49], "uv_size": [0.25, 0.25]},
								"west": {"uv": [37, 25], "uv_size": [5.75, 0.25]}
							}
						},
						{
							"origin": [-0.42187, 10.28619, -5.5625],
							"size": [0.84375, 0.34949, 5.0625],
							"uv": {
								"north": {"uv": [46, 20], "uv_size": [0.75, 0.25]},
								"east": {"uv": [38, 21], "uv_size": [5, 0.25]},
								"south": {"uv": [21, 46], "uv_size": [0.75, 0.25]},
								"west": {"uv": [38, 22], "uv_size": [5, 0.25]},
								"up": {"uv": [7, 24], "uv_size": [0.75, 5]},
								"down": {"uv": [8, 29], "uv_size": [0.75, -5]}
							}
						},
						{
							"origin": [-0.42187, 10.28619, -5.5625],
							"size": [0.84375, 0.34949, 5.0625],
							"pivot": [0, 10.46094, -3.09277],
							"rotation": [0, 0, 45],
							"uv": {
								"north": {"uv": [46, 21], "uv_size": [0.75, 0.25]},
								"east": {"uv": [38, 23], "uv_size": [5, 0.25]},
								"south": {"uv": [22, 46], "uv_size": [0.75, 0.25]},
								"west": {"uv": [38, 26], "uv_size": [5, 0.25]},
								"up": {"uv": [9, 24], "uv_size": [0.75, 5]},
								"down": {"uv": [25, 17], "uv_size": [0.75, -5]}
							}
						},
						{
							"origin": [-0.17475, 10.03906, -5.5625],
							"size": [0.34949, 0.84375, 5.0625],
							"uv": {
								"north": {"uv": [46, 22], "uv_size": [0.25, 0.75]},
								"east": {"uv": [25, 17], "uv_size": [5, 0.75]},
								"south": {"uv": [23, 46], "uv_size": [0.25, 0.75]},
								"west": {"uv": [25, 18], "uv_size": [5, 0.75]},
								"up": {"uv": [15, 38], "uv_size": [0.25, 5]},
								"down": {"uv": [19, 43], "uv_size": [0.25, -5]}
							}
						},
						{
							"origin": [-0.17475, 10.03906, -5.5625],
							"size": [0.34949, 0.84375, 5.0625],
							"pivot": [0, 10.46094, -3.09277],
							"rotation": [0, 0, 45],
							"uv": {
								"north": {"uv": [46, 23], "uv_size": [0.25, 0.75]},
								"east": {"uv": [25, 19], "uv_size": [5, 0.75]},
								"south": {"uv": [24, 46], "uv_size": [0.25, 0.75]},
								"west": {"uv": [25, 20], "uv_size": [5, 0.75]},
								"up": {"uv": [20, 38], "uv_size": [0.25, 5]},
								"down": {"uv": [38, 35], "uv_size": [0.25, -5]}
							}
						}
					]
				},
				{
					"name": "bolt",
					"parent": "tec_9",
					"pivot": [0, 5, 0],
					"cubes": [
						{
							"origin": [-0.37862, 9.54688, 4.5625],
							"size": [0.75724, 1.82813, 4.92188],
							"pivot": [0, 10.46094, 5.125],
							"rotation": [0, 0, 45],
							"uv": {
								"north": {"uv": [37, 26], "uv_size": [0.75, 1.75]},
								"south": {"uv": [37, 30], "uv_size": [0.75, 1.75]},
								"up": {"uv": [24, 25], "uv_size": [0.75, 5]},
								"down": {"uv": [25, 30], "uv_size": [0.75, -5]}
							}
						},
						{
							"origin": [-0.09737, 11.375, 5.44141],
							"size": [0.19474, 0.45703, 0.21094],
							"pivot": [0, 10.46094, 5.125],
							"rotation": [0, 0, 45],
							"uv": {
								"north": {"uv": [22, 47], "uv_size": [0.25, 0.5]},
								"east": {"uv": [47, 22], "uv_size": [0.25, 0.5]},
								"south": {"uv": [23, 47], "uv_size": [0.25, 0.5]},
								"west": {"uv": [47, 23], "uv_size": [0.25, 0.5]}
							}
						},
						{
							"origin": [-0.27315, 11.58594, 5.26563],
							"size": [0.5463, 0.21094, 0.5625],
							"pivot": [0, 10.46094, 5.125],
							"rotation": [0, 0, 45],
							"uv": {
								"north": {"uv": [24, 47], "uv_size": [0.5, 0.25]},
								"east": {"uv": [47, 24], "uv_size": [0.5, 0.25]},
								"south": {"uv": [25, 47], "uv_size": [0.5, 0.25]},
								"west": {"uv": [47, 25], "uv_size": [0.5, 0.25]},
								"up": {"uv": [33, 45], "uv_size": [0.5, 0.5]},
								"down": {"uv": [45, 33.5], "uv_size": [0.5, -0.5]}
							}
						},
						{
							"origin": [-0.27315, 12.35938, 5.26563],
							"size": [0.5463, 0.21094, 0.5625],
							"pivot": [0, 10.46094, 5.125],
							"rotation": [0, 0, 45],
							"uv": {
								"north": {"uv": [26, 47], "uv_size": [0.5, 0.25]},
								"east": {"uv": [47, 26], "uv_size": [0.5, 0.25]},
								"south": {"uv": [27, 47], "uv_size": [0.5, 0.25]},
								"west": {"uv": [47, 27], "uv_size": [0.5, 0.25]},
								"up": {"uv": [34, 45], "uv_size": [0.5, 0.5]},
								"down": {"uv": [45, 34.5], "uv_size": [0.5, -0.5]}
							}
						},
						{
							"origin": [-0.20284, 11.79688, 5.33594],
							"size": [0.40567, 0.5625, 0.42188],
							"pivot": [0, 10.46094, 5.125],
							"rotation": [0, 0, 45],
							"uv": {
								"north": {"uv": [35, 45], "uv_size": [0.5, 0.5]},
								"east": {"uv": [45, 35], "uv_size": [0.5, 0.5]},
								"south": {"uv": [45, 36], "uv_size": [0.5, 0.5]},
								"west": {"uv": [37, 45], "uv_size": [0.5, 0.5]},
								"up": {"uv": [45, 37], "uv_size": [0.5, 0.5]},
								"down": {"uv": [38, 45.5], "uv_size": [0.5, -0.5]}
							}
						},
						{
							"origin": [-0.37862, 9.54688, 4.5625],
							"size": [0.75724, 1.82813, 4.92188],
							"uv": {
								"north": {"uv": [38, 0], "uv_size": [0.75, 1.75]},
								"south": {"uv": [38, 2], "uv_size": [0.75, 1.75]},
								"up": {"uv": [26, 12], "uv_size": [0.75, 5]},
								"down": {"uv": [16, 31], "uv_size": [0.75, -5]}
							}
						},
						{
							"origin": [-0.91406, 10.08232, 4.5625],
							"size": [1.82813, 0.75724, 4.92188],
							"pivot": [0, 10.46094, 5.125],
							"rotation": [0, 0, 45],
							"uv": {
								"north": {"uv": [38, 4], "uv_size": [1.75, 0.75]},
								"east": {"uv": [26, 8], "uv_size": [5, 0.75]},
								"south": {"uv": [38, 5], "uv_size": [1.75, 0.75]},
								"west": {"uv": [26, 9], "uv_size": [5, 0.75]}
							}
						},
						{
							"origin": [-0.91406, 10.08232, 4.5625],
							"size": [1.82813, 0.75724, 4.92188],
							"uv": {
								"north": {"uv": [38, 16], "uv_size": [1.75, 0.75]},
								"east": {"uv": [26, 10], "uv_size": [5, 0.75]},
								"south": {"uv": [17, 38], "uv_size": [1.75, 0.75]},
								"west": {"uv": [17, 26], "uv_size": [5, 0.75]}
							}
						}
					]
				},
				{
					"name": "constraint",
					"parent": "tec_9",
					"pivot": [0, 10, -5.375]
				},
				{
					"name": "positioning2",
					"parent": "tec_9",
					"pivot": [0, 8.375, -10.25]
				},
				{
					"name": "muzzle_flash",
					"parent": "positioning2",
					"pivot": [0, 10.475, -6.15]
				},
				{
					"name": "shell",
					"parent": "positioning2",
					"pivot": [-0.75, 11, 2.075],
					"rotation": [0, 0, 5]
				},
				{
					"name": "muzzle_pos",
					"parent": "positioning2",
					"pivot": [0, 10.475, -5.65]
				},
				{
					"name": "scope_pos",
					"parent": "positioning2",
					"pivot": [0, 11.5125, 8.25]
				},
				{
					"name": "stock_pos",
					"parent": "positioning2",
					"pivot": [0, 10.15, 12.8]
				},
				{
					"name": "grip_pos",
					"parent": "positioning2",
					"pivot": [0, 8.925, -2.2375]
				},
				{
					"name": "attachment_adapter",
					"parent": "tec_9",
					"pivot": [0, 0, 0]
				},
				{
					"name": "ar_stock_adapter",
					"parent": "attachment_adapter",
					"pivot": [7.98137, 11.90871, -12.81584]
				},
				{
					"name": "bone2",
					"parent": "ar_stock_adapter",
					"pivot": [0, -1.7, -0.775],
					"cubes": [
						{
							"origin": [-1.85216, 8.86228, 10.475],
							"size": [0.77666, 1.875, 0.75],
							"pivot": [-0.37328, 8.18133, 0.36562],
							"rotation": [0, 0, 45],
							"uv": {
								"north": {"uv": [36, 24], "uv_size": [0.75, 2]},
								"south": {"uv": [36, 26], "uv_size": [0.75, 2]},
								"up": {"uv": [22, 42], "uv_size": [0.75, 0.75]},
								"down": {"uv": [30, 42.75], "uv_size": [0.75, -0.75]}
							}
						},
						{
							"origin": [-0.38833, 9.15938, 10.475],
							"size": [0.77666, 1.875, 0.75],
							"uv": {
								"south": {"uv": [36, 30], "uv_size": [0.75, 2]},
								"up": {"uv": [34, 42], "uv_size": [0.75, 0.75]},
								"down": {"uv": [36, 42.75], "uv_size": [0.75, -0.75]}
							}
						},
						{
							"origin": [-2.40133, 9.41145, 10.475],
							"size": [1.875, 0.77666, 0.75],
							"pivot": [-0.37328, 8.18133, 0.36562],
							"rotation": [0, 0, 45],
							"uv": {
								"north": {"uv": [36, 28], "uv_size": [2, 0.75]},
								"east": {"uv": [37, 42], "uv_size": [0.75, 0.75]},
								"south": {"uv": [32, 36], "uv_size": [2, 0.75]},
								"west": {"uv": [6, 43], "uv_size": [0.75, 0.75]}
							}
						},
						{
							"origin": [-0.9375, 9.70855, 10.475],
							"size": [1.875, 0.77666, 0.75],
							"uv": {
								"east": {"uv": [43, 6], "uv_size": [0.75, 0.75]},
								"south": {"uv": [36, 32], "uv_size": [2, 0.75]},
								"west": {"uv": [7, 43], "uv_size": [0.75, 0.75]}
							}
						},
						{
							"origin": [-1.7486, 9.11228, 11.225],
							"size": [0.56954, 1.375, 7.9375],
							"pivot": [-0.37328, 8.18133, 0.86562],
							"rotation": [0, 0, 45],
							"uv": {
								"south": {"uv": [25, 41], "uv_size": [0.5, 1.5]},
								"up": {"uv": [3, 24], "uv_size": [0.5, 8]},
								"down": {"uv": [4, 32], "uv_size": [0.5, -8]}
							}
						},
						{
							"origin": [-0.28477, 9.40938, 11.225],
							"size": [0.56954, 1.375, 7.9375],
							"uv": {
								"south": {"uv": [26, 41], "uv_size": [0.5, 1.5]},
								"up": {"uv": [5, 24], "uv_size": [0.5, 8]},
								"down": {"uv": [6, 32], "uv_size": [0.5, -8]}
							}
						},
						{
							"origin": [-0.28477, 8.97188, 13.225],
							"size": [0.56954, 0.4375, 5.9375],
							"uv": {
								"east": {"uv": [27, 28], "uv_size": [6, 0.5]},
								"south": {"uv": [45, 38], "uv_size": [0.5, 0.5]},
								"west": {"uv": [7, 29], "uv_size": [6, 0.5]},
								"down": {"uv": [22, 33], "uv_size": [0.5, -6]}
							}
						},
						{
							"origin": [-0.28477, 17.47973, 8.35852],
							"size": [0.56954, 0.5, 0.6875],
							"pivot": [-0.37328, 8.18133, 0.86562],
							"rotation": [-45, 0, 0],
							"uv": {
								"east": {"uv": [5, 44], "uv_size": [0.75, 0.5]},
								"west": {"uv": [44, 5], "uv_size": [0.75, 0.5]},
								"down": {"uv": [6, 44.75], "uv_size": [0.5, -0.75]}
							}
						},
						{
							"origin": [-2.15133, 9.51501, 11.225],
							"size": [1.375, 0.56954, 7.9375],
							"pivot": [-0.37328, 8.18133, 0.86562],
							"rotation": [0, 0, 45],
							"uv": {
								"east": {"uv": [23, 21], "uv_size": [8, 0.5]},
								"south": {"uv": [41, 7], "uv_size": [1.5, 0.5]},
								"west": {"uv": [24, 23], "uv_size": [8, 0.5]}
							}
						},
						{
							"origin": [-0.6875, 9.81211, 11.225],
							"size": [1.375, 0.56954, 7.9375],
							"uv": {
								"east": {"uv": [24, 24], "uv_size": [8, 0.5]},
								"south": {"uv": [27, 41], "uv_size": [1.5, 0.5]},
								"west": {"uv": [25, 11], "uv_size": [8, 0.5]}
							}
						}
					]
				},
				{
					"name": "handguard_tactical",
					"parent": "tec_9",
					"pivot": [-0.90625, 7.77566, 4.94375],
					"cubes": [
						{
							"origin": [-0.375, 9.075, -3.8375],
							"size": [0.75, 0.25, 3.25],
							"uv": {
								"north": {"uv": [46, 24], "uv_size": [0.75, 0.25]},
								"east": {"uv": [40, 16], "uv_size": [3.25, 0.25]},
								"south": {"uv": [25, 46], "uv_size": [0.75, 0.25]},
								"west": {"uv": [41, 0], "uv_size": [3.25, 0.25]},
								"up": {"uv": [32, 32], "uv_size": [0.75, 3.25]},
								"down": {"uv": [11, 36.25], "uv_size": [0.75, -3.25]}
							}
						},
						{
							"origin": [-0.1875, 8.91875, -1.4],
							"size": [0.375, 0.65, 0.375],
							"pivot": [0, 9.04375, -1.2125],
							"rotation": [0, -45, 0],
							"uv": {
								"north": {"uv": [44, 6], "uv_size": [0.5, 0.75]},
								"east": {"uv": [7, 44], "uv_size": [0.5, 0.75]},
								"south": {"uv": [44, 7], "uv_size": [0.5, 0.75]},
								"west": {"uv": [8, 44], "uv_size": [0.5, 0.75]},
								"up": {"uv": [39, 45], "uv_size": [0.5, 0.5]},
								"down": {"uv": [45, 39.5], "uv_size": [0.5, -0.5]}
							}
						},
						{
							"origin": [-0.1875, 8.91875, -3.4],
							"size": [0.375, 0.65, 0.375],
							"pivot": [0, 9.04375, -3.2125],
							"rotation": [0, -45, 0],
							"uv": {
								"north": {"uv": [44, 8], "uv_size": [0.5, 0.75]},
								"east": {"uv": [9, 44], "uv_size": [0.5, 0.75]},
								"south": {"uv": [44, 9], "uv_size": [0.5, 0.75]},
								"west": {"uv": [10, 44], "uv_size": [0.5, 0.75]},
								"up": {"uv": [40, 45], "uv_size": [0.5, 0.5]},
								"down": {"uv": [45, 40.5], "uv_size": [0.5, -0.5]}
							}
						},
						{
							"origin": [-0.61872, 9.05095, -3.8375],
							"size": [0.17678, 0.25, 1.25],
							"pivot": [0, 10.2, -0.9019],
							"rotation": [0, 0, -45],
							"uv": {
								"north": {"uv": [49, 32], "uv_size": [0.25, 0.25]},
								"south": {"uv": [33, 49], "uv_size": [0.25, 0.25]},
								"west": {"uv": [45, 6], "uv_size": [1.25, 0.25]},
								"down": {"uv": [7, 46.25], "uv_size": [0.25, -1.25]}
							}
						},
						{
							"origin": [-0.375, 8.95, -3.8375],
							"size": [0.75, 0.125, 1.25],
							"uv": {
								"north": {"uv": [46, 25], "uv_size": [0.75, 0.25]},
								"south": {"uv": [26, 46], "uv_size": [0.75, 0.25]},
								"down": {"uv": [39, 39.25], "uv_size": [0.75, -1.25]}
							}
						},
						{
							"origin": [-1.14905, 9.58128, -3.8375],
							"size": [0.25, 0.17678, 1.25],
							"pivot": [0, 10.2, -0.9019],
							"rotation": [0, 0, -45],
							"uv": {
								"north": {"uv": [49, 33], "uv_size": [0.25, 0.25]},
								"east": {"uv": [45, 7], "uv_size": [1.25, 0.25]},
								"south": {"uv": [34, 49], "uv_size": [0.25, 0.25]},
								"up": {"uv": [8, 45], "uv_size": [0.25, 1.25]}
							}
						},
						{
							"origin": [-0.61872, 9.05095, -2.3375],
							"size": [0.17678, 0.25, 0.25],
							"pivot": [0, 10.2, -0.9019],
							"rotation": [0, 0, -45],
							"uv": {
								"north": {"uv": [49, 34], "uv_size": [0.25, 0.25]},
								"south": {"uv": [35, 49], "uv_size": [0.25, 0.25]},
								"west": {"uv": [49, 35], "uv_size": [0.25, 0.25]},
								"down": {"uv": [36, 49.25], "uv_size": [0.25, -0.25]}
							}
						},
						{
							"origin": [-0.375, 8.95, -2.3375],
							"size": [0.75, 0.125, 0.25],
							"uv": {
								"north": {"uv": [46, 26], "uv_size": [0.75, 0.25]},
								"south": {"uv": [27, 46], "uv_size": [0.75, 0.25]},
								"down": {"uv": [46, 27.25], "uv_size": [0.75, -0.25]}
							}
						},
						{
							"origin": [-1.14905, 9.58128, -2.3375],
							"size": [0.25, 0.17678, 0.25],
							"pivot": [0, 10.2, -0.9019],
							"rotation": [0, 0, -45],
							"uv": {
								"north": {"uv": [49, 36], "uv_size": [0.25, 0.25]},
								"east": {"uv": [37, 49], "uv_size": [0.25, 0.25]},
								"south": {"uv": [49, 37], "uv_size": [0.25, 0.25]},
								"up": {"uv": [38, 49], "uv_size": [0.25, 0.25]}
							}
						},
						{
							"origin": [-0.61872, 9.05095, -1.8375],
							"size": [0.17678, 0.25, 1.25],
							"pivot": [0, 10.2, -0.9019],
							"rotation": [0, 0, -45],
							"uv": {
								"north": {"uv": [49, 38], "uv_size": [0.25, 0.25]},
								"south": {"uv": [39, 49], "uv_size": [0.25, 0.25]},
								"west": {"uv": [45, 8], "uv_size": [1.25, 0.25]},
								"down": {"uv": [9, 46.25], "uv_size": [0.25, -1.25]}
							}
						},
						{
							"origin": [-0.375, 8.95, -1.8375],
							"size": [0.75, 0.125, 1.25],
							"uv": {
								"north": {"uv": [28, 46], "uv_size": [0.75, 0.25]},
								"south": {"uv": [46, 28], "uv_size": [0.75, 0.25]},
								"down": {"uv": [40, 5.25], "uv_size": [0.75, -1.25]}
							}
						},
						{
							"origin": [-1.14905, 9.58128, -1.8375],
							"size": [0.25, 0.17678, 1.25],
							"pivot": [0, 10.2, -0.9019],
							"rotation": [0, 0, -45],
							"uv": {
								"north": {"uv": [49, 39], "uv_size": [0.25, 0.25]},
								"east": {"uv": [45, 9], "uv_size": [1.25, 0.25]},
								"south": {"uv": [40, 49], "uv_size": [0.25, 0.25]},
								"up": {"uv": [10, 45], "uv_size": [0.25, 1.25]}
							}
						}
					]
				},
				{
					"name": "righthand",
					"parent": "gun_and_righthand",
					"pivot": [6, 19, 0]
				},
				{
					"name": "righthand_pos",
					"parent": "righthand",
					"pivot": [0, 8, 0],
					"cubes": [
						{
							"origin": [4, 8, -2],
							"size": [4, 12, 4],
							"uv": {
								"north": {"uv": [0, 0], "uv_size": [4, 12]},
								"east": {"uv": [4, 0], "uv_size": [4, 12]},
								"south": {"uv": [8, 0], "uv_size": [4, 12]},
								"west": {"uv": [0, 12], "uv_size": [4, 12]},
								"up": {"uv": [16, 0], "uv_size": [4, 4]},
								"down": {"uv": [16, 8], "uv_size": [4, -4]}
							}
						}
					]
				},
				{
					"name": "camera",
					"pivot": [3.45, 13.9, 17.675]
				},
				{
					"name": "view",
					"pivot": [0, 0, 0]
				},
				{
					"name": "idle_view",
					"parent": "view",
					"pivot": [3.45, 13.9, 17.675]
				},
				{
					"name": "iron_view",
					"parent": "view",
					"pivot": [0, 11.80625, 12.89375]
				},
				{
					"name": "refit_extended_mag_view",
					"parent": "view",
					"pivot": [11.65, 0.7, 3],
					"rotation": [0, 90, 0]
				},
				{
					"name": "refit_view",
					"parent": "view",
					"pivot": [20.975, 6.825, 1],
					"rotation": [0, 90, 0]
				},
				{
					"name": "refit_muzzle_view",
					"parent": "view",
					"pivot": [9, 11.825, -18],
					"rotation": [0, 120, 0]
				},
				{
					"name": "refit_scope_view",
					"parent": "view",
					"pivot": [8.025, 14.675, 0.775],
					"rotation": [0, 117.5, 0]
				},
				{
					"name": "refit_grip_view",
					"parent": "view",
					"pivot": [6.8, 7.4, -2],
					"rotation": [0, 90, 0]
				},
				{
					"name": "refit_stock_view",
					"parent": "view",
					"pivot": [10, 9, 12.6],
					"rotation": [0, 90, 0]
				},
				{
					"name": "positioning",
					"pivot": [0, 0, 0]
				},
				{
					"name": "thirdperson_hand",
					"parent": "positioning",
					"pivot": [0.95, 8.025, 5.1]
				},
				{
					"name": "fixed",
					"parent": "positioning",
					"pivot": [0.95, 8.55, 3.825],
					"rotation": [0, 90, 0]
				},
				{
					"name": "ground",
					"parent": "positioning",
					"pivot": [0, -1.875, 1]
				}
			]
		}
	]
}