{
  "materials": [
    {
      "item": {
        "tag": "forge:ingots/gold"
      },
      "count": 16
    },
    {
      "item": {
        "tag": "forge:ingots/iron"
      },
      "count": 64
    },
    {
      "item": {
        "tag": "forge:gems/diamond"
      },
      "count": 6
    },
    {
      "item": {
        "tag": "forge:rods/blaze"
      },
      "count": 6
    }
  ],
  "result": {
    "type": "gun",
    "id": "classicr:ngsw_r_renewed",
    "attachments": {
      "muzzle": "classicr:xm7_silencer"
    }
  }
}