{
	"format_version": "1.8.0",
	"animations": {
		"static_idle": {
			"animation_length": 2,
			"bones": {
				"barrel_1": {
					"rotation": {
						"0.0": [0, 0, 0],
						"2.0": [0, 0, 360]
					}
				},
				"lefthand": {
					"rotation": {
						"0.0": [118.8492, 8.77489, 104.65279],
						"0.3125": [118.8492, 8.77489, 104.65279]
					},
					"position": [7, -8, -1],
					"scale": [1, 1.5, 1]
				},
				"righthand": {
					"rotation": [109.36918, -16.59607, -7.52545],
					"position": [-6, -11, 12],
					"scale": [1, 1.5, 1]
				}
			}
		},
		"draw": {
			"animation_length": 1.3,
			"bones": {
				"gun_and_righthand": {
					"rotation": {
						"0.0": [0, 0, 0],
						"0.3": [0, 0, 0]
					},
					"position": {
						"0.0": [0, 0, 0],
						"0.3": [0, 0, 0]
					}
				},
				"root": {
					"rotation": {
						"0.0": [-106.51189, -22.48392, 9.41779],
						"0.2333": [-52.59389, -13.40941, -2.66565],
						"0.3333": [-35.13359, -5.12707, 0.31771],
						"0.4333": [-12.90997, -6.50028, -7.19254],
						"0.5": [-4.36769, -5.14555, 0.4584],
						"0.5333": [-3.78864, -5.08234, -2.86114],
						"0.6333": {
							"pre": [-0.94724, -3.20987, 0.9386],
							"post": [-0.94724, -3.20987, 0.9386],
							"lerp_mode": "catmullrom"
						},
						"0.8667": {
							"post": [-1.95, -0.44, -1.31],
							"lerp_mode": "catmullrom"
						},
						"0.9333": {
							"post": [-2.0016, 0.01741, -1.49817],
							"lerp_mode": "catmullrom"
						},
						"1.0333": {
							"post": [0.3296, -0.02576, 2.32998],
							"lerp_mode": "catmullrom"
						},
						"1.1333": {
							"post": [0, 0, 2],
							"lerp_mode": "catmullrom"
						},
						"1.3": {
							"post": [0, 0, 0],
							"lerp_mode": "catmullrom"
						}
					},
					"position": {
						"0.0": [-17, -31, 15],
						"0.2": [-6.05, -11.1, 4.67],
						"0.3333": {
							"pre": [-0.5, -2.7, 1.9],
							"post": [-0.5, -2.7, 1.9],
							"lerp_mode": "catmullrom"
						},
						"0.5": {
							"post": [0.01, -3.42, -0.41],
							"lerp_mode": "catmullrom"
						},
						"0.5333": {
							"post": [-0.04, -3.95, 0.36],
							"lerp_mode": "catmullrom"
						},
						"0.6333": {
							"post": [-0.02, -3.15, 1.76],
							"lerp_mode": "catmullrom"
						},
						"0.8667": {
							"post": [0, -1.01, -0.25],
							"lerp_mode": "catmullrom"
						},
						"0.9333": {
							"post": [0, -0.6, -0.5],
							"lerp_mode": "catmullrom"
						},
						"1.0333": {
							"post": [0, -0.08, 1.26],
							"lerp_mode": "catmullrom"
						},
						"1.1": {
							"post": [0, -0.19, 0.51],
							"lerp_mode": "catmullrom"
						},
						"1.2333": {
							"post": [0, 0, 0],
							"lerp_mode": "catmullrom"
						}
					}
				},
				"lefthand": {
					"rotation": {
						"0.0": [118.8492, 8.77489, 104.65279],
						"0.3": [118.8492, 8.77489, 104.65279]
					},
					"position": {
						"0.0": [7, -8, -1],
						"0.3": {
							"pre": [7, -8, -1],
							"post": [7, -8, -1],
							"lerp_mode": "catmullrom"
						}
					},
					"scale": {
						"0.0": [1, 1.5, 1],
						"0.3": {
							"pre": [1, 1.5, 1],
							"post": [1, 1.5, 1],
							"lerp_mode": "catmullrom"
						}
					}
				},
				"righthand": {
					"rotation": [109.36918, -16.59607, -7.52545],
					"position": [-6, -11, 12],
					"scale": [1, 1.5, 1]
				},
				"camera": {
					"rotation": {
						"0.0": {
							"post": [0, 0, 0],
							"lerp_mode": "catmullrom"
						},
						"0.3": {
							"post": [-1.175, 0.325, -0.7],
							"lerp_mode": "catmullrom"
						},
						"0.5333": {
							"post": [0.88, -0.025, -0.925],
							"lerp_mode": "catmullrom"
						},
						"0.8333": {
							"post": [-0.245, 0.025, 0.175],
							"lerp_mode": "catmullrom"
						},
						"0.9333": {
							"post": [0.15, 0, -0.2],
							"lerp_mode": "catmullrom"
						},
						"1.0": {
							"post": [0.02, 0, -0.08],
							"lerp_mode": "catmullrom"
						},
						"1.0667": {
							"post": [-0.15, 0, 0.3],
							"lerp_mode": "catmullrom"
						},
						"1.1667": {
							"post": [-0.06, 0, -0.205],
							"lerp_mode": "catmullrom"
						},
						"1.2667": {
							"post": [0, 0, 0],
							"lerp_mode": "catmullrom"
						}
					}
				},
				"barrel_1": {
					"rotation": {
						"0.0": [0, 0, 0],
						"1.3": [0, 0, 360]
					}
				}
			},
			"sound_effects": {
				"0.0": {
					"effect": "tacz:m95/m95_raise_arm"
				},
				"0.3": {
					"effect": "tacz:m95/m95_raise_01"
				},
				"0.3333": {
					"effect": "tacz:m95/m95_raise_end"
				}
			}
		},
		"put_away": {
			"animation_length": 0.8667,
			"bones": {
				"barrel_1": {
					"rotation": {
						"0.0": [0, 0, 0],
						"0.8667": [0, 0, 371]
					}
				},
				"root": {
					"rotation": {
						"0.0": {
							"post": [0, 0, 0],
							"lerp_mode": "catmullrom"
						},
						"0.1667": {
							"post": [-4.53, -1.25, -1.42],
							"lerp_mode": "catmullrom"
						},
						"0.3333": {
							"post": [-27.15, -7.52, -8.53],
							"lerp_mode": "catmullrom"
						},
						"0.4333": {
							"post": [-40.73045, -11.28181, -12.80042],
							"lerp_mode": "catmullrom"
						},
						"0.5333": {
							"post": [-51.25268, -7.98916, -16.98839],
							"lerp_mode": "catmullrom"
						},
						"0.6667": {
							"post": [-59.1046, 20.10068, 0.608],
							"lerp_mode": "catmullrom"
						},
						"0.7667": {
							"post": [-67.12, 33.68, 8.77],
							"lerp_mode": "catmullrom"
						},
						"0.8667": {
							"post": [-74.38, 35.33, 10.02],
							"lerp_mode": "catmullrom"
						}
					},
					"position": {
						"0.0": {
							"post": [0, 0, 0],
							"lerp_mode": "catmullrom"
						},
						"0.1667": {
							"post": [-0.38, -0.89, 0.09],
							"lerp_mode": "catmullrom"
						},
						"0.3333": {
							"post": [-1.325, -1.5, 0.28],
							"lerp_mode": "catmullrom"
						},
						"0.4333": {
							"post": [-1.95, -2.9, 1.95],
							"lerp_mode": "catmullrom"
						},
						"0.5333": {
							"post": [-2.2, -4.555, 4.37],
							"lerp_mode": "catmullrom"
						},
						"0.7": {
							"post": [-4.7, -8.48, 7.94],
							"lerp_mode": "catmullrom"
						},
						"0.8667": {
							"post": [-7.59, -13.82, 14.07],
							"lerp_mode": "catmullrom"
						},
						"0.9667": {
							"post": [-7.59, -20.82, 14.07],
							"lerp_mode": "catmullrom"
						}
					}
				},
				"lefthand": {
					"rotation": [118.8492, 8.77489, 104.65279],
					"position": [7, -8, -1],
					"scale": [1, 1.5, 1]
				},
				"righthand": {
					"rotation": {
						"0.0": [109.36918, -16.59607, -7.52545],
						"0.1": [109.36918, -16.59607, -7.52545],
						"0.3": [73.49988, -16.9416, 2.90115],
						"0.4667": [73.49988, -16.9416, 2.90115],
						"0.5667": [73.49988, -16.9416, 2.90115],
						"0.6667": [73.49988, -16.9416, 2.90115],
						"0.8667": [73.49988, -16.9416, 2.90115]
					},
					"position": {
						"0.0": [-6, -11, 12],
						"0.1": [-8.4, -12.425, 8],
						"0.3": [-9.38656, -8.07425, 7.05538],
						"0.3667": [-4.83735, -3.87436, 7.75939],
						"0.4667": [-2.14866, -7.06411, 1.38744],
						"0.5667": [-2.36662, -9.54845, -4.43353],
						"0.6667": [-3.50353, -7.0548, -5.75069],
						"0.8667": [-3.34854, -8.15579, -8.65617]
					},
					"scale": [1, 1.5, 1]
				},
				"camera": {
					"rotation": {
						"0.0": {
							"post": [0, 0, 0],
							"lerp_mode": "catmullrom"
						},
						"0.1333": {
							"post": [-0.225, 0, -0.125],
							"lerp_mode": "catmullrom"
						},
						"0.3667": {
							"post": [0.725, 0, 0.175],
							"lerp_mode": "catmullrom"
						},
						"0.5": {
							"post": [1.125, 0, 1.575],
							"lerp_mode": "catmullrom"
						},
						"0.7333": {
							"post": [0.275, 0, 1.5],
							"lerp_mode": "catmullrom"
						},
						"0.8667": {
							"post": [0, 0, 0],
							"lerp_mode": "catmullrom"
						}
					}
				}
			},
			"sound_effects": {
				"0.0": {
					"effect": "tacz:m95/m95_put_away"
				}
			}
		},
		"inspect_empty": {
			"animation_length": 7.2,
			"bones": {
				"root": {
					"rotation": {
						"0.0": {
							"post": [0, 0, 0],
							"lerp_mode": "catmullrom"
						},
						"0.1667": {
							"post": [-1.38509, -1.24434, 4.29497],
							"lerp_mode": "catmullrom"
						},
						"0.2667": {
							"post": [-1.39, -1.24, 4.29],
							"lerp_mode": "catmullrom"
						},
						"0.4": {
							"post": [-3.91, -4.41, -2.02],
							"lerp_mode": "catmullrom"
						},
						"0.6667": {
							"post": [-10.80252, -12.68944, -19.80615],
							"lerp_mode": "catmullrom"
						},
						"0.8667": {
							"post": [-11.67934, -12.73253, -20.88586],
							"lerp_mode": "catmullrom"
						},
						"1.0": {
							"post": [-10.42561, -13.0448, -21.82949],
							"lerp_mode": "catmullrom"
						},
						"1.2": {
							"post": [-10.56428, -12.85979, -20.82188],
							"lerp_mode": "catmullrom"
						},
						"1.8667": {
							"post": [-10.39, -12.99, -21.57],
							"lerp_mode": "catmullrom"
						},
						"2.0333": {
							"post": [-10.9146, -13.35759, -23.13092],
							"lerp_mode": "catmullrom"
						},
						"2.3": {
							"post": [-10.25634, -13.50926, -24.0715],
							"lerp_mode": "catmullrom"
						},
						"2.6667": {
							"post": [-10.31, -13.4275, -24.0075],
							"lerp_mode": "catmullrom"
						},
						"2.7667": {
							"post": [-10.01823, -12.01652, -22.39677],
							"lerp_mode": "catmullrom"
						},
						"3.0": {
							"post": [-6.0733, -2.55567, -8.68449],
							"lerp_mode": "catmullrom"
						},
						"3.1667": {
							"post": [-3.30816, -6.55161, -3.15758],
							"lerp_mode": "catmullrom"
						},
						"3.3": {
							"post": [-11.99539, -6.2465, 14.78107],
							"lerp_mode": "catmullrom"
						},
						"3.4": {
							"post": [-24.07317, -0.97391, 28.22222],
							"lerp_mode": "catmullrom"
						},
						"3.6": {
							"post": [-32.28365, 5.59754, 44.62545],
							"lerp_mode": "catmullrom"
						},
						"3.7": {
							"post": [-32.44664, 5.36815, 46.1821],
							"lerp_mode": "catmullrom"
						},
						"3.7667": {
							"post": [-31.38661, 6.16105, 47.33802],
							"lerp_mode": "catmullrom"
						},
						"3.9": {
							"post": [-31.60382, 7.93459, 52.29084],
							"lerp_mode": "catmullrom"
						},
						"4.7333": {
							"post": [-32.04707, 7.50249, 48.73097],
							"lerp_mode": "catmullrom"
						},
						"5.0667": [-32.4996, 5.69075, 45.69734],
						"5.3667": [-32.4996, 5.69075, 38.09734],
						"6.3": [-2.77467, -6.47288, 5.91111],
						"6.3667": [-1.20016, -5.6579, 3.74312],
						"6.5": {
							"pre": [1.76605, -3.2563, 4.9369],
							"post": [1.76605, -3.2563, 4.9369],
							"lerp_mode": "catmullrom"
						},
						"6.5667": {
							"post": [1.78811, -2.65564, 4.66491],
							"lerp_mode": "catmullrom"
						},
						"6.6667": {
							"post": [0.8, -0.92, 3.05],
							"lerp_mode": "catmullrom"
						},
						"6.7333": {
							"post": [-0.30298, 0.34027, -1.56498],
							"lerp_mode": "catmullrom"
						},
						"6.8667": {
							"post": [0.2321, 0.0577, 2.25602],
							"lerp_mode": "catmullrom"
						},
						"7.0667": {
							"post": [0, 0, 0],
							"lerp_mode": "catmullrom"
						}
					},
					"position": {
						"0.0": {
							"post": [0, 0, 0],
							"lerp_mode": "catmullrom"
						},
						"0.1667": {
							"post": [-0.2, -0.31, 0],
							"lerp_mode": "catmullrom"
						},
						"0.3": {
							"post": [-0.2, -0.81, 0],
							"lerp_mode": "catmullrom"
						},
						"0.4": {
							"post": [-0.18, -0.4, 0],
							"lerp_mode": "catmullrom"
						},
						"0.5": {
							"post": [-0.14, 0.42, 0],
							"lerp_mode": "catmullrom"
						},
						"0.6667": {
							"post": [0, 2.8, 0],
							"lerp_mode": "catmullrom"
						},
						"0.7667": {
							"post": [0, 3.3, 0],
							"lerp_mode": "catmullrom"
						},
						"0.9667": {
							"post": [0, 3, 0],
							"lerp_mode": "catmullrom"
						},
						"1.2667": {
							"post": [0, 3.1, 0],
							"lerp_mode": "catmullrom"
						},
						"1.8667": {
							"post": [0, 3.17, 0],
							"lerp_mode": "catmullrom"
						},
						"2.0": {
							"post": [-0.1, 3.37, 0],
							"lerp_mode": "catmullrom"
						},
						"2.6": {
							"post": [-0.14, 3.53, -0.02],
							"lerp_mode": "catmullrom"
						},
						"2.7667": {
							"post": [-0.1, 3.345, 0],
							"lerp_mode": "catmullrom"
						},
						"2.8667": {
							"post": [0.4, 2.38, 0.23],
							"lerp_mode": "catmullrom"
						},
						"3.0": {
							"post": [1.875, -0.58, -0.855],
							"lerp_mode": "catmullrom"
						},
						"3.1667": {
							"post": [3.25, -1.13, -1.83],
							"lerp_mode": "catmullrom"
						},
						"3.4": {
							"post": [5.905, 3.385, -3.895],
							"lerp_mode": "catmullrom"
						},
						"3.5": {
							"post": [7.58, 4.975, -5.215],
							"lerp_mode": "catmullrom"
						},
						"3.6": {
							"post": [8.74, 4.71, -5.795],
							"lerp_mode": "catmullrom"
						},
						"3.7": {
							"post": [8.8, 3.5, -6.125],
							"lerp_mode": "catmullrom"
						},
						"3.8333": {
							"post": [8.8, 3.4, -6.4],
							"lerp_mode": "catmullrom"
						},
						"3.9667": {
							"post": [8.925, 3.975, -6.65],
							"lerp_mode": "catmullrom"
						},
						"4.8333": {
							"post": [8.585, 3.88125, -6.685],
							"lerp_mode": "catmullrom"
						},
						"5.0667": {
							"post": [8.6, 3.875, -6.65],
							"lerp_mode": "catmullrom"
						},
						"5.3333": {
							"post": [8.8, 3.675, -6.65],
							"lerp_mode": "catmullrom"
						},
						"5.5333": {
							"post": [8.55, 3.52, -6.645],
							"lerp_mode": "catmullrom"
						},
						"5.7333": {
							"post": [8.55, 3.55, -6.65],
							"lerp_mode": "catmullrom"
						},
						"5.8667": {
							"post": [7.93, 2.62, -6.015],
							"lerp_mode": "catmullrom"
						},
						"6.0333": {
							"post": [5.525, -1.04, -4.065],
							"lerp_mode": "catmullrom"
						},
						"6.1667": {
							"post": [3.235, -5.1, -4.215],
							"lerp_mode": "catmullrom"
						},
						"6.3333": {
							"post": [2.36, -4.48, -4.4],
							"lerp_mode": "catmullrom"
						},
						"6.5": {
							"post": [1.305, -1.125, -4.24],
							"lerp_mode": "catmullrom"
						},
						"6.6333": {
							"post": [0.79, 0.215, -2.5],
							"lerp_mode": "catmullrom"
						},
						"6.8": {
							"post": [0.125, -0.575, 0.275],
							"lerp_mode": "catmullrom"
						},
						"6.9": {
							"post": [0, -0.32875, -0.44],
							"lerp_mode": "catmullrom"
						},
						"7.0333": {
							"post": [0, -0.02, 0.17],
							"lerp_mode": "catmullrom"
						},
						"7.2": {
							"post": [0, 0, 0],
							"lerp_mode": "catmullrom"
						}
					}
				},
				"lefthand": {
					"rotation": {
						"0.0": [118.8492, 8.77489, 104.65279],
						"0.1": [118.8492, 8.77489, 104.65279],
						"0.2": [118.8492, 8.77489, 104.65279],
						"2.7667": [118.8492, 8.77489, 104.65279],
						"2.9667": [120.04898, 42.18993, 80.591],
						"3.2667": [120.04898, -7.81007, 73.591],
						"6.0": [120.04898, -7.81007, 73.591],
						"6.3": [118.8492, 8.77489, 104.65279]
					},
					"position": {
						"0.0": [7, -8, -1],
						"0.0667": [6.925, -8, -0.5],
						"0.1667": [7, -8, -0.6],
						"2.7333": [7, -8, -0.6],
						"2.9333": [8, -6, -1.275],
						"5.9667": [7.895, -6.2, -1.275],
						"6.1333": [7, -8, -1],
						"6.2667": [7, -8, -1]
					},
					"scale": [1, 1.5, 1]
				},
				"m95_bolt": {
					"position": {
						"4.3": [0, 0, 0],
						"4.3667": [0, 0, 4.15],
						"4.4333": [0, 0, 4.5],
						"4.5667": [0, 0, 4.3],
						"4.7667": [0, 0, 4.15],
						"5.1": [0, 0, 4.175],
						"5.2": [0, 0, 0]
					}
				},
				"rotate": {
					"rotation": {
						"4.1667": [0, 0, 0],
						"4.2667": [0, 0, 50],
						"5.3": [0, 0, 50],
						"5.3667": [0, 0, 0]
					}
				},
				"righthand": {
					"rotation": {
						"0.0": [109.36918, -16.59607, -7.52545],
						"0.1333": [109.36918, -16.59607, -7.52545],
						"3.3": [109.36918, -16.59607, -7.52545],
						"3.5667": [108.599, -4.77074, -3.39471],
						"3.9333": [108.599, -4.77074, -3.39471],
						"5.7333": [108.599, -4.77074, -3.39471],
						"6.0667": [109.36918, -16.59607, -7.52545],
						"6.3": [109.36918, -16.59607, -7.52545]
					},
					"position": {
						"0.0": [-6, -11, 12],
						"0.1333": [-6, -11, 12],
						"3.3": [-6, -11, 12],
						"3.9333": [-6, -11, 12],
						"5.7333": [-6, -11, 12],
						"6.0667": [-6, -11, 12],
						"6.3": [-6, -11, 12]
					},
					"scale": [1, 1.5, 1]
				},
				"l3": {
					"rotation": {
						"0.6": [0, 0, 0],
						"0.7333": [-3, 0, 0],
						"0.8667": [0, 0, 0],
						"1.0": [-2, 0, 0],
						"3.4333": [-2, 0, 0],
						"3.5667": [0, 0, 0],
						"3.7": [-2, 0, 0],
						"3.8333": [-0.75, 0, 0],
						"3.9333": [4.375, 0, 0],
						"4.1": [-1.025, 0, 0],
						"4.2333": [2.25, 0, 0],
						"4.3667": [1.25, 0, 0],
						"4.5667": [2.25, 0, 0],
						"4.7667": [0.25, 0, 0],
						"4.9333": [1.25, 0, 0],
						"5.1": [2.25, 0, 0],
						"5.2": [2.25, 0, 0],
						"5.3667": [-0.425, 0, 0],
						"5.5": [3.95, 0, 0],
						"5.6333": [0.6, 0, 0],
						"5.8": [1.75, 0, 0],
						"5.9333": [0, 0, 0],
						"6.1667": [0, 0, 0],
						"6.3": [-3, 0, 0],
						"6.4333": [-2, 0, 0],
						"6.5667": [0, 0, 0],
						"6.7333": [-1, 0, 0],
						"6.8667": [0, 0, 0]
					}
				},
				"bullet": {
					"scale": 0
				},
				"camera": {
					"rotation": {
						"0.0": {
							"post": [0, 0, 0],
							"lerp_mode": "catmullrom"
						},
						"0.2667": {
							"post": [0.55, 0, 0],
							"lerp_mode": "catmullrom"
						},
						"0.6667": {
							"post": [-2.425, -0.25, -0.85],
							"lerp_mode": "catmullrom"
						},
						"0.8": {
							"post": [-2.21, -0.31, -0.65],
							"lerp_mode": "catmullrom"
						},
						"1.0": {
							"post": [-2.895, -0.38, -0.86],
							"lerp_mode": "catmullrom"
						},
						"1.3667": {
							"post": [-2.455, -0.25, -0.85],
							"lerp_mode": "catmullrom"
						},
						"1.7333": {
							"post": [4.925, 3.15, -1.425],
							"lerp_mode": "catmullrom"
						},
						"2.1": {
							"post": [6.075, 3.65, -1.425],
							"lerp_mode": "catmullrom"
						},
						"2.7333": {
							"post": [6.075, 3.85, -1.35],
							"lerp_mode": "catmullrom"
						},
						"3.1333": {
							"post": [1.525, 0, 0],
							"lerp_mode": "catmullrom"
						},
						"3.4": {
							"post": [0.955, -1.9, 1.35],
							"lerp_mode": "catmullrom"
						},
						"3.6333": {
							"post": [1.64, -1.97, 1.74],
							"lerp_mode": "catmullrom"
						},
						"3.7333": {
							"post": [2.11, -1.9, 2.025],
							"lerp_mode": "catmullrom"
						},
						"3.8667": {
							"post": [1.665, -1.83, 1.515],
							"lerp_mode": "catmullrom"
						},
						"4.0667": {
							"post": [2.14, -1.975, 1.85],
							"lerp_mode": "catmullrom"
						},
						"4.2333": {
							"post": [3.62, -2.97, 2.02],
							"lerp_mode": "catmullrom"
						},
						"4.3333": {
							"post": [4.83, -3.62, 1.54],
							"lerp_mode": "catmullrom"
						},
						"4.4333": {
							"post": [5.35, -3.96, 1.625],
							"lerp_mode": "catmullrom"
						},
						"4.5667": {
							"post": [5.36, -3.99, 1.685],
							"lerp_mode": "catmullrom"
						},
						"4.7333": {
							"post": [5.21, -4.01, 1.52],
							"lerp_mode": "catmullrom"
						},
						"4.9333": {
							"post": [5.24, -4.05, 1.775],
							"lerp_mode": "catmullrom"
						},
						"5.1667": {
							"post": [5.35, -4.09, 1.76],
							"lerp_mode": "catmullrom"
						},
						"5.2667": {
							"post": [5.41, -4.11, 1.88],
							"lerp_mode": "catmullrom"
						},
						"5.3667": {
							"post": [5.475, -4.13, 1.715],
							"lerp_mode": "catmullrom"
						},
						"5.4667": {
							"post": [4.405, -4.01, 1.565],
							"lerp_mode": "catmullrom"
						},
						"5.6": {
							"post": [2.415, -3.88, 1.75],
							"lerp_mode": "catmullrom"
						},
						"5.7667": {
							"post": [1.46, -3.3, 1.675],
							"lerp_mode": "catmullrom"
						},
						"6.1": {
							"post": [1.11, 0, 0],
							"lerp_mode": "catmullrom"
						},
						"6.4": {
							"post": [-1.3, 0, -0.775],
							"lerp_mode": "catmullrom"
						},
						"6.6333": {
							"post": [-1.3, 0, 0],
							"lerp_mode": "catmullrom"
						},
						"6.7667": {
							"post": [-0.15, 0, 0.15],
							"lerp_mode": "catmullrom"
						},
						"6.8667": {
							"post": [0.48, 0, 0.6],
							"lerp_mode": "catmullrom"
						},
						"7.0": {
							"post": [-0.22, 0, -0.525],
							"lerp_mode": "catmullrom"
						},
						"7.1667": {
							"post": [0, 0, 0],
							"lerp_mode": "catmullrom"
						}
					}
				}
			}
		},
		"shoot": {
			"loop": true,
			"animation_length": 0.8,
			"bones": {
				"root": {
					"rotation": {
						"0.0": {
							"post": [0, 0, 0],
							"lerp_mode": "catmullrom"
						},
						"0.0167": {
							"post": [1.43203, 0, -1.63828],
							"lerp_mode": "catmullrom"
						},
						"0.0333": {
							"post": [-1.99297, 0, 1.55703],
							"lerp_mode": "catmullrom"
						},
						"0.1": {
							"post": [-2.28203, 0, -0.76719],
							"lerp_mode": "catmullrom"
						},
						"0.1667": {
							"post": [-2.17265, 0, 0.825],
							"lerp_mode": "catmullrom"
						},
						"0.3": {
							"post": [-0.09766, 0, 0.50938],
							"lerp_mode": "catmullrom"
						},
						"0.3667": {
							"post": [0.2275, 0.05859, 0.10891],
							"lerp_mode": "catmullrom"
						},
						"0.4333": {
							"post": [-0.11328, 0.11328, 0],
							"lerp_mode": "catmullrom"
						},
						"0.55": {
							"post": [-0.0625, -0.05859, 0],
							"lerp_mode": "catmullrom"
						},
						"0.6833": {
							"post": [0, 0, 0],
							"lerp_mode": "catmullrom"
						}
					},
					"position": {
						"0.0": {
							"post": [0, 0, 0],
							"lerp_mode": "catmullrom"
						},
						"0.0167": {
							"post": [0, -0.22656, 1.95156],
							"lerp_mode": "catmullrom"
						},
						"0.0833": {
							"post": [0, -0.28516, 1.58844],
							"lerp_mode": "catmullrom"
						},
						"0.15": {
							"post": [0, -0.28516, 0.08828],
							"lerp_mode": "catmullrom"
						},
						"0.2": {
							"post": [0, 0, -0.40391],
							"lerp_mode": "catmullrom"
						},
						"0.25": {
							"post": [0, 0, -0.36719],
							"lerp_mode": "catmullrom"
						},
						"0.3167": {
							"post": [0, 0, 0.05469],
							"lerp_mode": "catmullrom"
						},
						"0.3667": {
							"post": [0, 0, 0.19922],
							"lerp_mode": "catmullrom"
						},
						"0.4333": {
							"post": [0, -0.10547, 0],
							"lerp_mode": "catmullrom"
						},
						"0.5": {
							"post": [0, -0.10547, -0.08031],
							"lerp_mode": "catmullrom"
						},
						"0.6": {
							"post": [0, -0.03516, -0.07031],
							"lerp_mode": "catmullrom"
						},
						"0.7333": {
							"post": [0, 0, 0],
							"lerp_mode": "catmullrom"
						}
					}
				},
				"bolt": {
					"position": {
						"0.0": [0, 0, 0],
						"0.0333": [0, 0, 3.995],
						"0.1": [0, 0, 0]
					}
				},
				"charge_handle": {
					"position": {
						"0.0": [0, 0, 0],
						"0.0333": [0, 0, 0.5],
						"0.0833": [0, 0, 0]
					}
				},
				"charge_l": {
					"rotation": {
						"0.0167": [0, 0, 0],
						"0.0667": [0, -17, 0],
						"0.1167": [0, 0, 0],
						"0.1833": [0, 0, 0],
						"0.25": [0, -8, 0],
						"0.3167": [0, 0, 0]
					}
				},
				"charge_r": {
					"rotation": {
						"0.0": [0, 0, 0],
						"0.05": [0, 10.65, 0],
						"0.1": [0, 0, 0],
						"0.1667": [0, 0, 0],
						"0.2333": [0, 7.05, 0],
						"0.3": [0, 0, 0]
					}
				},
				"camera": {
					"rotation": {
						"0.0": [0, 0, 0],
						"0.0167": [0, 0, 0.85],
						"0.05": [0, 0, -0.575],
						"0.0833": [0, 0, 0.395],
						"0.1167": [0, 0, -0.38],
						"0.15": [0, 0, 0.17],
						"0.1833": [0, 0, 0]
					}
				},
				"barrel_1": {
					"rotation": {
						"0.0": [0, 0, 0],
						"0.8": [0, 0, 720]
					}
				}
			}
		},
		"inspect": {
			"animation_length": 7.2,
			"bones": {
				"root": {
					"rotation": {
						"0.0": {
							"post": [0, 0, 0],
							"lerp_mode": "catmullrom"
						},
						"0.1667": {
							"post": [-1.38509, -1.24434, 4.29497],
							"lerp_mode": "catmullrom"
						},
						"0.2667": {
							"post": [-1.39, -1.24, 4.29],
							"lerp_mode": "catmullrom"
						},
						"0.4": {
							"post": [-3.91, -4.41, -2.02],
							"lerp_mode": "catmullrom"
						},
						"0.6667": {
							"post": [-10.80252, -12.68944, -19.80615],
							"lerp_mode": "catmullrom"
						},
						"0.8667": {
							"post": [-11.67934, -12.73253, -20.88586],
							"lerp_mode": "catmullrom"
						},
						"1.0": {
							"post": [-10.42561, -13.0448, -21.82949],
							"lerp_mode": "catmullrom"
						},
						"1.2": {
							"post": [-10.56428, -12.85979, -20.82188],
							"lerp_mode": "catmullrom"
						},
						"1.8667": {
							"post": [-10.39, -12.99, -21.57],
							"lerp_mode": "catmullrom"
						},
						"2.0333": {
							"post": [-10.9146, -13.35759, -23.13092],
							"lerp_mode": "catmullrom"
						},
						"2.3": {
							"post": [-10.25634, -13.50926, -24.0715],
							"lerp_mode": "catmullrom"
						},
						"2.6667": {
							"post": [-10.31, -13.4275, -24.0075],
							"lerp_mode": "catmullrom"
						},
						"2.7667": {
							"post": [-10.01823, -12.01652, -22.39677],
							"lerp_mode": "catmullrom"
						},
						"3.0": {
							"post": [-6.0733, -2.55567, -8.68449],
							"lerp_mode": "catmullrom"
						},
						"3.1667": {
							"post": [-3.30816, -6.55161, -3.15758],
							"lerp_mode": "catmullrom"
						},
						"3.3": {
							"post": [-11.99539, -6.2465, 14.78107],
							"lerp_mode": "catmullrom"
						},
						"3.4": {
							"post": [-24.07317, -0.97391, 28.22222],
							"lerp_mode": "catmullrom"
						},
						"3.6": {
							"post": [-32.28365, 5.59754, 44.62545],
							"lerp_mode": "catmullrom"
						},
						"3.7": {
							"post": [-32.44664, 5.36815, 46.1821],
							"lerp_mode": "catmullrom"
						},
						"3.7667": {
							"post": [-31.38661, 6.16105, 47.33802],
							"lerp_mode": "catmullrom"
						},
						"3.9": {
							"post": [-31.60382, 7.93459, 52.29084],
							"lerp_mode": "catmullrom"
						},
						"4.7333": {
							"post": [-32.04707, 7.50249, 48.73097],
							"lerp_mode": "catmullrom"
						},
						"5.0667": [-32.4996, 5.69075, 45.69734],
						"5.3667": [-32.4996, 5.69075, 38.09734],
						"6.3": [-2.77467, -6.47288, 5.91111],
						"6.3667": [-1.20016, -5.6579, 3.74312],
						"6.5": {
							"pre": [1.76605, -3.2563, 4.9369],
							"post": [1.76605, -3.2563, 4.9369],
							"lerp_mode": "catmullrom"
						},
						"6.5667": {
							"post": [1.78811, -2.65564, 4.66491],
							"lerp_mode": "catmullrom"
						},
						"6.6667": {
							"post": [0.8, -0.92, 3.05],
							"lerp_mode": "catmullrom"
						},
						"6.7333": {
							"post": [-0.30298, 0.34027, -1.56498],
							"lerp_mode": "catmullrom"
						},
						"6.8667": {
							"post": [0.2321, 0.0577, 2.25602],
							"lerp_mode": "catmullrom"
						},
						"7.0667": {
							"post": [0, 0, 0],
							"lerp_mode": "catmullrom"
						}
					},
					"position": {
						"0.0": {
							"post": [0, 0, 0],
							"lerp_mode": "catmullrom"
						},
						"0.1667": {
							"post": [-0.2, -0.31, 0],
							"lerp_mode": "catmullrom"
						},
						"0.3": {
							"post": [-0.2, -0.81, 0],
							"lerp_mode": "catmullrom"
						},
						"0.4": {
							"post": [-0.18, -0.4, 0],
							"lerp_mode": "catmullrom"
						},
						"0.5": {
							"post": [-0.14, 0.42, 0],
							"lerp_mode": "catmullrom"
						},
						"0.6667": {
							"post": [0, 2.8, 0],
							"lerp_mode": "catmullrom"
						},
						"0.7667": {
							"post": [0, 3.3, 0],
							"lerp_mode": "catmullrom"
						},
						"0.9667": {
							"post": [0, 3, 0],
							"lerp_mode": "catmullrom"
						},
						"1.2667": {
							"post": [0, 3.1, 0],
							"lerp_mode": "catmullrom"
						},
						"1.8667": {
							"post": [0, 3.17, 0],
							"lerp_mode": "catmullrom"
						},
						"2.0": {
							"post": [-0.1, 3.37, 0],
							"lerp_mode": "catmullrom"
						},
						"2.6": {
							"post": [-0.14, 3.53, -0.02],
							"lerp_mode": "catmullrom"
						},
						"2.7667": {
							"post": [-0.1, 3.345, 0],
							"lerp_mode": "catmullrom"
						},
						"2.8667": {
							"post": [0.4, 2.38, 0.23],
							"lerp_mode": "catmullrom"
						},
						"3.0": {
							"post": [1.875, -0.58, -0.855],
							"lerp_mode": "catmullrom"
						},
						"3.1667": {
							"post": [3.25, -1.13, -1.83],
							"lerp_mode": "catmullrom"
						},
						"3.4": {
							"post": [5.905, 3.385, -3.895],
							"lerp_mode": "catmullrom"
						},
						"3.5": {
							"post": [7.58, 4.975, -5.215],
							"lerp_mode": "catmullrom"
						},
						"3.6": {
							"post": [8.74, 4.71, -5.795],
							"lerp_mode": "catmullrom"
						},
						"3.7": {
							"post": [8.8, 3.5, -6.125],
							"lerp_mode": "catmullrom"
						},
						"3.8333": {
							"post": [8.8, 3.4, -6.4],
							"lerp_mode": "catmullrom"
						},
						"3.9667": {
							"post": [8.925, 3.975, -6.65],
							"lerp_mode": "catmullrom"
						},
						"4.8333": {
							"post": [8.585, 3.88125, -6.685],
							"lerp_mode": "catmullrom"
						},
						"5.0667": {
							"post": [8.6, 3.875, -6.65],
							"lerp_mode": "catmullrom"
						},
						"5.3333": {
							"post": [8.8, 3.675, -6.65],
							"lerp_mode": "catmullrom"
						},
						"5.5333": {
							"post": [8.55, 3.52, -6.645],
							"lerp_mode": "catmullrom"
						},
						"5.7333": {
							"post": [8.55, 3.55, -6.65],
							"lerp_mode": "catmullrom"
						},
						"5.8667": {
							"post": [7.93, 2.62, -6.015],
							"lerp_mode": "catmullrom"
						},
						"6.0333": {
							"post": [5.525, -1.04, -4.065],
							"lerp_mode": "catmullrom"
						},
						"6.1667": {
							"post": [3.235, -5.1, -4.215],
							"lerp_mode": "catmullrom"
						},
						"6.3333": {
							"post": [2.36, -4.48, -4.4],
							"lerp_mode": "catmullrom"
						},
						"6.5": {
							"post": [1.305, -1.125, -4.24],
							"lerp_mode": "catmullrom"
						},
						"6.6333": {
							"post": [0.79, 0.215, -2.5],
							"lerp_mode": "catmullrom"
						},
						"6.8": {
							"post": [0.125, -0.575, 0.275],
							"lerp_mode": "catmullrom"
						},
						"6.9": {
							"post": [0, -0.32875, -0.44],
							"lerp_mode": "catmullrom"
						},
						"7.0333": {
							"post": [0, -0.02, 0.17],
							"lerp_mode": "catmullrom"
						},
						"7.2": {
							"post": [0, 0, 0],
							"lerp_mode": "catmullrom"
						}
					}
				},
				"lefthand": {
					"rotation": {
						"0.0": [118.8492, 8.77489, 104.65279],
						"0.1": [118.8492, 8.77489, 104.65279],
						"0.2": [118.8492, 8.77489, 104.65279],
						"2.7667": [118.8492, 8.77489, 104.65279],
						"2.9667": [120.04898, 42.18993, 80.591],
						"3.2667": [120.04898, -7.81007, 73.591],
						"6.0": [120.04898, -7.81007, 73.591],
						"6.3": [118.8492, 8.77489, 104.65279]
					},
					"position": {
						"0.0": [7, -8, -1],
						"0.0667": [6.925, -8, -0.5],
						"0.1667": [7, -8, -0.6],
						"2.7333": [7, -8, -0.6],
						"2.9333": [8, -6, -1.275],
						"5.9667": [7.895, -6.2, -1.275],
						"6.1333": [7, -8, -1],
						"6.2667": [7, -8, -1]
					},
					"scale": [1, 1.5, 1]
				},
				"m95_bolt": {
					"position": {
						"4.3": [0, 0, 0],
						"4.3667": [0, 0, 4.15],
						"4.4333": [0, 0, 4.5],
						"4.5667": [0, 0, 4.3],
						"4.7667": [0, 0, 4.15],
						"5.1": [0, 0, 4.175],
						"5.2": [0, 0, 0]
					}
				},
				"rotate": {
					"rotation": {
						"4.1667": [0, 0, 0],
						"4.2667": [0, 0, 50],
						"5.3": [0, 0, 50],
						"5.3667": [0, 0, 0]
					}
				},
				"righthand": {
					"rotation": {
						"0.0": [109.36918, -16.59607, -7.52545],
						"0.1333": [109.36918, -16.59607, -7.52545],
						"3.3": [109.36918, -16.59607, -7.52545],
						"3.5667": [108.599, -4.77074, -3.39471],
						"3.9333": [108.599, -4.77074, -3.39471],
						"5.7333": [108.599, -4.77074, -3.39471],
						"6.0667": [109.36918, -16.59607, -7.52545],
						"6.3": [109.36918, -16.59607, -7.52545]
					},
					"position": {
						"0.0": [-6, -11, 12],
						"0.1333": [-6, -11, 12],
						"3.3": [-6, -11, 12],
						"3.9333": [-6, -11, 12],
						"5.7333": [-6, -11, 12],
						"6.0667": [-6, -11, 12],
						"6.3": [-6, -11, 12]
					},
					"scale": [1, 1.5, 1]
				},
				"l3": {
					"rotation": {
						"0.6": [0, 0, 0],
						"0.7333": [-3, 0, 0],
						"0.8667": [0, 0, 0],
						"1.0": [-2, 0, 0],
						"3.4333": [-2, 0, 0],
						"3.5667": [0, 0, 0],
						"3.7": [-2, 0, 0],
						"3.8333": [-0.75, 0, 0],
						"3.9333": [4.375, 0, 0],
						"4.1": [-1.025, 0, 0],
						"4.2333": [2.25, 0, 0],
						"4.3667": [1.25, 0, 0],
						"4.5667": [2.25, 0, 0],
						"4.7667": [0.25, 0, 0],
						"4.9333": [1.25, 0, 0],
						"5.1": [2.25, 0, 0],
						"5.2": [2.25, 0, 0],
						"5.3667": [-0.425, 0, 0],
						"5.5": [3.95, 0, 0],
						"5.6333": [0.6, 0, 0],
						"5.8": [1.75, 0, 0],
						"5.9333": [0, 0, 0],
						"6.1667": [0, 0, 0],
						"6.3": [-3, 0, 0],
						"6.4333": [-2, 0, 0],
						"6.5667": [0, 0, 0],
						"6.7333": [-1, 0, 0],
						"6.8667": [0, 0, 0]
					}
				},
				"bullet": {
					"scale": 0
				},
				"camera": {
					"rotation": {
						"0.0": {
							"post": [0, 0, 0],
							"lerp_mode": "catmullrom"
						},
						"0.2667": {
							"post": [0.55, 0, 0],
							"lerp_mode": "catmullrom"
						},
						"0.6667": {
							"post": [-2.425, -0.25, -0.85],
							"lerp_mode": "catmullrom"
						},
						"0.8": {
							"post": [-2.21, -0.31, -0.65],
							"lerp_mode": "catmullrom"
						},
						"1.0": {
							"post": [-2.895, -0.38, -0.86],
							"lerp_mode": "catmullrom"
						},
						"1.3667": {
							"post": [-2.455, -0.25, -0.85],
							"lerp_mode": "catmullrom"
						},
						"1.7333": {
							"post": [4.925, 3.15, -1.425],
							"lerp_mode": "catmullrom"
						},
						"2.1": {
							"post": [6.075, 3.65, -1.425],
							"lerp_mode": "catmullrom"
						},
						"2.7333": {
							"post": [6.075, 3.85, -1.35],
							"lerp_mode": "catmullrom"
						},
						"3.1333": {
							"post": [1.525, 0, 0],
							"lerp_mode": "catmullrom"
						},
						"3.4": {
							"post": [0.955, -1.9, 1.35],
							"lerp_mode": "catmullrom"
						},
						"3.6333": {
							"post": [1.64, -1.97, 1.74],
							"lerp_mode": "catmullrom"
						},
						"3.7333": {
							"post": [2.11, -1.9, 2.025],
							"lerp_mode": "catmullrom"
						},
						"3.8667": {
							"post": [1.665, -1.83, 1.515],
							"lerp_mode": "catmullrom"
						},
						"4.0667": {
							"post": [2.14, -1.975, 1.85],
							"lerp_mode": "catmullrom"
						},
						"4.2333": {
							"post": [3.62, -2.97, 2.02],
							"lerp_mode": "catmullrom"
						},
						"4.3333": {
							"post": [4.83, -3.62, 1.54],
							"lerp_mode": "catmullrom"
						},
						"4.4333": {
							"post": [5.35, -3.96, 1.625],
							"lerp_mode": "catmullrom"
						},
						"4.5667": {
							"post": [5.36, -3.99, 1.685],
							"lerp_mode": "catmullrom"
						},
						"4.7333": {
							"post": [5.21, -4.01, 1.52],
							"lerp_mode": "catmullrom"
						},
						"4.9333": {
							"post": [5.24, -4.05, 1.775],
							"lerp_mode": "catmullrom"
						},
						"5.1667": {
							"post": [5.35, -4.09, 1.76],
							"lerp_mode": "catmullrom"
						},
						"5.2667": {
							"post": [5.41, -4.11, 1.88],
							"lerp_mode": "catmullrom"
						},
						"5.3667": {
							"post": [5.475, -4.13, 1.715],
							"lerp_mode": "catmullrom"
						},
						"5.4667": {
							"post": [4.405, -4.01, 1.565],
							"lerp_mode": "catmullrom"
						},
						"5.6": {
							"post": [2.415, -3.88, 1.75],
							"lerp_mode": "catmullrom"
						},
						"5.7667": {
							"post": [1.46, -3.3, 1.675],
							"lerp_mode": "catmullrom"
						},
						"6.1": {
							"post": [1.11, 0, 0],
							"lerp_mode": "catmullrom"
						},
						"6.4": {
							"post": [-1.3, 0, -0.775],
							"lerp_mode": "catmullrom"
						},
						"6.6333": {
							"post": [-1.3, 0, 0],
							"lerp_mode": "catmullrom"
						},
						"6.7667": {
							"post": [-0.15, 0, 0.15],
							"lerp_mode": "catmullrom"
						},
						"6.8667": {
							"post": [0.48, 0, 0.6],
							"lerp_mode": "catmullrom"
						},
						"7.0": {
							"post": [-0.22, 0, -0.525],
							"lerp_mode": "catmullrom"
						},
						"7.1667": {
							"post": [0, 0, 0],
							"lerp_mode": "catmullrom"
						}
					}
				}
			}
		},
		"reload_tactical": {
			"animation_length": 5.375,
			"bones": {
				"barrel_1": {
					"rotation": {
						"0.0": [0, 0, 0],
						"0.6667": [0, 0, 113],
						"0.8333": [0, 0, 86.14],
						"0.9583": [0, 0, 101.75],
						"1.0833": [0, 0, 110.575],
						"1.2083": [0, 0, 134.575],
						"1.375": [0, 0, 122.575],
						"2.0": [0, 0, 126.875],
						"2.25": [0, 0, 122.575],
						"2.7083": [0, 0, 122.575],
						"2.875": [0, 0, 110],
						"3.0833": [0, 0, 131.575],
						"3.2083": [0, 0, 118.575],
						"3.3333": [0, 0, 122.575],
						"3.4583": [0, 0, 126.575],
						"3.5833": [0, 0, 122.575],
						"3.9583": [0, 0, 122.575],
						"4.3333": [0, 0, 137.575],
						"5.375": [0, 0, 360]
					}
				},
				"lefthand": {
					"rotation": {
						"0.0": [118.8492, 8.77489, 104.65279],
						"0.3333": [118.8492, 8.77489, 104.65279]
					},
					"position": [7, -8, -1],
					"scale": [1, 1.5, 1]
				},
				"righthand": {
					"rotation": {
						"0.0": [109.36918, -16.59607, -7.52545],
						"0.2083": [109.36918, -16.59607, -7.52545],
						"0.5": [109.94807, -21.30895, -9.30806],
						"0.75": [129.95, -21.31, -9.31],
						"2.375": [129.95, -21.31, -9.31],
						"2.875": [129.95, -21.31, -9.31],
						"3.25": [121.80501, -4.95521, 2.38877],
						"3.4583": [115.90273, -13.99028, -0.3415],
						"3.7083": [115.90273, -13.99028, -0.3415],
						"3.875": [109.36918, -16.59607, -7.52545]
					},
					"position": {
						"0.0": [-6, -11, 12],
						"0.2083": [-6, -11, 12],
						"0.5": [-13, -19, 4],
						"0.75": [-8, -24, 4],
						"2.375": [-8, -24, 4],
						"2.875": [-8, -24, 4],
						"3.25": [-13.4, -20, 4],
						"3.4583": [-11.8, -19.67, 4],
						"3.7083": [-11.8, -19.67, 4],
						"3.875": [-6, -11, 12]
					},
					"scale": [1, 1.5, 1]
				},
				"root": {
					"rotation": {
						"0.0": [0, 0, 0],
						"0.2083": {
							"pre": [-3.30816, -6.55161, -3.15758],
							"post": [-3.30816, -6.55161, -3.15758],
							"lerp_mode": "catmullrom"
						},
						"0.3333": {
							"post": [-11.99539, -6.2465, 14.78107],
							"lerp_mode": "catmullrom"
						},
						"0.4583": {
							"post": [-24.07317, -0.97391, 28.22222],
							"lerp_mode": "catmullrom"
						},
						"0.625": {
							"post": [-32.28365, 5.59754, 44.62545],
							"lerp_mode": "catmullrom"
						},
						"0.75": {
							"post": [-32.44664, 5.36815, 46.1821],
							"lerp_mode": "catmullrom"
						},
						"0.8333": {
							"post": [-31.38661, 6.16105, 47.33802],
							"lerp_mode": "catmullrom"
						},
						"0.9583": {
							"post": [-31.60382, 7.93459, 52.29084],
							"lerp_mode": "catmullrom"
						},
						"1.0833": {
							"post": [-39.54707, 7.50249, 48.73097],
							"lerp_mode": "catmullrom"
						},
						"1.2083": {
							"post": [-30.42, 7.02, 47.95],
							"lerp_mode": "catmullrom"
						},
						"1.25": {
							"post": [-30.70608, 6.77067, 47.6989],
							"lerp_mode": "catmullrom"
						},
						"1.375": [-32.4996, 5.69075, 45.69734],
						"1.5833": {
							"pre": [-23.1582, 0.82372, 32.89393],
							"post": [-23.1582, 0.82372, 32.89393],
							"lerp_mode": "catmullrom"
						},
						"1.875": {
							"post": [-32.10033, -7.82121, 24.61059],
							"lerp_mode": "catmullrom"
						},
						"2.0833": {
							"post": [-40.55858, -4.23639, 28.98919],
							"lerp_mode": "catmullrom"
						},
						"2.3333": {
							"post": [-35.49636, -7.36114, 24.53425],
							"lerp_mode": "catmullrom"
						},
						"2.5833": {
							"post": [-29.0552, -10.26337, 21.41042],
							"lerp_mode": "catmullrom"
						},
						"2.8333": [-30.13, -6.68, 25.63],
						"2.875": [-36.12, -8.55, 25.51],
						"3.0": [-36.12, -6.75, 25.51],
						"3.2083": [-35.57, -3.83, 22.38],
						"3.3333": [-35.57, -3.83, 22.38],
						"3.4583": [-34.25638, -2.26178, 22.29036],
						"3.5833": [-34.2537, -4.64619, 27.92775],
						"3.7083": [-32.4433, -4.69407, 28.78744],
						"3.875": [-32.4996, -9.30925, 25.09734],
						"4.5": [-2.77467, -6.47288, 5.91111],
						"4.625": [-1.20016, -5.6579, 3.74312],
						"4.75": {
							"pre": [1.76605, -3.2563, 4.9369],
							"post": [1.76605, -3.2563, 4.9369],
							"lerp_mode": "catmullrom"
						},
						"4.8333": {
							"post": [1.78811, -2.65564, 4.66491],
							"lerp_mode": "catmullrom"
						},
						"4.875": {
							"post": [0.8, -0.92, 3.05],
							"lerp_mode": "catmullrom"
						},
						"4.9583": {
							"post": [-0.30298, 0.34027, -1.56498],
							"lerp_mode": "catmullrom"
						},
						"5.125": {
							"post": [0.2321, 0.0577, 2.25602],
							"lerp_mode": "catmullrom"
						},
						"5.3333": {
							"post": [0, 0, 0],
							"lerp_mode": "catmullrom"
						}
					},
					"position": {
						"0.0": [0, 0, 0],
						"0.2083": {
							"pre": [3.25, -1.13, -1.83],
							"post": [3.25, -1.13, -1.83],
							"lerp_mode": "catmullrom"
						},
						"0.4583": {
							"post": [5.905, 3.385, -3.895],
							"lerp_mode": "catmullrom"
						},
						"0.5": {
							"post": [7.58, 4.975, -5.215],
							"lerp_mode": "catmullrom"
						},
						"0.625": {
							"post": [8.74, 4.71, -5.795],
							"lerp_mode": "catmullrom"
						},
						"0.75": {
							"post": [8.8, 3.5, -6.125],
							"lerp_mode": "catmullrom"
						},
						"0.875": {
							"post": [8.8, 3.4, -6.4],
							"lerp_mode": "catmullrom"
						},
						"1.0": {
							"post": [8.925, 3.975, -6.65],
							"lerp_mode": "catmullrom"
						},
						"1.125": {
							"post": [8.285, 3.88125, -6.685],
							"lerp_mode": "catmullrom"
						},
						"1.375": {
							"post": [8.6, 3.875, -6.65],
							"lerp_mode": "catmullrom"
						},
						"1.625": {
							"post": [8.63, 1.85, -6.65],
							"lerp_mode": "catmullrom"
						},
						"1.9583": {
							"post": [8.6, 5.875, -6.65],
							"lerp_mode": "catmullrom"
						},
						"2.2083": {
							"post": [8.6, 5.3, -6.65],
							"lerp_mode": "catmullrom"
						},
						"2.4583": {
							"post": [8.61, 5.21, -6.65],
							"lerp_mode": "catmullrom"
						},
						"2.625": {
							"post": [8.61, 5.21, -6.65],
							"lerp_mode": "catmullrom"
						},
						"2.8333": {
							"post": [8.61, 5.22, -6.65],
							"lerp_mode": "catmullrom"
						},
						"2.875": {
							"post": [8.61, 6.23, -6.65],
							"lerp_mode": "catmullrom"
						},
						"3.0": {
							"post": [8.61, 5.43, -6.65],
							"lerp_mode": "catmullrom"
						},
						"3.125": {
							"post": [8.61, 4.75, -6.65],
							"lerp_mode": "catmullrom"
						},
						"3.3333": {
							"post": [8.61, 5.06, -6.65],
							"lerp_mode": "catmullrom"
						},
						"3.5": {
							"post": [8.61, 4.41, -6.65],
							"lerp_mode": "catmullrom"
						},
						"3.8333": {
							"post": [8.8, 3.675, -6.65],
							"lerp_mode": "catmullrom"
						},
						"4.0": {
							"post": [8.55, 3.52, -6.645],
							"lerp_mode": "catmullrom"
						},
						"4.125": {
							"post": [7.93, 2.62, -6.015],
							"lerp_mode": "catmullrom"
						},
						"4.25": {
							"post": [5.525, -1.04, -4.065],
							"lerp_mode": "catmullrom"
						},
						"4.375": {
							"post": [3.235, -5.1, -4.215],
							"lerp_mode": "catmullrom"
						},
						"4.5833": {
							"post": [2.36, -4.48, -4.4],
							"lerp_mode": "catmullrom"
						},
						"4.75": {
							"post": [1.305, -1.125, -4.24],
							"lerp_mode": "catmullrom"
						},
						"4.875": {
							"post": [0.79, 0.215, -2.5],
							"lerp_mode": "catmullrom"
						},
						"5.0": {
							"post": [0.125, -0.575, 0.275],
							"lerp_mode": "catmullrom"
						},
						"5.125": {
							"post": [0, -0.32875, -0.44],
							"lerp_mode": "catmullrom"
						},
						"5.25": {
							"post": [0, -0.02, 0.17],
							"lerp_mode": "catmullrom"
						},
						"5.4583": {
							"post": [0, 0, 0],
							"lerp_mode": "catmullrom"
						}
					}
				},
				"chain_group": {
					"rotation": {
						"0.0": [0, 0, 0],
						"1.8333": [2.66399, -14.76689, -10.34527],
						"3.25": [2.66399, -14.76689, -10.34527],
						"3.375": [0, 0, 0]
					},
					"position": {
						"0.0": [0, 0, 0],
						"1.8333": [-2.2, 0, 0],
						"3.25": [-2.2, 0, 0],
						"3.375": [0, 0, 0]
					}
				},
				"camera": {
					"rotation": {
						"0.0": {
							"post": [0, 0, 0],
							"lerp_mode": "catmullrom"
						},
						"0.25": {
							"post": [-0.445, -1.9, 1.35],
							"lerp_mode": "catmullrom"
						},
						"0.5": {
							"post": [0.24, -1.97, 1.74],
							"lerp_mode": "catmullrom"
						},
						"0.625": {
							"post": [0.71, -1.9, 2.025],
							"lerp_mode": "catmullrom"
						},
						"0.75": {
							"post": [0.265, -1.83, 1.515],
							"lerp_mode": "catmullrom"
						},
						"0.9583": {
							"post": [0.74, -1.975, 1.85],
							"lerp_mode": "catmullrom"
						},
						"1.125": {
							"post": [2.22, -2.97, 2.02],
							"lerp_mode": "catmullrom"
						},
						"1.2083": {
							"post": [3.43, -3.62, 1.54],
							"lerp_mode": "catmullrom"
						},
						"1.3333": {
							"post": [3.95, -3.96, 1.625],
							"lerp_mode": "catmullrom"
						},
						"1.4583": {
							"post": [3.96, -3.99, 1.685],
							"lerp_mode": "catmullrom"
						},
						"1.625": {
							"post": [3.81, -4.01, 1.52],
							"lerp_mode": "catmullrom"
						},
						"1.8333": {
							"post": [3.84, -4.05, 1.775],
							"lerp_mode": "catmullrom"
						},
						"2.0833": {
							"post": [3.95, -4.09, 1.76],
							"lerp_mode": "catmullrom"
						},
						"2.125": {
							"post": [4.01, -4.11, 1.88],
							"lerp_mode": "catmullrom"
						},
						"2.25": {
							"post": [4.075, -4.13, 1.715],
							"lerp_mode": "catmullrom"
						},
						"2.3333": {
							"post": [4.005, -4.01, 1.565],
							"lerp_mode": "catmullrom"
						},
						"2.75": {
							"post": [4.01, -4.01, 1.57],
							"lerp_mode": "catmullrom"
						},
						"2.875": {
							"post": [4.91, -4.51, 1.07],
							"lerp_mode": "catmullrom"
						},
						"3.0": {
							"post": [4.21, -4.01, 1.87],
							"lerp_mode": "catmullrom"
						},
						"3.125": {
							"post": [4.71, -4.01, 1.57],
							"lerp_mode": "catmullrom"
						},
						"3.25": {
							"post": [4.61, -4.01, 1.57],
							"lerp_mode": "catmullrom"
						},
						"3.375": {
							"post": [4.61, -5.51, 1.57],
							"lerp_mode": "catmullrom"
						},
						"3.7083": {
							"post": [4.61, -3.91, 1.57],
							"lerp_mode": "catmullrom"
						},
						"3.9583": {
							"post": [1.46, -3.3, 1.675],
							"lerp_mode": "catmullrom"
						},
						"4.25": {
							"post": [1.11, 0, 0],
							"lerp_mode": "catmullrom"
						},
						"4.5833": {
							"post": [-1.3, 0, -0.775],
							"lerp_mode": "catmullrom"
						},
						"4.8333": {
							"post": [-1.3, 0, 0],
							"lerp_mode": "catmullrom"
						},
						"4.9583": {
							"post": [-0.15, 0, 0.15],
							"lerp_mode": "catmullrom"
						},
						"5.0833": {
							"post": [0.48, 0, 0.6],
							"lerp_mode": "catmullrom"
						},
						"5.2083": {
							"post": [-0.22, 0, -0.525],
							"lerp_mode": "catmullrom"
						},
						"5.3333": {
							"post": [0, 0, 0],
							"lerp_mode": "catmullrom"
						}
					}
				},
				"mag_and_righthand": {
					"rotation": {
						"0.875": [0, 0, 0],
						"1.0": [-15, 0, 0],
						"1.125": [-10, 0, 0],
						"1.2083": [10, 0, 0],
						"1.875": {
							"pre": [10, 0, 0],
							"post": [10, 0, 0],
							"lerp_mode": "catmullrom"
						},
						"2.0833": {
							"post": [-12.5, 0, 0],
							"lerp_mode": "catmullrom"
						},
						"2.3333": {
							"post": [-12.5, 0, 0],
							"lerp_mode": "catmullrom"
						},
						"2.5833": {
							"post": [-12.5, 0, 0],
							"lerp_mode": "catmullrom"
						},
						"2.75": {
							"post": [-20, 0, 0],
							"lerp_mode": "catmullrom"
						},
						"2.875": {
							"post": [0, 0, 0],
							"lerp_mode": "catmullrom"
						}
					},
					"position": {
						"0.875": [0, 0, 0],
						"1.0": [0, 0, 0],
						"1.2083": [0, -7, 17],
						"1.875": {
							"pre": [0, -7, 17],
							"post": [0, -7, 17],
							"lerp_mode": "catmullrom"
						},
						"2.0833": {
							"post": [0, -7, 0],
							"lerp_mode": "catmullrom"
						},
						"2.3333": {
							"post": [0, -1, 0],
							"lerp_mode": "catmullrom"
						},
						"2.5833": {
							"post": [0, -1, 0],
							"lerp_mode": "catmullrom"
						},
						"2.75": {
							"post": [0, -1, 0],
							"lerp_mode": "catmullrom"
						},
						"2.875": {
							"post": [0, 0, 0],
							"lerp_mode": "catmullrom"
						}
					}
				}
			},
			"sound_effects": {
				"0.0": {
					"effect": "tacz:m249/m249_reload_active"
				},
				"0.5": {
					"effect": "tacz:m249/m249_reload_cloth"
				},
				"0.875": {
					"effect": "tacz:m249/m249_reload_magout"
				},
				"1.5833": {
					"effect": "tacz:m249/m249_inspect_empty_fast_mvmnt"
				},
				"2.3333": {
					"effect": "tacz:m249/m249_reload_empty_magin"
				},
				"2.75": {
					"effect": "tacz:m249/m249_reload_empty_load_belt"
				},
				"3.9583": {
					"effect": "tacz:m249/m249_reload_end"
				},
				"4.7083": {
					"effect": "tacz:m249/m249_reload_empty_up"
				}
			}
		},
		"reload_empty": {
			"animation_length": 5.375,
			"bones": {
				"lefthand": {
					"rotation": {
						"0.0": [118.8492, 8.77489, 104.65279],
						"0.3125": [118.8492, 8.77489, 104.65279]
					},
					"position": [7, -8, -1],
					"scale": [1, 1.5, 1]
				},
				"righthand": {
					"rotation": {
						"0.0": [109.36918, -16.59607, -7.52545],
						"0.1875": [109.36918, -16.59607, -7.52545],
						"0.5": [109.94807, -21.30895, -9.30806],
						"0.75": [129.95, -21.31, -9.31],
						"2.375": [129.95, -21.31, -9.31],
						"2.875": [129.95, -21.31, -9.31],
						"3.25": [121.80501, -4.95521, 2.38877],
						"3.4375": [115.90273, -13.99028, -0.3415],
						"3.6875": [115.90273, -13.99028, -0.3415],
						"3.875": [109.36918, -16.59607, -7.52545]
					},
					"position": {
						"0.0": [-6, -11, 12],
						"0.1875": [-6, -11, 12],
						"0.5": [-13, -19, 4],
						"0.75": [-8, -24, 4],
						"2.375": [-8, -24, 4],
						"2.875": [-8, -24, 4],
						"3.25": [-13.4, -20, 4],
						"3.4375": [-11.8, -19.67, 4],
						"3.6875": [-11.8, -19.67, 4],
						"3.875": [-6, -11, 12]
					},
					"scale": [1, 1.5, 1]
				},
				"root": {
					"rotation": {
						"0.0": [0, 0, 0],
						"0.1875": {
							"pre": [-3.30816, -6.55161, -3.15758],
							"post": [-3.30816, -6.55161, -3.15758],
							"lerp_mode": "catmullrom"
						},
						"0.3125": {
							"post": [-11.99539, -6.2465, 14.78107],
							"lerp_mode": "catmullrom"
						},
						"0.4375": {
							"post": [-24.07317, -0.97391, 28.22222],
							"lerp_mode": "catmullrom"
						},
						"0.625": {
							"post": [-32.28365, 5.59754, 44.62545],
							"lerp_mode": "catmullrom"
						},
						"0.75": {
							"post": [-32.44664, 5.36815, 46.1821],
							"lerp_mode": "catmullrom"
						},
						"0.8125": {
							"post": [-31.38661, 6.16105, 47.33802],
							"lerp_mode": "catmullrom"
						},
						"0.9375": {
							"post": [-31.60382, 7.93459, 52.29084],
							"lerp_mode": "catmullrom"
						},
						"1.0625": {
							"post": [-34.54707, 7.50249, 48.73097],
							"lerp_mode": "catmullrom"
						},
						"1.1875": {
							"post": [-30.42, 7.02, 47.95],
							"lerp_mode": "catmullrom"
						},
						"1.25": {
							"post": [-30.70608, 6.77067, 47.6989],
							"lerp_mode": "catmullrom"
						},
						"1.375": [-32.4996, 5.69075, 45.69734],
						"1.5625": {
							"pre": [-23.1582, 0.82372, 32.89393],
							"post": [-23.1582, 0.82372, 32.89393],
							"lerp_mode": "catmullrom"
						},
						"1.875": {
							"post": [-32.10033, -7.82121, 24.61059],
							"lerp_mode": "catmullrom"
						},
						"2.0625": {
							"post": [-40.55858, -4.23639, 28.98919],
							"lerp_mode": "catmullrom"
						},
						"2.3125": {
							"post": [-35.49636, -7.36114, 24.53425],
							"lerp_mode": "catmullrom"
						},
						"2.5625": {
							"post": [-29.0552, -10.26337, 21.41042],
							"lerp_mode": "catmullrom"
						},
						"2.8125": [-30.13, -6.68, 25.63],
						"2.875": [-36.12, -8.55, 25.51],
						"3.0": [-36.12, -6.75, 25.51],
						"3.1875": [-35.57, -3.83, 22.38],
						"3.3125": [-35.57, -3.83, 22.38],
						"3.4375": [-34.25638, -2.26178, 22.29036],
						"3.5625": [-34.2537, -4.64619, 27.92775],
						"3.6875": [-32.4433, -4.69407, 28.78744],
						"3.875": [-32.4996, -9.30925, 25.09734],
						"4.5": [-2.77467, -6.47288, 5.91111],
						"4.625": [-1.20016, -5.6579, 3.74312],
						"4.75": {
							"pre": [1.76605, -3.2563, 4.9369],
							"post": [1.76605, -3.2563, 4.9369],
							"lerp_mode": "catmullrom"
						},
						"4.8125": {
							"post": [1.78811, -2.65564, 4.66491],
							"lerp_mode": "catmullrom"
						},
						"4.875": {
							"post": [0.8, -0.92, 3.05],
							"lerp_mode": "catmullrom"
						},
						"4.9375": {
							"post": [-0.30298, 0.34027, -1.56498],
							"lerp_mode": "catmullrom"
						},
						"5.125": {
							"post": [0.2321, 0.0577, 2.25602],
							"lerp_mode": "catmullrom"
						},
						"5.3125": {
							"post": [0, 0, 0],
							"lerp_mode": "catmullrom"
						}
					},
					"position": {
						"0.0": [0, 0, 0],
						"0.1875": {
							"pre": [3.25, -1.13, -1.83],
							"post": [3.25, -1.13, -1.83],
							"lerp_mode": "catmullrom"
						},
						"0.4375": {
							"post": [5.905, 3.385, -3.895],
							"lerp_mode": "catmullrom"
						},
						"0.5": {
							"post": [7.58, 4.975, -5.215],
							"lerp_mode": "catmullrom"
						},
						"0.625": {
							"post": [8.74, 4.71, -5.795],
							"lerp_mode": "catmullrom"
						},
						"0.75": {
							"post": [8.8, 3.5, -6.125],
							"lerp_mode": "catmullrom"
						},
						"0.875": {
							"post": [8.8, 3.4, -6.4],
							"lerp_mode": "catmullrom"
						},
						"1.0": {
							"post": [8.925, 3.975, -6.65],
							"lerp_mode": "catmullrom"
						},
						"1.125": {
							"post": [8.285, 3.88125, -6.685],
							"lerp_mode": "catmullrom"
						},
						"1.375": {
							"post": [8.6, 3.875, -6.65],
							"lerp_mode": "catmullrom"
						},
						"1.625": {
							"post": [8.63, 1.85, -6.65],
							"lerp_mode": "catmullrom"
						},
						"1.9375": {
							"post": [8.6, 5.875, -6.65],
							"lerp_mode": "catmullrom"
						},
						"2.1875": {
							"post": [8.6, 5.3, -6.65],
							"lerp_mode": "catmullrom"
						},
						"2.4375": {
							"post": [8.61, 5.21, -6.65],
							"lerp_mode": "catmullrom"
						},
						"2.625": {
							"post": [8.61, 5.21, -6.65],
							"lerp_mode": "catmullrom"
						},
						"2.8125": {
							"post": [8.61, 5.22, -6.65],
							"lerp_mode": "catmullrom"
						},
						"2.875": {
							"post": [8.61, 6.23, -6.65],
							"lerp_mode": "catmullrom"
						},
						"3.0": {
							"post": [8.61, 5.43, -6.65],
							"lerp_mode": "catmullrom"
						},
						"3.125": {
							"post": [8.61, 4.75, -6.65],
							"lerp_mode": "catmullrom"
						},
						"3.3125": {
							"post": [8.61, 5.06, -6.65],
							"lerp_mode": "catmullrom"
						},
						"3.5": {
							"post": [8.61, 4.41, -6.65],
							"lerp_mode": "catmullrom"
						},
						"3.8125": {
							"post": [8.8, 3.675, -6.65],
							"lerp_mode": "catmullrom"
						},
						"4.0": {
							"post": [8.55, 3.52, -6.645],
							"lerp_mode": "catmullrom"
						},
						"4.125": {
							"post": [7.93, 2.62, -6.015],
							"lerp_mode": "catmullrom"
						},
						"4.25": {
							"post": [5.525, -1.04, -4.065],
							"lerp_mode": "catmullrom"
						},
						"4.375": {
							"post": [3.235, -5.1, -4.215],
							"lerp_mode": "catmullrom"
						},
						"4.5625": {
							"post": [2.36, -4.48, -4.4],
							"lerp_mode": "catmullrom"
						},
						"4.75": {
							"post": [1.305, -1.125, -4.24],
							"lerp_mode": "catmullrom"
						},
						"4.875": {
							"post": [0.79, 0.215, -2.5],
							"lerp_mode": "catmullrom"
						},
						"5.0": {
							"post": [0.125, -0.575, 0.275],
							"lerp_mode": "catmullrom"
						},
						"5.125": {
							"post": [0, -0.32875, -0.44],
							"lerp_mode": "catmullrom"
						},
						"5.25": {
							"post": [0, -0.02, 0.17],
							"lerp_mode": "catmullrom"
						},
						"5.4375": {
							"post": [0, 0, 0],
							"lerp_mode": "catmullrom"
						}
					}
				},
				"chain_group": {
					"rotation": {
						"0.0": [0, 0, 0],
						"1.8125": [2.66399, -14.76689, -10.34527],
						"3.25": [2.66399, -14.76689, -10.34527],
						"3.375": [0, 0, 0]
					},
					"position": {
						"0.0": [0, 0, 0],
						"1.8125": [-2.2, 0, 0],
						"3.25": [-2.2, 0, 0],
						"3.375": [0, 0, 0]
					},
					"scale": {
						"0.0": [0, 0, 0],
						"1.75": [0, 0, 0],
						"1.8125": [1, 1, 1]
					}
				},
				"mag_and_righthand": {
					"rotation": {
						"0.875": [0, 0, 0],
						"1.0": [-15, 0, 0],
						"1.125": [-10, 0, 0],
						"1.1875": [10, 0, 0],
						"1.875": {
							"pre": [10, 0, 0],
							"post": [10, 0, 0],
							"lerp_mode": "catmullrom"
						},
						"2.0625": {
							"post": [-12.5, 0, 0],
							"lerp_mode": "catmullrom"
						},
						"2.3125": {
							"post": [-12.5, 0, 0],
							"lerp_mode": "catmullrom"
						},
						"2.5625": {
							"post": [-12.5, 0, 0],
							"lerp_mode": "catmullrom"
						},
						"2.75": {
							"post": [-20, 0, 0],
							"lerp_mode": "catmullrom"
						},
						"2.875": {
							"post": [0, 0, 0],
							"lerp_mode": "catmullrom"
						}
					},
					"position": {
						"0.875": [0, 0, 0],
						"1.0": [0, 0, 0],
						"1.1875": [0, -7, 17],
						"1.875": {
							"pre": [0, -7, 17],
							"post": [0, -7, 17],
							"lerp_mode": "catmullrom"
						},
						"2.0625": {
							"post": [0, -7, 0],
							"lerp_mode": "catmullrom"
						},
						"2.3125": {
							"post": [0, -1, 0],
							"lerp_mode": "catmullrom"
						},
						"2.5625": {
							"post": [0, -1, 0],
							"lerp_mode": "catmullrom"
						},
						"2.75": {
							"post": [0, -1, 0],
							"lerp_mode": "catmullrom"
						},
						"2.875": {
							"post": [0, 0, 0],
							"lerp_mode": "catmullrom"
						}
					}
				},
				"barrel_1": {
					"rotation": {
						"0.0": [0, 0, 0],
						"0.5": [0, 0, -12.5],
						"0.625": [0, 0, 8.5],
						"0.75": [0, 0, 0],
						"0.9375": [0, 0, 0],
						"1.0625": [0, 0, -12],
						"1.1875": [0, 0, 12],
						"1.375": [0, 0, 0],
						"2.0": [0, 0, 4.3],
						"2.25": [0, 0, 0],
						"2.6875": [0, 0, 0],
						"2.875": [0, 0, -9],
						"3.0625": [0, 0, 9],
						"3.1875": [0, 0, -4],
						"3.3125": [0, 0, 0],
						"3.4375": [0, 0, 4],
						"3.5625": [0, 0, 0],
						"3.9375": [0, 0, 0],
						"4.0": [0, 0, 16.43368],
						"4.0625": [0, 0, 39.67266],
						"4.125": [0, 0, 64.8563],
						"4.1875": [0, 0, 91.14016],
						"4.25": [0, 0, 118.18227],
						"4.3125": [0, 0, 145.80754],
						"4.375": [0, 0, 173.91581],
						"4.4375": [0, 0, 202.44434],
						"4.5": [0, 0, 231.35263],
						"4.5625": [0, 0, 260.61925],
						"4.625": [0, 0, 290.22995],
						"4.6875": [0, 0, 320.18601],
						"4.75": [0, 0, 350.49154],
						"4.8125": [0, 0, 381.16392],
						"4.875": [0, 0, 412.23136],
						"4.9375": [0, 0, 443.73509],
						"5.0": [0, 0, 475.73665],
						"5.0625": [0, 0, 508.32864],
						"5.125": [0, 0, 541.65424],
						"5.1875": [0, 0, 575.95125],
						"5.25": [0, 0, 611.66714],
						"5.3125": [0, 0, 649.84891],
						"5.375": [0, 0, 695]
					}
				},
				"camera": {
					"rotation": {
						"0.0": {
							"post": [0, 0, 0],
							"lerp_mode": "catmullrom"
						},
						"0.25": {
							"post": [-0.445, -1.9, 1.35],
							"lerp_mode": "catmullrom"
						},
						"0.5": {
							"post": [0.24, -1.97, 1.74],
							"lerp_mode": "catmullrom"
						},
						"0.625": {
							"post": [0.71, -1.9, 2.025],
							"lerp_mode": "catmullrom"
						},
						"0.75": {
							"post": [0.265, -1.83, 1.515],
							"lerp_mode": "catmullrom"
						},
						"0.9375": {
							"post": [0.74, -1.975, 1.85],
							"lerp_mode": "catmullrom"
						},
						"1.125": {
							"post": [2.22, -2.97, 2.02],
							"lerp_mode": "catmullrom"
						},
						"1.1875": {
							"post": [3.43, -3.62, 1.54],
							"lerp_mode": "catmullrom"
						},
						"1.3125": {
							"post": [3.95, -3.96, 1.625],
							"lerp_mode": "catmullrom"
						},
						"1.4375": {
							"post": [3.96, -3.99, 1.685],
							"lerp_mode": "catmullrom"
						},
						"1.625": {
							"post": [3.81, -4.01, 1.52],
							"lerp_mode": "catmullrom"
						},
						"1.8125": {
							"post": [3.84, -4.05, 1.775],
							"lerp_mode": "catmullrom"
						},
						"2.0625": {
							"post": [3.95, -4.09, 1.76],
							"lerp_mode": "catmullrom"
						},
						"2.125": {
							"post": [4.01, -4.11, 1.88],
							"lerp_mode": "catmullrom"
						},
						"2.25": {
							"post": [4.075, -4.13, 1.715],
							"lerp_mode": "catmullrom"
						},
						"2.3125": {
							"post": [4.005, -4.01, 1.565],
							"lerp_mode": "catmullrom"
						},
						"2.75": {
							"post": [4.01, -4.01, 1.57],
							"lerp_mode": "catmullrom"
						},
						"2.875": {
							"post": [4.91, -4.51, 1.07],
							"lerp_mode": "catmullrom"
						},
						"3.0": {
							"post": [4.21, -4.01, 1.87],
							"lerp_mode": "catmullrom"
						},
						"3.125": {
							"post": [4.71, -4.01, 1.57],
							"lerp_mode": "catmullrom"
						},
						"3.25": {
							"post": [4.61, -4.01, 1.57],
							"lerp_mode": "catmullrom"
						},
						"3.375": {
							"post": [4.61, -5.51, 1.57],
							"lerp_mode": "catmullrom"
						},
						"3.6875": {
							"post": [4.61, -3.91, 1.57],
							"lerp_mode": "catmullrom"
						},
						"3.9375": {
							"post": [1.46, -3.3, 1.675],
							"lerp_mode": "catmullrom"
						},
						"4.25": {
							"post": [1.11, 0, 0],
							"lerp_mode": "catmullrom"
						},
						"4.5625": {
							"post": [-1.3, 0, -0.775],
							"lerp_mode": "catmullrom"
						},
						"4.8125": {
							"post": [-1.3, 0, 0],
							"lerp_mode": "catmullrom"
						},
						"4.9375": {
							"post": [-0.15, 0, 0.15],
							"lerp_mode": "catmullrom"
						},
						"5.0625": {
							"post": [0.48, 0, 0.6],
							"lerp_mode": "catmullrom"
						},
						"5.1875": {
							"post": [-0.22, 0, -0.525],
							"lerp_mode": "catmullrom"
						},
						"5.3125": {
							"post": [0, 0, 0],
							"lerp_mode": "catmullrom"
						}
					}
				}
			},
			"sound_effects": {
				"0.0": {
					"effect": "tacz:m249/m249_reload_active"
				},
				"0.5": {
					"effect": "tacz:m249/m249_reload_cloth"
				},
				"0.875": {
					"effect": "tacz:m249/m249_reload_empty_magout"
				},
				"1.5625": {
					"effect": "tacz:m249/m249_inspect_empty_fast_mvmnt"
				},
				"2.3125": {
					"effect": "tacz:m249/m249_reload_empty_magin"
				},
				"2.75": {
					"effect": "tacz:m249/m249_reload_empty_load_belt"
				},
				"3.9375": {
					"effect": "tacz:m249/m249_reload_end"
				},
				"4.6875": {
					"effect": "tacz:m249/m249_reload_empty_up"
				}
			}
		},
		"static_bolt_caught": {
			"animation_length": 0.3125,
			"bones": {
				"lefthand": {
					"rotation": {
						"0.0": [118.8492, 8.77489, 104.65279],
						"0.3333": [118.8492, 8.77489, 104.65279]
					},
					"position": [7, -8, -1],
					"scale": [1, 1.5, 1]
				},
				"righthand": {
					"rotation": [109.36918, -16.59607, -7.52545],
					"position": [-6, -11, 12],
					"scale": [1, 1.5, 1]
				}
			}
		}
	}
}