{
	"format_version": "1.8.0",
	"animations": {
		"static_idle": {
			"animation_length": 0.0667,
			"bones": {
				"lefthand": {
					"rotation": [109.82199, -56.99789, -147.16457],
					"position": [7.112, -12.069, 0.445],
					"scale": [1, 1.5, 1]
				},
				"righthand": {
					"rotation": [-88.148, 177.804, 0.071],
					"position": [-6.558, -12.837, 6.326],
					"scale": [1, 1.5, 1]
				},
				"constraint": {
					"rotation": [0.3, 0.2, 0.3],
					"position": [0.1, 0.1, 0.5]
				}
			}
		},
		"draw": {
			"animation_length": 0.55,
			"bones": {
				"root": {
					"rotation": {
						"0.0": {
							"post": [47.5, 0, 0],
							"lerp_mode": "catmullrom"
						},
						"0.15": {
							"post": [-6.71308, -5.18904, 7.61928],
							"lerp_mode": "catmullrom"
						},
						"0.25": {
							"post": [-0.06544, -1.49857, 2.50086],
							"lerp_mode": "catmullrom"
						},
						"0.35": {
							"post": [1.075, 0, 0],
							"lerp_mode": "catmullrom"
						},
						"0.4": {
							"post": [-0.55, -0.66, 0],
							"lerp_mode": "catmullrom"
						},
						"0.5": {
							"post": [0, 0, 0],
							"lerp_mode": "catmullrom"
						}
					},
					"position": {
						"0.0": {
							"post": [-4.5, -6.45, 4.05],
							"lerp_mode": "catmullrom"
						},
						"0.1": {
							"post": [-4.58, -2.435, 1.8],
							"lerp_mode": "catmullrom"
						},
						"0.25": {
							"post": [-0.45, -0.4125, -0.3],
							"lerp_mode": "catmullrom"
						},
						"0.4": {
							"post": [0.0375, -0.1625, 0],
							"lerp_mode": "catmullrom"
						},
						"0.5": {
							"post": [0, 0, 0],
							"lerp_mode": "catmullrom"
						}
					}
				},
				"lefthand": {
					"rotation": {
						"0.0": [111.33068, -69.9504, -159.06009],
						"0.1": [113.76413, -86.5981, -166.34676],
						"0.25": [111.33, -69.95, -159.06],
						"0.3": [109.82199, -56.99789, -147.16457]
					},
					"position": {
						"0.0": [10.915, -16.385, 1.895],
						"0.1": [12.615, -16.085, 1.895],
						"0.25": [8.115, -13.235, 1.395],
						"0.3": [7.112, -12.069, 0.445]
					},
					"scale": [1, 1.5, 1]
				},
				"righthand": {
					"rotation": [-88.148, 177.804, 0.071],
					"position": [-6.558, -12.837, 6.326],
					"scale": [1, 1.5, 1]
				},
				"camera": {
					"rotation": {
						"0.0": {
							"post": [0, 0, 0],
							"lerp_mode": "catmullrom"
						},
						"0.1": {
							"post": [0.175, 0.2, 0.35],
							"lerp_mode": "catmullrom"
						},
						"0.2": {
							"post": [0.8, 0.3, 0.7],
							"lerp_mode": "catmullrom"
						},
						"0.3": {
							"post": [0.245, 0.305, 0.44],
							"lerp_mode": "catmullrom"
						},
						"0.4": {
							"post": [0.1, 0.2, 0],
							"lerp_mode": "catmullrom"
						},
						"0.55": {
							"post": [0, 0, 0],
							"lerp_mode": "catmullrom"
						}
					}
				}
			},
			"sound_effects": {
				"0.05": {
					"effect": "tacz:cz75/cz75_raise"
				}
			}
		},
		"reload_tactical": {
			"animation_length": 2.625,
			"bones": {
				"lefthand": {
					"rotation": {
						"0.0": [109.82199, -56.99789, -147.16457],
						"0.125": [105.50643, -30.94995, -149.21771],
						"0.2917": [132.1708, -8.53894, -200.84819],
						"0.5833": [132.1708, -8.53894, -200.84819],
						"2.0": [132.1708, -8.53894, -200.84819],
						"2.1667": [109.82199, -56.99789, -147.16457],
						"2.2917": [109.82199, -56.99789, -147.16457]
					},
					"position": {
						"0.0": [7.112, -12.069, 0.445],
						"0.125": [11.29, -12.61, -1.19],
						"0.2917": [8.11, -16.07, 0.45],
						"0.5833": [8.11, -16.07, 0.45],
						"2.0": [8.11, -16.07, 0.45],
						"2.1667": [7.112, -12.069, 0.445],
						"2.2917": [7.112, -12.069, 0.445]
					},
					"scale": [1, 1.5, 1]
				},
				"righthand": {
					"rotation": [-88.148, 177.804, 0.071],
					"position": [-6.558, -12.837, 6.326],
					"scale": [1, 1.5, 1]
				},
				"constraint": {
					"rotation": [0.3, 0.2, 0.3],
					"position": [0.1, 0.1, 0.5]
				},
				"root": {
					"rotation": {
						"0.0": {
							"post": [0, 0, 0],
							"lerp_mode": "catmullrom"
						},
						"0.0833": {
							"post": [-3.39058, 0.28629, 1.84737],
							"lerp_mode": "catmullrom"
						},
						"0.25": {
							"post": [-15.02627, -5.21118, -27.57717],
							"lerp_mode": "catmullrom"
						},
						"0.375": {
							"post": [-19.74235, -9.60041, -31.95266],
							"lerp_mode": "catmullrom"
						},
						"0.4583": {
							"post": [-19.60203, -8.52838, -29.44782],
							"lerp_mode": "catmullrom"
						},
						"0.5833": [-19.997, -8.498, -29.721],
						"0.625": [-19.284, -8.008, -29.291],
						"0.6667": [-15.621, -6.464, -24.424],
						"0.7083": [-16.32, -6.1, -17.376],
						"0.75": [-17.598, -5.101, -11.11],
						"0.7917": [-18.026, -7.688, -21.855],
						"0.8333": [-21.806, -7.356, -31.057],
						"0.875": [-23.97, -5.606, -28.977],
						"0.9167": [-25.189, -4.22, -25.434],
						"0.9583": [-24.933, -4.705, -23.581],
						"1.0": [-22.163, -8.466, -27.927],
						"1.0417": [-21.099, -9.133, -29.383],
						"1.0833": [-20.347, -8.93, -28.611],
						"1.125": [-19.853, -8.433, -26.991],
						"1.1667": [-19.32, -9.014, -26.823],
						"1.2083": [-18.847, -11.407, -30.961],
						"1.25": [-18.095, -14.427, -36.202],
						"1.2917": [-17.324, -17.269, -40.702],
						"1.3333": [-18.727, -19.641, -39.931],
						"1.375": [-20.681, -19.118, -36.508],
						"1.4167": [-22.165, -17.983, -34.775],
						"1.4583": [-24.0333, -17.07648, -33.87136],
						"1.5": [-27.989, -12.851, -27.87],
						"1.5417": [-27.01354, -11.70596, -25.55331],
						"1.5833": [-24.01, -12.17, -26.82],
						"1.625": [-23.49835, -12.61034, -28.08829],
						"1.7083": [-21.49092, -12.06907, -27.00381],
						"1.75": [-21.091, -12.293, -27.817],
						"1.7917": [-18.997, -11.562, -29.075],
						"1.8333": [-13.731, -8.959, -33.039],
						"1.875": [-14.464, -8.739, -30.404],
						"1.9167": [-15.425, -7.856, -25.037],
						"1.9583": [-16.908, -6.109, -20.593],
						"2.0": [-18.613, -5.607, -18.701],
						"2.0417": [-17.444, -4.089, -14.511],
						"2.0833": [-15.393, -2.634, -8.75],
						"2.125": [-12.647, -1.459, -2.617],
						"2.1667": [-6.194, -0.191, 8.327],
						"2.2083": [-3.067, -0.161, 11.354],
						"2.25": [-0.412, -0.201, 11.723],
						"2.2917": [1.126, 0.12, 9.26],
						"2.3333": [0.596, 1.06, 2.675],
						"2.375": ["-", "-", 0.224],
						"2.4167": [-0.102, -0.153, 0.708],
						"2.4583": [0.215, -0.269, -0.78],
						"2.5": [0.247, -0.135, -1.222],
						"2.5417": [0.083, -0.043, -0.394],
						"2.5833": [0, 0, 0]
					},
					"position": {
						"0.0": {
							"post": [0, 0, 0],
							"lerp_mode": "catmullrom"
						},
						"0.0833": {
							"post": [-0.07, 0.68, -0.14],
							"lerp_mode": "catmullrom"
						},
						"0.125": {
							"post": [-0.2, 0.885, -1.29],
							"lerp_mode": "catmullrom"
						},
						"0.25": {
							"post": [-0.2, 0.01, -0.93],
							"lerp_mode": "catmullrom"
						},
						"0.375": {
							"post": [-0.27, 1.045, -0.69],
							"lerp_mode": "catmullrom"
						},
						"0.5": {
							"post": [-0.35, 1.035, -0.805],
							"lerp_mode": "catmullrom"
						},
						"0.5833": [-0.099, 1.295, -1.186],
						"0.625": [-0.079, 1.227, -1.203],
						"0.6667": [-0.139, 0.856, -1.33],
						"0.7083": [-0.237, 0.956, -1.196],
						"0.75": [-0.322, 1.093, -1.061],
						"0.7917": [-0.219, 1.178, -1.143],
						"0.8333": [-0.231, 1.358, -1.077],
						"0.875": [-0.337, 1.344, -1.079],
						"0.9167": [-0.426, 1.28, -1.07],
						"0.9583": [-0.447, 1.226, -1.07],
						"1.0": [-0.355, 1.054, -1.103],
						"1.0417": [-0.28, 0.989, -1.127],
						"1.0833": [-0.23, 0.973, -1.147],
						"1.125": [-0.181, 0.961, -1.166],
						"1.1667": [-0.122, 1.025, -1.219],
						"1.2083": [-0.053, 1.084, -1.227],
						"1.25": [0.024, 1.186, -1.22],
						"1.2917": [0.099, 1.26, -1.212],
						"1.3333": [0.192, 1.385, -1.193],
						"1.375": [0.233, 1.455, -1.262],
						"1.4167": [0.317, 1.493, -1.31],
						"1.4583": [0.284, 1.536, -1.312],
						"1.5": [0.232, 1.587, -1.301],
						"1.5417": [0.254, 1.129, -1.298],
						"1.5833": [0.26, 1.43, -1.3],
						"1.625": [0.27, 1.43, -1.3],
						"1.7083": [0.28, 1.28, -1.3],
						"1.75": [0.289, 1.329, -1.306],
						"1.7917": [0.302, 1.311, -1.305],
						"1.8333": [0.78, 0.684, -1.331],
						"1.875": [0.819, 0.69, -1.365],
						"1.9167": [0.501, 0.917, -1.392],
						"1.9583": [0.186, 1.11, -1.389],
						"2.0": [0.099, 0.882, -1.354],
						"2.0417": [0.144, 0.634, -1.421],
						"2.0833": [0.126, 0.379, -1.575],
						"2.125": [0.105, 0.072, -1.495],
						"2.1667": [-0.017, -0.556, -1.382],
						"2.2083": [-0.088, -0.723, -1.246],
						"2.25": {
							"pre": [-0.146, -0.753, -1.063],
							"post": [-0.146, -0.753, -1.063],
							"lerp_mode": "catmullrom"
						},
						"2.2917": {
							"post": [-0.143, -0.692, -0.862],
							"lerp_mode": "catmullrom"
						},
						"2.3333": {
							"post": [0.073, -0.152, -0.664],
							"lerp_mode": "catmullrom"
						},
						"2.375": {
							"post": [0.198, 0.121, -0.449],
							"lerp_mode": "catmullrom"
						},
						"2.4167": {
							"post": [0.086, -0.096, -0.164],
							"lerp_mode": "catmullrom"
						},
						"2.4583": {
							"post": [0.053, -0.131, -0.139],
							"lerp_mode": "catmullrom"
						},
						"2.5": {
							"post": [0.012, -0.077, -0.033],
							"lerp_mode": "catmullrom"
						},
						"2.5417": {
							"post": [-0.02, -0.019, 0.008],
							"lerp_mode": "catmullrom"
						},
						"2.5833": {
							"post": [0, 0, 0],
							"lerp_mode": "catmullrom"
						}
					}
				},
				"mag_and_lefthand": {
					"rotation": {
						"0.4583": [0, 0, 0],
						"0.5833": [0, 0, 0],
						"0.6667": [0, 0, 0],
						"0.875": [0, 0, 0],
						"1.1667": [0, 0, 0],
						"1.4167": [0, 0, 15],
						"1.4583": [0, 0, 5],
						"1.5": [0, 0, -5],
						"1.5417": [0, 0, -5],
						"1.5833": [0, 0, 0],
						"1.6667": [0, 0, 2.5],
						"1.7083": [0, 0, 0],
						"1.75": [0, 0, 0]
					},
					"position": {
						"0.4583": [0, 0, 0],
						"0.5833": [0, 0, 0],
						"0.6667": [0, 0, 0],
						"0.875": [0, -27, 0],
						"1.1667": [0, -27, 0],
						"1.4167": [-2, -4, -0.9],
						"1.4583": [-0.5, -4.3, -0.9],
						"1.5": [1.5, -4, -0.9],
						"1.5833": [0.9, -4.9, -0.9],
						"1.7083": [0, -5.5, -0.8],
						"1.75": [-0.3, -4, 0],
						"1.7917": [0, -4, 0],
						"1.8333": [0, 0, 0]
					}
				},
				"camera": {
					"rotation": {
						"0.0": {
							"post": [0, 0, 0],
							"lerp_mode": "catmullrom"
						},
						"0.0417": {
							"post": [0, -0.011, 0.357],
							"lerp_mode": "catmullrom"
						},
						"0.0833": {
							"post": [-0.011, -0.043, 1.364],
							"lerp_mode": "catmullrom"
						},
						"0.125": {
							"post": [-0.037, -0.057, 1.211],
							"lerp_mode": "catmullrom"
						},
						"0.1667": {
							"post": [-0.05, -0.077, 1.169],
							"lerp_mode": "catmullrom"
						},
						"0.3333": {
							"post": [0.163, -0.323, 1.64],
							"lerp_mode": "catmullrom"
						},
						"0.375": {
							"post": [0.234, -0.366, 1.598],
							"lerp_mode": "catmullrom"
						},
						"0.4167": {
							"post": [0.387, -0.347, 1.132],
							"lerp_mode": "catmullrom"
						},
						"0.4583": {
							"post": [0.536, -0.287, 1.064],
							"lerp_mode": "catmullrom"
						},
						"0.5": {
							"post": [0.511, -0.111, 1.106],
							"lerp_mode": "catmullrom"
						},
						"0.625": {
							"post": [-0.238, 0.149, 0.614],
							"lerp_mode": "catmullrom"
						},
						"0.7083": {
							"post": [-0.119, 0.05, -0.273],
							"lerp_mode": "catmullrom"
						},
						"0.7917": {
							"post": [-0.081, 0.046, -1.075],
							"lerp_mode": "catmullrom"
						},
						"0.8333": {
							"post": [0.002, 0.052, -0.816],
							"lerp_mode": "catmullrom"
						},
						"0.875": {
							"post": [0.058, 0.05, -0.377],
							"lerp_mode": "catmullrom"
						},
						"0.9167": {
							"post": [0.114, 0.049, 0.061],
							"lerp_mode": "catmullrom"
						},
						"0.9583": {
							"post": [0.161, 0.045, 0.259],
							"lerp_mode": "catmullrom"
						},
						"1.0": {
							"post": [0.25, -0.023, -0.092],
							"lerp_mode": "catmullrom"
						},
						"1.0417": {
							"post": [0.294, -0.056, -0.267],
							"lerp_mode": "catmullrom"
						},
						"1.0833": {
							"post": [0.331, -0.107, -0.435],
							"lerp_mode": "catmullrom"
						},
						"1.125": {
							"post": [0.367, -0.158, -0.603],
							"lerp_mode": "catmullrom"
						},
						"1.1667": {
							"post": [0.417, -0.22, -0.362],
							"lerp_mode": "catmullrom"
						},
						"1.2083": {
							"post": [0.407, -0.22, -0.286],
							"lerp_mode": "catmullrom"
						},
						"1.25": {
							"post": [0.308, -0.161, -0.458],
							"lerp_mode": "catmullrom"
						},
						"1.2917": {
							"post": [0.208, -0.103, -0.629],
							"lerp_mode": "catmullrom"
						},
						"1.3333": {
							"post": [-0.026, 0.104, -0.59],
							"lerp_mode": "catmullrom"
						},
						"1.375": {
							"post": [-0.143, 0.207, -0.521],
							"lerp_mode": "catmullrom"
						},
						"1.4167": {
							"post": [-0.262, 0.309, -0.552],
							"lerp_mode": "catmullrom"
						},
						"1.4583": {
							"post": [-0.31, 0.367, -0.464],
							"lerp_mode": "catmullrom"
						},
						"1.5": {
							"post": [-0.01, 0.085, 0.765],
							"lerp_mode": "catmullrom"
						},
						"1.5417": {
							"post": [0.296, 0.651, -0.795],
							"lerp_mode": "catmullrom"
						},
						"1.625": {
							"post": [0.185, 0.781, 0.446],
							"lerp_mode": "catmullrom"
						},
						"1.6667": {
							"post": [0.078, 0.732, 0.81],
							"lerp_mode": "catmullrom"
						},
						"1.7083": {
							"post": [0.044, 0.65, 1.14],
							"lerp_mode": "catmullrom"
						},
						"1.75": {
							"post": [0.008, 0.568, 1.47],
							"lerp_mode": "catmullrom"
						},
						"1.7917": {
							"post": [-0.007, 0.466, 1.586],
							"lerp_mode": "catmullrom"
						},
						"1.8333": {
							"post": [-0.039, 0.263, 1.817],
							"lerp_mode": "catmullrom"
						},
						"1.875": {
							"post": [-0.056, 0.161, 1.933],
							"lerp_mode": "catmullrom"
						},
						"1.9167": {
							"post": [-0.072, 0.06, 2.048],
							"lerp_mode": "catmullrom"
						},
						"1.9583": {
							"post": [-0.089, -0.042, 2.164],
							"lerp_mode": "catmullrom"
						},
						"2.0": {
							"post": [0.043, 0.199, 2.72],
							"lerp_mode": "catmullrom"
						},
						"2.0417": {
							"post": [0.001, 0.349, 2.528],
							"lerp_mode": "catmullrom"
						},
						"2.0833": {
							"post": [0.027, 0.426, 2.023],
							"lerp_mode": "catmullrom"
						},
						"2.1667": {
							"post": [0.052, 0.405, -0.158],
							"lerp_mode": "catmullrom"
						},
						"2.2083": {
							"post": [-0.084, 0.266, 0.693],
							"lerp_mode": "catmullrom"
						},
						"2.25": {
							"post": [-0.162, 0.148, 0.769],
							"lerp_mode": "catmullrom"
						},
						"2.2917": {
							"post": [-0.125, 0.094, 0.362],
							"lerp_mode": "catmullrom"
						},
						"2.3333": {
							"post": [-0.088, 0.04, 0.03],
							"lerp_mode": "catmullrom"
						},
						"2.375": {
							"post": [-0.036, 0.014, 0.147],
							"lerp_mode": "catmullrom"
						},
						"2.4167": {
							"post": [-0.01, 0.001, 0.018],
							"lerp_mode": "catmullrom"
						},
						"2.4583": {
							"post": [0, 0, 0],
							"lerp_mode": "catmullrom"
						}
					}
				}
			},
			"sound_effects": {
				"0.0417": {
					"effect": "tacz:cz75/cz75_reload_raise"
				},
				"0.3333": {
					"effect": "tacz:cz75/cz75_inspect_magout"
				},
				"1.375": {
					"effect": "tacz:cz75/cz75_inspect_maghit"
				},
				"1.7083": {
					"effect": "tacz:cz75/cz75_reload_magin"
				},
				"2.125": {
					"effect": "tacz:cz75/cz75_reload_fast_end"
				}
			}
		},
		"reload_empty": {
			"animation_length": 3.125,
			"bones": {
				"lefthand": {
					"rotation": {
						"0.0": [109.82199, -56.99789, -147.16457],
						"0.125": [105.50643, -30.94995, -149.21771],
						"0.25": [132.1708, -8.53894, -200.84819],
						"0.4167": [132.1708, -8.53894, -200.84819],
						"0.4583": [135.4633, -6.52006, -203.08749],
						"0.5417": [129.87742, -5.6231, -207.5708],
						"0.625": [128.90811, -6.3117, -198.82422],
						"1.7917": [132.17, -8.54, -200.85],
						"1.8333": [122.17, -8.54, -200.85],
						"1.875": [125.3, -8.54, -200.85],
						"1.9583": [132.1708, -8.53894, -200.84819],
						"2.125": [117.247, 23.628, -296.357],
						"2.1667": [108.246, 22.527, -307.316],
						"2.2083": [95.938, 33.532, -314.324],
						"2.25": [91.584, 34.219, -313.057],
						"2.2917": [85.855, 36.266, -309.742],
						"2.3333": [92.931, 39.787, -303.641],
						"2.375": [108.368, 36.71, -291.039],
						"2.4167": [119.324, 34.828, -273.703],
						"2.4583": [122.789, 30.218, -260.578],
						"2.5": [128.112, 26.62, -261.487],
						"2.5417": [131.342, 23.032, -267.494],
						"2.7917": [109.82199, -56.99789, -147.16457]
					},
					"position": {
						"0.0": [7.112, -12.069, 0.445],
						"0.125": [11.29, -12.61, -1.19],
						"0.25": [8.11, -16.07, 0.45],
						"0.4167": [8.11, -16.07, 0.45],
						"0.4583": [8.11, -16.07, 0.45],
						"0.5417": [8.11, -16.07, 0.45],
						"0.625": [8.11, -16.07, 0.45],
						"1.7917": [8.11, -16.07, 0.45],
						"1.8333": [8.11, -16.07, 0.45],
						"1.875": [8.11, -16.07, 0.45],
						"1.9583": [8.11, -16.07, 0.45],
						"2.125": [10.212, -7.115, 0.3],
						"2.1667": [9.913, -7.30175, 0.342],
						"2.2083": [9.679, -6.89075, -0.011],
						"2.25": [9.575, -6.82775, 0.212],
						"2.2917": [9.538, -7.20525, 3.43],
						"2.3333": [9.322, -6.83925, 3.641],
						"2.375": [8.333, -6.30525, 3.949],
						"2.4167": [8.44, -6.37225, 3.89825],
						"2.4583": [9.31, -8.714, 4.98275],
						"2.5": [10.395, -8.043, 5.123],
						"2.5417": [10.145, -7.733, 3.818],
						"2.7917": [7.112, -12.069, 0.445]
					},
					"scale": [1, 1.5, 1]
				},
				"righthand": {
					"rotation": [-88.148, 177.804, 0.071],
					"position": [-6.558, -12.837, 6.326],
					"scale": [1, 1.5, 1]
				},
				"constraint": {
					"rotation": [0.3, 0.2, 0.3],
					"position": [0.1, 0.1, 0.5]
				},
				"root": {
					"rotation": {
						"0.0": {
							"post": [0, 0, 0],
							"lerp_mode": "catmullrom"
						},
						"0.0833": {
							"post": [-3.39058, 0.28629, 1.84737],
							"lerp_mode": "catmullrom"
						},
						"0.25": {
							"post": [-15.02627, -5.21118, -27.57717],
							"lerp_mode": "catmullrom"
						},
						"0.375": {
							"post": [-19.74235, -9.60041, -31.95266],
							"lerp_mode": "catmullrom"
						},
						"0.4583": {
							"post": [-19.60203, -8.52838, -29.44782],
							"lerp_mode": "catmullrom"
						},
						"0.5833": [-19.997, -8.498, -29.721],
						"0.625": [-19.284, -8.008, -29.291],
						"0.6667": [-15.621, -6.464, -24.424],
						"0.7083": [-16.32, -6.1, -17.376],
						"0.75": [-17.598, -5.101, -11.11],
						"0.7917": [-18.026, -7.688, -21.855],
						"0.8333": [-21.806, -7.356, -31.057],
						"0.875": [-23.97, -5.606, -28.977],
						"0.9167": [-25.189, -4.22, -25.434],
						"0.9583": [-24.933, -4.705, -23.581],
						"1.0": [-22.163, -8.466, -27.927],
						"1.0417": [-21.099, -9.133, -29.383],
						"1.0833": [-20.347, -8.93, -28.611],
						"1.125": [-19.853, -8.433, -26.991],
						"1.1667": [-19.32, -9.014, -26.823],
						"1.2083": [-18.847, -11.407, -30.961],
						"1.25": [-18.095, -14.427, -36.202],
						"1.2917": [-17.324, -17.269, -40.702],
						"1.3333": [-18.727, -19.641, -39.931],
						"1.375": [-20.681, -19.118, -36.508],
						"1.4167": [-22.165, -17.983, -34.775],
						"1.4583": [-24.0333, -17.07648, -33.87136],
						"1.5": [-27.989, -12.851, -27.87],
						"1.5417": [-27.01354, -11.70596, -25.55331],
						"1.5833": [-24.01, -12.17, -26.82],
						"1.625": [-23.49835, -12.61034, -28.08829],
						"1.7083": [-21.49092, -12.06907, -27.00381],
						"1.75": [-21.091, -12.293, -27.817],
						"1.7917": [-18.997, -11.562, -29.075],
						"1.8333": [-13.731, -8.959, -33.039],
						"1.875": [-14.464, -8.739, -30.404],
						"1.9167": [-15.425, -7.856, -25.037],
						"1.9583": [-16.908, -6.109, -20.593],
						"2.0": [-18.613, -5.607, -18.701],
						"2.0417": [-17.444, -4.089, -14.511],
						"2.0833": [-15.393, -2.634, -8.75],
						"2.125": [-12.647, -1.459, -2.617],
						"2.1667": [-6.194, -0.191, 8.327],
						"2.2083": [-2.794, 1.291, 9.771],
						"2.25": [-4.464, 1.177, 13.027],
						"2.2917": [-7.548, 0.612, 4.216],
						"2.3333": [-8.615, 1.502, 5.407],
						"2.375": [-9.052, 3.185, 8.965],
						"2.4167": [-7.462, 5.929, 16.941],
						"2.4583": [-8.854, 5.222, 19.52],
						"2.5": [-7.562, 2.455, 19.285],
						"2.5417": [-5.889, 2.453, 18.843],
						"2.5833": [-5.328, 2.875, 17.456],
						"2.625": [-6.194, -0.191, 8.327],
						"2.6667": [-3.067, -0.161, 11.354],
						"2.7083": [-0.412, -0.201, 11.723],
						"2.75": [1.126, 0.12, 9.26],
						"2.7917": [0.596, 1.06, 2.675],
						"2.8333": ["-", "-", 0.224],
						"2.875": [-0.102, -0.153, 0.708],
						"2.9167": [0.215, -0.269, -0.78],
						"2.9583": [0.247, -0.135, -1.222],
						"3.0": [0.083, -0.043, -0.394],
						"3.0417": [0, 0, 0]
					},
					"position": {
						"0.0": {
							"post": [0, 0, 0],
							"lerp_mode": "catmullrom"
						},
						"0.0833": {
							"post": [-0.07, 0.68, -0.14],
							"lerp_mode": "catmullrom"
						},
						"0.125": {
							"post": [-0.2, 0.885, -1.29],
							"lerp_mode": "catmullrom"
						},
						"0.25": {
							"post": [-0.2, 0.01, -0.93],
							"lerp_mode": "catmullrom"
						},
						"0.375": {
							"post": [-0.27, 1.045, -0.69],
							"lerp_mode": "catmullrom"
						},
						"0.5": {
							"post": [-0.35, 1.035, -0.805],
							"lerp_mode": "catmullrom"
						},
						"0.5833": [-0.099, 1.295, -1.186],
						"0.625": [-0.079, 1.227, -1.203],
						"0.6667": [-0.139, 0.856, -1.33],
						"0.7083": [-0.237, 0.956, -1.196],
						"0.75": [-0.322, 1.093, -1.061],
						"0.7917": [-0.219, 1.178, -1.143],
						"0.8333": [-0.231, 1.358, -1.077],
						"0.875": [-0.337, 1.344, -1.079],
						"0.9167": [-0.426, 1.28, -1.07],
						"0.9583": [-0.447, 1.226, -1.07],
						"1.0": [-0.355, 1.054, -1.103],
						"1.0417": [-0.28, 0.989, -1.127],
						"1.0833": [-0.23, 0.973, -1.147],
						"1.125": [-0.181, 0.961, -1.166],
						"1.1667": [-0.122, 1.025, -1.219],
						"1.2083": [-0.053, 1.084, -1.227],
						"1.25": [0.024, 1.186, -1.22],
						"1.2917": [0.099, 1.26, -1.212],
						"1.3333": [0.192, 1.385, -1.193],
						"1.375": [0.233, 1.455, -1.262],
						"1.4167": [0.317, 1.493, -1.31],
						"1.4583": [0.284, 1.536, -1.312],
						"1.5": [0.232, 1.587, -1.301],
						"1.5417": [0.254, 1.129, -1.298],
						"1.5833": [0.26, 1.43, -1.3],
						"1.625": [0.27, 1.43, -1.3],
						"1.7083": [0.28, 1.28, -1.3],
						"1.75": [0.289, 1.329, -1.306],
						"1.7917": [0.302, 1.311, -1.305],
						"1.8333": [0.78, 0.684, -1.331],
						"1.875": [0.819, 0.69, -1.365],
						"1.9167": [0.501, 0.917, -1.392],
						"1.9583": [0.186, 1.11, -1.389],
						"2.0": [0.099, 0.882, -1.354],
						"2.0417": [0.144, 0.634, -1.421],
						"2.0833": [0.126, 0.379, -1.575],
						"2.125": [0.105, 0.072, -1.495],
						"2.1667": [-0.017, -0.556, -1.382],
						"2.2083": [-0.051, -0.311, -1.393],
						"2.25": [-0.099, -0.251, -1.019],
						"2.2917": [-0.095, -0.304, -0.76],
						"2.3333": [-0.282, -0.174, -0.742],
						"2.375": [-0.393, 0.03, -0.994],
						"2.4167": [-0.508, 0.087, -1.169],
						"2.4583": [-0.158, -0.311, -1.15],
						"2.5": [-0.299, -0.44, -1.1],
						"2.5417": [-0.438, -0.451, -1.469],
						"2.5833": [-0.263, -0.445, -1.349],
						"2.625": [-0.017, -0.556, -1.382],
						"2.6667": [-0.088, -0.723, -1.246],
						"2.7083": {
							"pre": [-0.146, -0.753, -1.063],
							"post": [-0.146, -0.753, -1.063],
							"lerp_mode": "catmullrom"
						},
						"2.75": {
							"post": [-0.143, -0.692, -0.862],
							"lerp_mode": "catmullrom"
						},
						"2.7917": {
							"post": [0.073, -0.152, -0.664],
							"lerp_mode": "catmullrom"
						},
						"2.8333": {
							"post": [0.198, 0.121, -0.449],
							"lerp_mode": "catmullrom"
						},
						"2.875": {
							"post": [0.086, -0.096, -0.164],
							"lerp_mode": "catmullrom"
						},
						"2.9167": {
							"post": [0.053, -0.131, -0.139],
							"lerp_mode": "catmullrom"
						},
						"2.9583": {
							"post": [0.012, -0.077, -0.033],
							"lerp_mode": "catmullrom"
						},
						"3.0": {
							"post": [-0.02, -0.019, 0.008],
							"lerp_mode": "catmullrom"
						},
						"3.0417": {
							"post": [0, 0, 0],
							"lerp_mode": "catmullrom"
						}
					}
				},
				"mag_and_lefthand": {
					"rotation": {
						"0.4583": [0, 0, 0],
						"0.5833": [0, 0, 0],
						"0.6667": [0, 0, 0],
						"0.7083": [0, 0, 0],
						"0.875": [0, 0, 0],
						"1.1667": [0, 0, 0],
						"1.4167": [0, 0, 15],
						"1.4583": [0, 0, 5],
						"1.5": [0, 0, -5],
						"1.5417": [0, 0, -5],
						"1.5833": [0, 0, 0],
						"1.6667": [0, 0, 2.5],
						"1.7083": [0, 0, 0],
						"1.75": [0, 0, 0]
					},
					"position": {
						"0.4583": [0, 0, 0],
						"0.5833": [0, 0, 0],
						"0.6667": [0, 0, 0],
						"0.7083": [0, -5.4, 0.2],
						"0.875": [0, -27, 0],
						"1.1667": [0, -27, 0],
						"1.4167": [-2, -4, -0.9],
						"1.4583": [-0.5, -4.3, -0.9],
						"1.5": [1.5, -4, -0.9],
						"1.5833": [0.9, -4.9, -0.9],
						"1.7083": [0, -4.6, 0.1],
						"1.75": [-0.3, -4, 0],
						"1.7917": [0, -4, 0],
						"1.8333": [0, 0, 0]
					}
				},
				"bolt": {
					"position": {
						"2.25": [0, 0, -3.4],
						"2.2917": [0, 0, 0.3],
						"2.375": [0, 0, 0.3],
						"2.4167": [0, 0, 0]
					}
				},
				"camera": {
					"rotation": {
						"0.0": {
							"post": [-0.002, -0.004, 0],
							"lerp_mode": "catmullrom"
						},
						"0.0417": {
							"post": [-0.002, -0.004, 0.357],
							"lerp_mode": "catmullrom"
						},
						"0.0833": {
							"post": [-0.042, -0.037, 0.365],
							"lerp_mode": "catmullrom"
						},
						"0.125": {
							"post": [-0.075, -0.047, 0.212],
							"lerp_mode": "catmullrom"
						},
						"0.1667": {
							"post": [-0.079, -0.062, -0.23],
							"lerp_mode": "catmullrom"
						},
						"0.2083": {
							"post": [-0.083, -0.077, -0.672],
							"lerp_mode": "catmullrom"
						},
						"0.25": {
							"post": [-0.091, -0.106, -0.555],
							"lerp_mode": "catmullrom"
						},
						"0.2917": {
							"post": [-0.062, -0.138, -0.71],
							"lerp_mode": "catmullrom"
						},
						"0.3333": {
							"post": [-0.012, -0.165, -0.46],
							"lerp_mode": "catmullrom"
						},
						"0.375": {
							"post": [0.059, -0.202, 0.106],
							"lerp_mode": "catmullrom"
						},
						"0.4167": {
							"post": [0.202, -0.277, 0.24],
							"lerp_mode": "catmullrom"
						},
						"0.4583": {
							"post": [0.287, -0.317, 0.197],
							"lerp_mode": "catmullrom"
						},
						"0.5": {
							"post": [0.467, -0.304, 0.131],
							"lerp_mode": "catmullrom"
						},
						"0.5417": {
							"post": [0.65, -0.257, 0.161],
							"lerp_mode": "catmullrom"
						},
						"0.5833": {
							"post": [0.627, -0.104, -1.697],
							"lerp_mode": "catmullrom"
						},
						"0.625": {
							"post": [0.205, 0.018, -1.901],
							"lerp_mode": "catmullrom"
						},
						"0.6667": {
							"post": [-0.169, 0.107, -0.32],
							"lerp_mode": "catmullrom"
						},
						"0.7083": {
							"post": [-0.307, 0.127, 1.59],
							"lerp_mode": "catmullrom"
						},
						"0.75": {
							"post": [-0.231, 0.087, 1.801],
							"lerp_mode": "catmullrom"
						},
						"0.7917": {
							"post": [-0.186, 0.067, 0.765],
							"lerp_mode": "catmullrom"
						},
						"0.8333": {
							"post": [-0.14, 0.048, -0.272],
							"lerp_mode": "catmullrom"
						},
						"0.875": {
							"post": [-0.098, 0.043, -1.075],
							"lerp_mode": "catmullrom"
						},
						"0.9167": {
							"post": [0.008, 0.043, -0.816],
							"lerp_mode": "catmullrom"
						},
						"0.9583": {
							"post": [0.073, 0.039, -0.378],
							"lerp_mode": "catmullrom"
						},
						"1.0": {
							"post": [0.137, 0.038, 0.06],
							"lerp_mode": "catmullrom"
						},
						"1.0417": {
							"post": [0.192, 0.035, 0.258],
							"lerp_mode": "catmullrom"
						},
						"1.0833": {
							"post": [0.298, -0.024, -0.093],
							"lerp_mode": "catmullrom"
						},
						"1.125": {
							"post": [0.351, -0.053, -0.268],
							"lerp_mode": "catmullrom"
						},
						"1.1667": {
							"post": [0.398, -0.097, -0.437],
							"lerp_mode": "catmullrom"
						},
						"1.2083": {
							"post": [0.445, -0.142, -0.605],
							"lerp_mode": "catmullrom"
						},
						"1.25": {
							"post": [0.503, -0.191, 0.037],
							"lerp_mode": "catmullrom"
						},
						"1.2917": {
							"post": [0.49, -0.195, 1.412],
							"lerp_mode": "catmullrom"
						},
						"1.3333": {
							"post": [0.367, -0.143, 1.241],
							"lerp_mode": "catmullrom"
						},
						"1.375": {
							"post": [0.244, -0.092, 1.07],
							"lerp_mode": "catmullrom"
						},
						"1.4167": {
							"post": [-0.041, 0.088, 0.41],
							"lerp_mode": "catmullrom"
						},
						"1.4583": {
							"post": [-0.383, 0.315, -0.463],
							"lerp_mode": "catmullrom"
						},
						"1.5": {
							"post": [0.337, 0.54, -1.522],
							"lerp_mode": "catmullrom"
						},
						"1.6667": {
							"post": [0.395, 0.707, 0.609],
							"lerp_mode": "catmullrom"
						},
						"1.75": {
							"post": [0.062, 0.614, 0.808],
							"lerp_mode": "catmullrom"
						},
						"1.7917": {
							"post": [0.044, 0.559, 1.118],
							"lerp_mode": "catmullrom"
						},
						"1.8333": {
							"post": [0.025, 0.504, 2.428],
							"lerp_mode": "catmullrom"
						},
						"1.875": {
							"post": [0.17, -0.032, 3.326],
							"lerp_mode": "catmullrom"
						},
						"1.9167": {
							"post": [0.366, -0.051, 3.241],
							"lerp_mode": "catmullrom"
						},
						"1.9583": {
							"post": [0.947, 0.229, 2.347],
							"lerp_mode": "catmullrom"
						},
						"2.0": {
							"post": [1.361, 0.517, 1.493],
							"lerp_mode": "catmullrom"
						},
						"2.0417": {
							"post": [0.753, 0.254, 1.292],
							"lerp_mode": "catmullrom"
						},
						"2.25": {
							"post": [0.48, 0.13, 0.95],
							"lerp_mode": "catmullrom"
						},
						"2.3333": {
							"post": [1.19, 0.69, 2.81],
							"lerp_mode": "catmullrom"
						},
						"2.4167": {
							"post": [0, -0.33, 1.11],
							"lerp_mode": "catmullrom"
						},
						"2.6667": {
							"post": [-0.029, -0.096, 0.317],
							"lerp_mode": "catmullrom"
						},
						"2.75": {
							"post": [-0.155, 0.039, 1.394],
							"lerp_mode": "catmullrom"
						},
						"2.7917": {
							"post": [0.33, 0.28, 1.176],
							"lerp_mode": "catmullrom"
						},
						"2.875": {
							"post": [0.371, 0.374, -0.377],
							"lerp_mode": "catmullrom"
						},
						"2.9167": {
							"post": [0.206, 0.396, -0.796],
							"lerp_mode": "catmullrom"
						},
						"2.9583": {
							"post": [-0.119, 0.216, 0.968],
							"lerp_mode": "catmullrom"
						},
						"3.0417": {
							"post": [-0.161, 0.081, -0.237],
							"lerp_mode": "catmullrom"
						},
						"3.125": {
							"post": [0, 0, 0],
							"lerp_mode": "catmullrom"
						}
					}
				}
			},
			"sound_effects": {
				"0.0417": {
					"effect": "tacz:cz75/cz75_reload_raise"
				},
				"0.3333": {
					"effect": "tacz:cz75/cz75_inspect_magout"
				},
				"1.375": {
					"effect": "tacz:cz75/cz75_inspect_maghit"
				},
				"1.7083": {
					"effect": "tacz:cz75/cz75_reload_magin"
				},
				"2.125": {
					"effect": "tacz:cz75/cz75_inspect_slidepull"
				},
				"2.1667": {
					"effect": "tacz:cz75/cz75_inspect_sliderelease"
				},
				"2.75": {
					"effect": "tacz:cz75/cz75_reload_fast_end"
				}
			}
		},
		"shoot": {
			"animation_length": 1.1333,
			"bones": {
				"root": {
					"rotation": {
						"0.0": [0, 0, 0],
						"0.0333": [-0.586, 0.022, -0.92],
						"0.0667": [-0.504, 0.013, -0.169],
						"0.1": [-0.273, 0.009, 0.812],
						"0.1333": [-0.014, 0.047, 1.048],
						"0.1667": [0.228, 0.118, 0.927],
						"0.2": [0.343, 0.179, 0.353],
						"0.2333": [0.458, 0.242, -0.221],
						"0.2667": [0.339, 0.226, -0.463],
						"0.3": [0.129, 0.177, -0.515],
						"0.3333": [-0.064, 0.105, -0.246],
						"0.3667": [-0.257, 0.034, 0.024],
						"0.4": [-0.21, -0.019, 0.183],
						"0.4333": [-0.162, -0.071, 0.343],
						"0.4667": [-0.098, -0.04, 0.194],
						"0.5": [-0.034, -0.008, 0.045],
						"0.5333": [0.03, 0.024, -0.104],
						"0.5667": [0.094, 0.056, -0.253],
						"0.6": [0.078, 0.045, -0.164],
						"0.6333": [0.062, 0.034, -0.075],
						"0.6667": [0.047, 0.023, 0.015],
						"0.7": [0.031, 0.011, 0.104],
						"0.7333": [0.022, 0.01, 0.058],
						"0.8": [0.013, 0.009, 0.011],
						"0.9": [0.003, 0.005, -0.103],
						"1.0": [0.002, 0.004, -0.077],
						"1.1333": [0, 0, 0]
					},
					"position": {
						"0.0": [0, 0, 0],
						"0.0333": [0.002, 0.029, 1.064],
						"0.0667": [0.007, 0.059, 0.539],
						"0.1": [0.012, 0.082, 0.258],
						"0.1333": [0, 0.036, 0.272],
						"0.1667": [-0.003, -0.014, 0.11],
						"0.2": [-0.014, -0.034, 0.084],
						"0.2333": [-0.024, -0.055, 0.058],
						"0.2667": [-0.009, -0.03, 0.051],
						"0.3": [0.001, -0.014, 0.042],
						"0.3333": [0.003, 0.004, 0.034],
						"0.3667": [0.016, -0.009, 0.043],
						"0.4": [0.032, 0.003, 0.056],
						"0.4333": [0.048, 0.015, 0.069],
						"0.4667": [0.039, 0.012, 0.057],
						"0.5": [0.03, 0.01, 0.045],
						"0.5333": [0.022, 0.007, 0.034],
						"0.5667": [0.013, 0.004, 0.022],
						"0.6": [-0.003, -0.006, 0.009],
						"0.6333": [-0.005, -0.007, 0.007],
						"0.6667": [-0.007, -0.007, 0.006],
						"0.7": [-0.01, -0.007, 0.005],
						"0.7333": [-0.008, -0.008, 0.005],
						"0.8": [-0.007, -0.008, 0.004],
						"0.9": [-0.003, -0.009, 0.003],
						"1.0": [-0.003, -0.008, 0.003],
						"1.1333": [0, 0, 0]
					}
				},
				"ump45_bolt": {
					"position": {
						"0.0": [0, 0, 0],
						"0.0333": [0, 0, 2.55],
						"0.0667": [0, 0, 0]
					}
				},
				"camera": {
					"rotation": {
						"0.0": [0, 0, 0],
						"0.0333": [0, 0, 0.65],
						"0.0667": [0, 0, -0.37],
						"0.1": [0, 0, 0.41],
						"0.1333": [0, 0, -0.185],
						"0.1667": [0, 0, 0.2],
						"0.2": [0, 0, 0]
					}
				},
				"bolt": {
					"position": {
						"0.0": [0, 0, 0],
						"0.0333": [0, 0, -3.4],
						"0.0667": [0, 0, 0]
					}
				}
			}
		},
		"static_bolt_caught": {
			"animation_length": 0.0667,
			"bones": {
				"constraint": {
					"rotation": [0.3, 0.2, 0.3],
					"position": [0.1, 0.1, 0.5]
				},
				"bolt": {
					"position": [0, 0, -3.4]
				}
			}
		},
		"inspect_empty": {
			"animation_length": 5.4583,
			"bones": {
				"lefthand": {
					"rotation": {
						"0.0": [109.82199, -56.99789, -147.16457],
						"0.125": [59.56185, -1.82898, -148.41402],
						"0.2083": [32.06, -1.83, -148.41],
						"0.75": [32.06, -1.83, -148.41],
						"0.9583": [109.82199, -56.99789, -147.16457]
					},
					"position": {
						"0.0": [7.112, -12.069, 0.445],
						"0.125": [16.11, -19.07, 0.45],
						"0.2083": [16.11, -31.07, 7.45],
						"0.75": [16.11, -31.07, 7.45],
						"0.9583": [7.112, -12.069, 0.445]
					},
					"scale": [1, 1.5, 1]
				},
				"righthand": {
					"rotation": {
						"0.0": [-88.148, 177.804, 0.071],
						"0.2083": [-88.15, 177.8, 0.07],
						"0.3333": [-88.15, 177.8, 0.07],
						"0.4167": [-88.15, 177.8, 0.07]
					},
					"position": {
						"0.0": [-6.558, -12.837, 6.326],
						"0.2083": [-6.56, -12.84, 6.33],
						"0.3333": [-6.56, -12.24, 6.33],
						"0.4167": [-6.56, -12.84, 6.33]
					},
					"scale": [1, 1.5, 1]
				},
				"constraint": {
					"rotation": [0.3, 0.2, 0.3],
					"position": [0.1, 0.1, 0.5]
				},
				"root": {
					"rotation": {
						"0.0": {
							"post": [0, 0, 0],
							"lerp_mode": "catmullrom"
						},
						"0.125": {
							"post": [20, 0, 0],
							"lerp_mode": "catmullrom"
						},
						"0.2083": {
							"post": [-22.5, 0, 0],
							"lerp_mode": "catmullrom"
						},
						"0.4167": {
							"post": [-22.5, 0, 0],
							"lerp_mode": "catmullrom"
						},
						"0.5417": {
							"post": [-1, 0, 0],
							"lerp_mode": "catmullrom"
						},
						"0.6667": {
							"post": [1, 0, 0],
							"lerp_mode": "catmullrom"
						},
						"1.0417": {
							"post": [-15.30902, -2.26482, -10.8535],
							"lerp_mode": "catmullrom"
						},
						"1.125": {
							"post": [-19.87196, -3.17785, -17.95906],
							"lerp_mode": "catmullrom"
						},
						"1.25": {
							"post": [-21.02, -3.65, -14.43],
							"lerp_mode": "catmullrom"
						},
						"1.3333": {
							"post": [-22.61825, -4.52968, -16.70733],
							"lerp_mode": "catmullrom"
						},
						"1.5": {
							"post": [-22.75, -4.41, -17.665],
							"lerp_mode": "catmullrom"
						},
						"1.6667": {
							"post": [-22.62, -4.53, -17.96],
							"lerp_mode": "catmullrom"
						},
						"1.875": {
							"post": [-21.83419, -7.56045, -25.65573],
							"lerp_mode": "catmullrom"
						},
						"2.0833": {
							"post": [-21.78, -7.76, -26.34],
							"lerp_mode": "catmullrom"
						},
						"2.3333": {
							"post": [-21.78, -7.74, -26.81],
							"lerp_mode": "catmullrom"
						},
						"2.5417": {
							"post": [-21.8, -7.68, -27.385],
							"lerp_mode": "catmullrom"
						},
						"2.8333": {
							"post": [-21.83419, -7.56045, -25.65573],
							"lerp_mode": "catmullrom"
						},
						"2.9167": {
							"post": [-21.83419, -7.56045, -14.65573],
							"lerp_mode": "catmullrom"
						},
						"3.125": {
							"post": [-24.9445, 7.90002, 43.15984],
							"lerp_mode": "catmullrom"
						},
						"3.25": {
							"post": [-24.9445, 7.90002, 59.65984],
							"lerp_mode": "catmullrom"
						},
						"3.375": {
							"post": [-24.95, 7.88, 61.47],
							"lerp_mode": "catmullrom"
						},
						"3.5": {
							"post": [-24.96, 7.86, 60.99],
							"lerp_mode": "catmullrom"
						},
						"3.75": {
							"post": [-25, 7.75, 61.77],
							"lerp_mode": "catmullrom"
						},
						"4.0": {
							"post": [-24.9445, 7.90002, 61.65984],
							"lerp_mode": "catmullrom"
						},
						"4.1667": {
							"post": [-24.22873, 9.9815, 70.7622],
							"lerp_mode": "catmullrom"
						},
						"4.4167": {
							"post": [-24.16, 10.35, 71.62],
							"lerp_mode": "catmullrom"
						},
						"4.6667": {
							"post": [-23.86, 10.06, 70.09],
							"lerp_mode": "catmullrom"
						},
						"4.8333": {
							"post": [-21.22873, 8.4815, 60.2622],
							"lerp_mode": "catmullrom"
						},
						"5.0": {
							"post": [-2.67436, -2.84081, 26.11685],
							"lerp_mode": "catmullrom"
						},
						"5.125": {
							"post": [2.37, -2.9, 0.4],
							"lerp_mode": "catmullrom"
						},
						"5.25": {
							"post": [0, 0, 1.25],
							"lerp_mode": "catmullrom"
						},
						"5.3333": {
							"post": [0, 0, 0.5],
							"lerp_mode": "catmullrom"
						},
						"5.4167": {
							"post": [0, 0, 0],
							"lerp_mode": "catmullrom"
						}
					},
					"position": {
						"0.0": {
							"post": [0, 0, 0],
							"lerp_mode": "catmullrom"
						},
						"0.125": {
							"post": [0, -4, 1],
							"lerp_mode": "catmullrom"
						},
						"0.2083": {
							"post": [0, 3, 1],
							"lerp_mode": "catmullrom"
						},
						"0.4167": {
							"post": [0, 3, 1],
							"lerp_mode": "catmullrom"
						},
						"0.5417": {
							"post": [0, -0.6, 1],
							"lerp_mode": "catmullrom"
						},
						"0.6667": {
							"post": [0, -2, 1],
							"lerp_mode": "catmullrom"
						},
						"1.0417": {
							"post": [0.34, 0.6, -1.65],
							"lerp_mode": "catmullrom"
						},
						"1.125": {
							"post": [0.67385, 0.3, -0.8],
							"lerp_mode": "catmullrom"
						},
						"1.2917": {
							"post": [0.67385, 0.4, -1],
							"lerp_mode": "catmullrom"
						},
						"2.875": {
							"post": [0.67385, 0.39886, -0.7],
							"lerp_mode": "catmullrom"
						},
						"3.25": {
							"post": [-1.07086, -0.3546, -1.4],
							"lerp_mode": "catmullrom"
						},
						"4.7917": {
							"post": [-1.07086, -0.3546, -1.4],
							"lerp_mode": "catmullrom"
						},
						"5.125": {
							"post": [0, -0.3, -0.7],
							"lerp_mode": "catmullrom"
						},
						"5.2917": {
							"post": [0.1, 0, 0.3],
							"lerp_mode": "catmullrom"
						},
						"5.375": {
							"post": [0, 0, 0],
							"lerp_mode": "catmullrom"
						}
					}
				},
				"magazine_and_bullet": {
					"rotation": {
						"0.2083": {
							"pre": [0, 0, 0],
							"post": [0, 0, 0],
							"lerp_mode": "catmullrom"
						},
						"0.25": {
							"post": [-78.75, 0, 0],
							"lerp_mode": "catmullrom"
						},
						"0.2917": {
							"post": [-180, 0, 0],
							"lerp_mode": "catmullrom"
						},
						"0.5": {
							"post": [-360, 0, 0],
							"lerp_mode": "catmullrom"
						}
					},
					"position": {
						"0.2083": {
							"pre": [0, 0, 0],
							"post": [0, 0, 0],
							"lerp_mode": "catmullrom"
						},
						"0.25": {
							"post": [0, 7.29, 0],
							"lerp_mode": "catmullrom"
						},
						"0.2917": {
							"post": [0, 11, 0],
							"lerp_mode": "catmullrom"
						},
						"0.5": {
							"post": [0, 0, 0],
							"lerp_mode": "catmullrom"
						}
					}
				},
				"gun_and_righthand": {
					"rotation": [0, 0, 0],
					"position": [0, 0, 0]
				},
				"tec_9": {
					"rotation": {
						"0.2083": {
							"pre": [0, 0, 0],
							"post": [0, 0, 0],
							"lerp_mode": "catmullrom"
						},
						"0.2917": {
							"post": [-180, 0, 0],
							"lerp_mode": "catmullrom"
						},
						"0.5": {
							"post": [-360, 0, 0],
							"lerp_mode": "catmullrom"
						}
					},
					"position": {
						"0.2083": {
							"pre": [0, 0, 0],
							"post": [0, 0, 0],
							"lerp_mode": "catmullrom"
						},
						"0.2917": {
							"post": [0, 11, 0],
							"lerp_mode": "catmullrom"
						},
						"0.5": {
							"post": [0, 0, 0],
							"lerp_mode": "catmullrom"
						}
					}
				},
				"bolt": {
					"position": [0, 0, -3.4]
				},
				"camera": {
					"rotation": {
						"0.0": [0, 0, 0],
						"0.125": {
							"pre": [4, 0, 0],
							"post": [4, 0, 0],
							"lerp_mode": "catmullrom"
						},
						"0.25": {
							"post": [-3, 0, 0],
							"lerp_mode": "catmullrom"
						},
						"0.2917": {
							"post": [-2.7, 0, 0],
							"lerp_mode": "catmullrom"
						},
						"0.3333": {
							"post": [-3.5, 0, 0],
							"lerp_mode": "catmullrom"
						},
						"0.4167": {
							"post": [0.3, 0, 0],
							"lerp_mode": "catmullrom"
						},
						"0.4583": {
							"post": [0.2, 0, 0],
							"lerp_mode": "catmullrom"
						},
						"0.5": {
							"post": [2, 0, 0],
							"lerp_mode": "catmullrom"
						},
						"0.5417": {
							"post": [3.76, 0, 0],
							"lerp_mode": "catmullrom"
						},
						"0.625": {
							"post": [0.32, 0, 0],
							"lerp_mode": "catmullrom"
						},
						"0.875": {
							"post": [0, 0, 0],
							"lerp_mode": "catmullrom"
						},
						"1.0": {
							"post": [-1, 0, 0],
							"lerp_mode": "catmullrom"
						},
						"1.125": {
							"post": [-0.68, 0, 0],
							"lerp_mode": "catmullrom"
						},
						"1.25": {
							"post": [-1.42, 0, 0],
							"lerp_mode": "catmullrom"
						},
						"1.9583": {
							"post": [-1, 0, 0],
							"lerp_mode": "catmullrom"
						},
						"2.2083": {
							"post": [0, 0, 0],
							"lerp_mode": "catmullrom"
						},
						"2.4167": {
							"post": [0, 0, 0],
							"lerp_mode": "catmullrom"
						},
						"2.625": {
							"post": [2.1, 2.7, 0],
							"lerp_mode": "catmullrom"
						},
						"2.875": {
							"post": [6, 6, 0],
							"lerp_mode": "catmullrom"
						},
						"4.0417": {
							"post": [6, 6, 0],
							"lerp_mode": "catmullrom"
						},
						"4.3333": {
							"post": [2, 0, 0],
							"lerp_mode": "catmullrom"
						},
						"4.75": {
							"post": [2, 0, 0],
							"lerp_mode": "catmullrom"
						},
						"5.1667": {
							"post": [-1, 0, 0],
							"lerp_mode": "catmullrom"
						},
						"5.2917": {
							"post": [0.6, 0, 0],
							"lerp_mode": "catmullrom"
						},
						"5.4167": {
							"post": [0, 0, 0],
							"lerp_mode": "catmullrom"
						}
					}
				}
			},
			"sound_effects": {
				"0.0417": {
					"effect": "tacz:cz75/cz75_inspect_empty_flip"
				},
				"0.5": {
					"effect": "tacz:cz75/cz75_reload_raise"
				},
				"0.9167": {
					"effect": "tacz:cz75/cz75_drop"
				},
				"2.9167": {
					"effect": "tacz:cz75/cz75_reload_empty_raise"
				},
				"4.875": {
					"effect": "tacz:cz75/cz75_inspect_empty_end"
				}
			}
		},
		"inspect": {
			"animation_length": 4.5833,
			"bones": {
				"lefthand": {
					"rotation": {
						"0.0": [109.82199, -56.99789, -147.16457],
						"0.0833": [133.49509, -57.73688, -148.66923],
						"0.2083": [108.1, -57.74, -125.77],
						"2.0833": [108.1, -57.74, -125.77],
						"2.2083": [119.42199, -56.99789, -147.16457],
						"2.3333": [109.82199, -56.99789, -147.16457]
					},
					"position": {
						"0.0": [7.112, -12.069, 0.445],
						"2.0833": [7.11, -12.07, 0.45],
						"2.2083": [8.11, -12.07, -0.55],
						"2.3333": [7.112, -12.069, 0.445]
					},
					"scale": [1, 1.5, 1]
				},
				"righthand": {
					"rotation": [-88.148, 177.804, 0.071],
					"position": [-6.558, -12.837, 6.326],
					"scale": [1, 1.5, 1]
				},
				"constraint": {
					"rotation": [0.3, 0.2, 0.3],
					"position": [0.1, 0.1, 0.5]
				},
				"root": {
					"rotation": {
						"0.0": {
							"post": [0, 0, 0],
							"lerp_mode": "catmullrom"
						},
						"0.2083": {
							"post": [-15.30902, -2.26482, -10.8535],
							"lerp_mode": "catmullrom"
						},
						"0.2917": {
							"post": [-19.87196, -3.17785, -17.95906],
							"lerp_mode": "catmullrom"
						},
						"0.4167": {
							"post": [-21.02, -3.65, -14.43],
							"lerp_mode": "catmullrom"
						},
						"0.5": {
							"post": [-22.61825, -4.52968, -16.70733],
							"lerp_mode": "catmullrom"
						},
						"0.6667": {
							"post": [-22.75, -4.41, -17.665],
							"lerp_mode": "catmullrom"
						},
						"0.8333": {
							"post": [-22.62, -4.53, -17.96],
							"lerp_mode": "catmullrom"
						},
						"1.0417": {
							"post": [-21.83419, -7.56045, -25.65573],
							"lerp_mode": "catmullrom"
						},
						"1.25": {
							"post": [-21.78, -7.76, -26.34],
							"lerp_mode": "catmullrom"
						},
						"1.5": {
							"post": [-21.78, -7.74, -26.81],
							"lerp_mode": "catmullrom"
						},
						"1.7083": {
							"post": [-21.8, -7.68, -27.385],
							"lerp_mode": "catmullrom"
						},
						"2.0": {
							"post": [-21.83419, -7.56045, -25.65573],
							"lerp_mode": "catmullrom"
						},
						"2.0833": {
							"post": [-21.83419, -7.56045, -14.65573],
							"lerp_mode": "catmullrom"
						},
						"2.2917": {
							"post": [-24.9445, 7.90002, 43.15984],
							"lerp_mode": "catmullrom"
						},
						"2.4167": {
							"post": [-24.9445, 7.90002, 59.65984],
							"lerp_mode": "catmullrom"
						},
						"2.5417": {
							"post": [-24.95, 7.88, 61.47],
							"lerp_mode": "catmullrom"
						},
						"2.6667": {
							"post": [-24.96, 7.86, 60.99],
							"lerp_mode": "catmullrom"
						},
						"2.9167": {
							"post": [-25, 7.75, 61.77],
							"lerp_mode": "catmullrom"
						},
						"3.1667": {
							"post": [-24.9445, 7.90002, 61.65984],
							"lerp_mode": "catmullrom"
						},
						"3.3333": {
							"post": [-24.22873, 9.9815, 70.7622],
							"lerp_mode": "catmullrom"
						},
						"3.5833": {
							"post": [-24.16, 10.35, 71.62],
							"lerp_mode": "catmullrom"
						},
						"3.8333": {
							"post": [-23.86, 10.06, 70.09],
							"lerp_mode": "catmullrom"
						},
						"4.0": {
							"post": [-21.22873, 8.4815, 60.2622],
							"lerp_mode": "catmullrom"
						},
						"4.1667": {
							"post": [-2.67436, -2.84081, 26.11685],
							"lerp_mode": "catmullrom"
						},
						"4.2917": {
							"post": [2.37, -2.9, 0.4],
							"lerp_mode": "catmullrom"
						},
						"4.4167": {
							"post": [0, 0, 1.25],
							"lerp_mode": "catmullrom"
						},
						"4.5": {
							"post": [0, 0, 0.5],
							"lerp_mode": "catmullrom"
						},
						"4.5833": {
							"post": [0, 0, 0],
							"lerp_mode": "catmullrom"
						}
					},
					"position": {
						"0.0": {
							"post": [0, 0, 0],
							"lerp_mode": "catmullrom"
						},
						"0.2083": {
							"post": [0.34, 0.6, -1.65],
							"lerp_mode": "catmullrom"
						},
						"0.2917": {
							"post": [0.67385, 0.3, -0.8],
							"lerp_mode": "catmullrom"
						},
						"0.4583": {
							"post": [0.67385, 0.4, -1],
							"lerp_mode": "catmullrom"
						},
						"2.0417": {
							"post": [0.67385, 0.39886, -0.7],
							"lerp_mode": "catmullrom"
						},
						"2.4167": {
							"post": [-1.07086, -0.3546, -1.4],
							"lerp_mode": "catmullrom"
						},
						"3.9583": {
							"post": [-1.07086, -0.3546, -1.4],
							"lerp_mode": "catmullrom"
						},
						"4.2917": {
							"post": [0, -0.3, -0.7],
							"lerp_mode": "catmullrom"
						},
						"4.4583": {
							"post": [0.1, 0, 0.3],
							"lerp_mode": "catmullrom"
						},
						"4.5417": {
							"post": [0, 0, 0],
							"lerp_mode": "catmullrom"
						}
					}
				},
				"camera": {
					"rotation": {
						"0.0": {
							"post": [0.32, 0, 0],
							"lerp_mode": "catmullrom"
						},
						"0.25": {
							"post": [0, 0, 0],
							"lerp_mode": "catmullrom"
						},
						"0.375": {
							"post": [-1, 0, 0],
							"lerp_mode": "catmullrom"
						},
						"0.5": {
							"post": [-1.18, 0, 0],
							"lerp_mode": "catmullrom"
						},
						"0.625": {
							"post": [-1.42, 0, 0],
							"lerp_mode": "catmullrom"
						},
						"1.3333": {
							"post": [-1, 0, 0],
							"lerp_mode": "catmullrom"
						},
						"1.5833": {
							"post": [0, 0, 0],
							"lerp_mode": "catmullrom"
						},
						"1.9167": {
							"post": [0, 0, 0],
							"lerp_mode": "catmullrom"
						},
						"2.125": {
							"post": [2.1, 2.7, 0],
							"lerp_mode": "catmullrom"
						},
						"2.375": {
							"post": [6, 6, 0],
							"lerp_mode": "catmullrom"
						},
						"3.1667": {
							"post": [6, 6, 0],
							"lerp_mode": "catmullrom"
						},
						"3.4583": {
							"post": [2, 0, 0],
							"lerp_mode": "catmullrom"
						},
						"3.9583": {
							"post": [2, 0, 0],
							"lerp_mode": "catmullrom"
						},
						"4.25": {
							"post": [-1, 0, 0],
							"lerp_mode": "catmullrom"
						},
						"4.375": {
							"post": [0.6, 0, 0],
							"lerp_mode": "catmullrom"
						},
						"4.5": {
							"post": [0, 0, 0],
							"lerp_mode": "catmullrom"
						}
					}
				}
			},
			"sound_effects": {
				"0.0417": {
					"effect": "tacz:cz75/cz75_drop"
				},
				"2.0417": {
					"effect": "tacz:cz75/cz75_reload_empty_raise"
				},
				"4.0": {
					"effect": "tacz:cz75/cz75_inspect_empty_end"
				}
			}
		},
		"put_away": {
			"animation_length": 0.3,
			"bones": {
				"root": {
					"rotation": {
						"0.0": [0, 0, 0],
						"0.0333": [0.13, -0.48, 2.81],
						"0.0667": [0.5, -1.35, 6.63],
						"0.1": [2.19, -3.57, 9.1],
						"0.1333": [6.11, -8.14, 8.67],
						"0.1667": [11.36, -14.05, 6.9],
						"0.2": [16.24, -19.23, 6.01],
						"0.2333": [20.48, -23.1, 7.22],
						"0.2667": [24.37, -26.23, 9.31],
						"0.3": [27.05, -28.35, 10.87]
					},
					"position": {
						"0.0": [0, 0, 0],
						"0.0333": [-0.08, 0.02, 0.06],
						"0.0667": [-0.22, 0.02, 0.15],
						"0.1": [-0.5, -0.28, 0.19],
						"0.1333": [-0.97, -1.02, 0.04],
						"0.1667": [-1.59, -2.04, -0.15],
						"0.2": [-2.32, -3.11, 0],
						"0.2333": [-3.27, -4.28, 0.85],
						"0.2667": [-4.33, -5.49, 2.05],
						"0.3": [-5.08, -6.34, 2.92]
					},
					"scale": 1
				},
				"lefthand": {
					"rotation": {
						"0.0": [109.82199, -56.99789, -147.16457],
						"0.1333": [139.7807, -53.81454, -145.86352]
					},
					"position": {
						"0.0": [7.112, -12.069, 0.445],
						"0.0667": [9.35, -16.8975, 6.65625],
						"0.1333": [12.0275, -18.235, 6.65625]
					},
					"scale": [1, 1.5, 1]
				},
				"righthand": {
					"rotation": [-88.148, 177.804, 0.071],
					"position": [-6.558, -12.837, 6.326],
					"scale": [1, 1.5, 1]
				},
				"camera": {
					"rotation": {
						"0.0": [0, 0, 0],
						"0.0333": [0, 0, -0.1],
						"0.0667": [0, 0, -0.25],
						"0.1": [0, 0, -0.4],
						"0.1333": [0, 0, -0.53],
						"0.1667": [0, 0, -0.58],
						"0.2": [0, 0, -0.5],
						"0.2333": [0, 0, -0.33],
						"0.2667": [0, 0, -0.13],
						"0.3": [0, 0, 0]
					}
				}
			},
			"sound_effects": {
				"0.0": {
					"effect": "tacz:cz75/cz75_drop"
				}
			}
		}
	}
}