{
	"format_version": "1.8.0",
	"animations": {
		"static_idle": {
			"loop": true,
			"bones": {
				"righthand": {
					"rotation": [100.03742, 4.92385, -179.12962],
					"position": [-6.8, -14.2, 7.4],
					"scale": [1, 1.5, 1]
				},
				"lefthand": {
					"rotation": [90.53161, -402.23089, -129.70611],
					"position": [7.4, -11.7, -0.5],
					"scale": [1, 1.5, 1]
				}
			}
		},
		"draw": {
			"animation_length": 0.85,
			"bones": {
				"righthand": {
					"rotation": {
						"0.25": [100.72722, -2.77836, -170.38597],
						"0.4": [100.03742, 4.92385, -179.12962],
						"0.45": [100.03742, 4.92385, -179.12962]
					},
					"position": {
						"0.15": [-10.07, -17.7, 6.73],
						"0.25": [-8.5, -14.2, 6.4],
						"0.4": [-6.6, -14.2, 6.7],
						"0.45": [-6.8, -14.2, 7.4]
					},
					"scale": [1, 1.5, 1]
				},
				"lefthand": {
					"rotation": {
						"0.0": [90.53161, -402.23089, -129.70611],
						"0.3": {
							"pre": [87.47896, -394.73118, -129.62168],
							"post": [87.47896, -394.73118, -129.62168],
							"lerp_mode": "catmullrom"
						},
						"0.4": {
							"post": [91.1484, -404.7285, -129.88966],
							"lerp_mode": "catmullrom"
						},
						"0.55": [90.53161, -402.23089, -129.70611]
					},
					"position": {
						"0.0": [7.4, -11.7, -0.5],
						"0.3": [7.4, -11.7, -0.5]
					},
					"scale": [1, 1.5, 1]
				},
				"root": {
					"rotation": {
						"0.0": [22.5, -22.5, 32.5],
						"0.1": {
							"pre": [16.81, -14.77, 27.74],
							"post": [16.81, -14.77, 27.74],
							"lerp_mode": "catmullrom"
						},
						"0.2": {
							"post": [10.38725, -13.74806, 10.06185],
							"lerp_mode": "catmullrom"
						},
						"0.3": {
							"post": [-0.89045, 2.45614, 7.08983],
							"lerp_mode": "catmullrom"
						},
						"0.45": [1.10685, 1.42586, -1.99731],
						"0.5": {
							"pre": [0.39065, 0.294, 2.28025],
							"post": [0.39065, 0.294, 2.28025],
							"lerp_mode": "catmullrom"
						},
						"0.55": {
							"post": [0.03946, 0.20234, -1.89002],
							"lerp_mode": "catmullrom"
						},
						"0.65": {
							"post": [0.03, 0.12, 0.67],
							"lerp_mode": "catmullrom"
						},
						"0.85": [0, 0, 0]
					},
					"position": {
						"0.0": {
							"post": [-5, -14, 0],
							"lerp_mode": "catmullrom"
						},
						"0.15": {
							"post": [-3.79, -7.23, -0.38],
							"lerp_mode": "catmullrom"
						},
						"0.3": {
							"post": [-0.3, -0.4, -0.6],
							"lerp_mode": "catmullrom"
						},
						"0.5": {
							"post": [0.01, -0.3, 0.5],
							"lerp_mode": "catmullrom"
						},
						"0.6": [-0.01, -0.07, -0.32],
						"0.75": {
							"pre": [0, 0, 0],
							"post": [0, 0, 0],
							"lerp_mode": "catmullrom"
						}
					}
				},
				"camera": {
					"rotation": {
						"0.0": {
							"post": [0, 0, 0],
							"lerp_mode": "catmullrom"
						},
						"0.1": {
							"post": [0.55, -0.05, 0.1],
							"lerp_mode": "catmullrom"
						},
						"0.2": {
							"post": [1.1, -0.3, 0.7],
							"lerp_mode": "catmullrom"
						},
						"0.4": {
							"post": [0.7, -0.2, 0.3],
							"lerp_mode": "catmullrom"
						},
						"0.5": {
							"post": [-0.1, 0, 0.4],
							"lerp_mode": "catmullrom"
						},
						"0.55": {
							"post": [0.2, 0.1, -0.3],
							"lerp_mode": "catmullrom"
						},
						"0.65": {
							"post": [0, 0, 0.1],
							"lerp_mode": "catmullrom"
						},
						"0.75": {
							"post": [0, 0, 0],
							"lerp_mode": "catmullrom"
						}
					}
				},
				"bipod_extended": {
					"rotation": {
						"0.3": {
							"pre": [0, 0, 7.08983],
							"post": [0, 0, 7.08983],
							"lerp_mode": "catmullrom"
						},
						"0.45": [0, 0, -1.99731],
						"0.5": {
							"pre": [0, 0, 2.28025],
							"post": [0, 0, 2.28025],
							"lerp_mode": "catmullrom"
						},
						"0.55": {
							"post": [0, 0, -1.89002],
							"lerp_mode": "catmullrom"
						},
						"0.65": {
							"post": [0, 0, 0.67],
							"lerp_mode": "catmullrom"
						},
						"0.85": [0, 0, 0]
					}
				}
			},
			"sound_effects": {
				"0.05": {
					"effect": "ar_akilo_drop"
				},
				"0.4": {
					"effect": "ar_akilo_raise_shoulder"
				}
			}
		},
		"put_away": {
			"loop": "hold_on_last_frame",
			"animation_length": 0.6,
			"bones": {
				"righthand": {
					"rotation": [100.03742, 4.92385, -179.12962],
					"position": [-6.8, -14.2, 7.4],
					"scale": [1, 1.5, 1]
				},
				"lefthand": {
					"rotation": {
						"0.0": [90.53161, -402.23089, -129.70611],
						"0.0333": {
							"pre": [125.75034, -383.89569, -174.5993],
							"post": [125.75034, -383.89569, -174.5993],
							"lerp_mode": "catmullrom"
						},
						"0.1333": {
							"post": [150.15385, -361.21748, -224.0276],
							"lerp_mode": "catmullrom"
						}
					},
					"position": {
						"0.0": [7.4, -11.7, -0.5],
						"0.0333": [7.4, -11.7, -0.5],
						"0.1333": {
							"pre": [8.825, -8.4, -3.1],
							"post": [8.825, -8.4, -3.1],
							"lerp_mode": "catmullrom"
						}
					},
					"scale": {
						"0.0": {
							"post": [1, 1.5, 1],
							"lerp_mode": "catmullrom"
						}
					}
				},
				"root": {
					"rotation": {
						"0.0": {
							"post": [0, 0, 0],
							"lerp_mode": "catmullrom"
						},
						"0.0667": {
							"post": [-0.64, -3.66, -2.19],
							"lerp_mode": "catmullrom"
						},
						"0.1667": {
							"post": [1.8, -12.38, 1.96],
							"lerp_mode": "catmullrom"
						},
						"0.3": {
							"post": [6.24, -23.59, 10.25],
							"lerp_mode": "catmullrom"
						},
						"0.4333": {
							"post": [11.63972, -43.66226, 20.28897],
							"lerp_mode": "catmullrom"
						},
						"0.5667": {
							"post": [15.16328, -62.05346, 26.17398],
							"lerp_mode": "catmullrom"
						}
					},
					"position": {
						"0.0": {
							"post": [0, 0, 0],
							"lerp_mode": "catmullrom"
						},
						"0.0667": {
							"post": [-0.45, -0.49, 0.28],
							"lerp_mode": "catmullrom"
						},
						"0.1667": {
							"post": [-0.67, -1.47, 0.34],
							"lerp_mode": "catmullrom"
						},
						"0.3": {
							"post": [-0.435, -2.62, 1.06],
							"lerp_mode": "catmullrom"
						},
						"0.4333": {
							"post": [0.92, -4.65, 2.665],
							"lerp_mode": "catmullrom"
						},
						"0.6": {
							"post": [4.125, -6.925, 4.65],
							"lerp_mode": "catmullrom"
						}
					}
				},
				"camera": {
					"rotation": {
						"0.0": {
							"post": [0, 0, 0],
							"lerp_mode": "catmullrom"
						},
						"0.1333": {
							"post": [0.3, 0, -0.125],
							"lerp_mode": "catmullrom"
						},
						"0.2333": {
							"post": [0.64, 0, 0.3],
							"lerp_mode": "catmullrom"
						},
						"0.3667": {
							"post": [0.5, 0, 0.15],
							"lerp_mode": "catmullrom"
						},
						"0.5333": {
							"post": [0, 0, 0],
							"lerp_mode": "catmullrom"
						}
					}
				},
				"bipod_extended": {
					"rotation": {
						"0.0": [0, 0, 0],
						"0.1667": [0, 0, 6]
					}
				}
			}
		},
		"inspect": {
			"animation_length": 8.3,
			"bones": {
				"root": {
					"rotation": {
						"0.0": [0, 0, 0],
						"0.1667": {
							"pre": [-3.95432, -0.35524, -7.5593],
							"post": [-3.95432, -0.35524, -7.5593],
							"lerp_mode": "catmullrom"
						},
						"0.3667": {
							"post": [-18.77487, -14.73938, -42.6554],
							"lerp_mode": "catmullrom"
						},
						"0.6333": {
							"post": [-21.52657, -15.87239, -40.05886],
							"lerp_mode": "catmullrom"
						},
						"0.7667": {
							"post": [-20.25861, -16.23715, -41.02775],
							"lerp_mode": "catmullrom"
						},
						"1.0667": {
							"post": [-20.53075, -15.90496, -40.04584],
							"lerp_mode": "catmullrom"
						},
						"1.2333": {
							"post": [-20.31, -15.97, -40.25],
							"lerp_mode": "catmullrom"
						},
						"1.3333": {
							"post": [-19.50129, -18.05893, -44.38906],
							"lerp_mode": "catmullrom"
						},
						"1.4667": {
							"post": [-19.4, -17.79, -43.96],
							"lerp_mode": "catmullrom"
						},
						"1.8": {
							"post": [-19.4, -17.79, -43.96],
							"lerp_mode": "catmullrom"
						},
						"1.9667": {
							"post": [-15.98698, -18.90273, -47.17888],
							"lerp_mode": "catmullrom"
						},
						"2.1667": [-21.03635, -12.51673, -24.54773],
						"2.2333": [-21.68509, -14.72379, -30.29289],
						"2.3333": {
							"pre": [-23.93272, -16.03986, -33.0996],
							"post": [-23.93272, -16.03986, -33.0996],
							"lerp_mode": "catmullrom"
						},
						"2.3667": {
							"post": [-23.93272, -16.03986, -33.0996],
							"lerp_mode": "catmullrom"
						},
						"2.4": {
							"post": [-23.81561, -18.75152, -38.32369],
							"lerp_mode": "catmullrom"
						},
						"2.5333": {
							"post": [-26.69287, -14.89123, -34.22797],
							"lerp_mode": "catmullrom"
						},
						"2.6333": {
							"post": [-25.15112, -14.84361, -35.22725],
							"lerp_mode": "catmullrom"
						},
						"2.7667": {
							"post": [-25.65312, -11.93302, -33.22913],
							"lerp_mode": "catmullrom"
						},
						"2.9667": {
							"post": [-26.01609, -11.05842, -29.41804],
							"lerp_mode": "catmullrom"
						},
						"3.2667": {
							"post": [-26.01964, -11.08992, -32.35272],
							"lerp_mode": "catmullrom"
						},
						"3.7333": {
							"post": [-26.1, -10.91, -32.005],
							"lerp_mode": "catmullrom"
						},
						"4.3333": {
							"post": [-25.75645, -10.60384, -32.73238],
							"lerp_mode": "catmullrom"
						},
						"4.4667": {
							"post": [-22.18, -10.23376, -28.68011],
							"lerp_mode": "catmullrom"
						},
						"4.6333": {
							"post": [-21.84032, -16.35295, -42.43734],
							"lerp_mode": "catmullrom"
						},
						"4.7667": {
							"post": [-23.01767, -14.58784, -39.21257],
							"lerp_mode": "catmullrom"
						},
						"4.8667": {
							"post": [-25.01344, -14.55583, -37.22696],
							"lerp_mode": "catmullrom"
						},
						"4.9333": {
							"post": [-20.36166, -9.80986, -25.96993],
							"lerp_mode": "catmullrom"
						},
						"4.9667": {
							"post": [-19.37742, -12.97734, -35.75689],
							"lerp_mode": "catmullrom"
						},
						"5.0333": {
							"post": [-22.53365, -10.5086, -29.93511],
							"lerp_mode": "catmullrom"
						},
						"5.1333": {
							"post": [-22.35954, -11.69417, -32.98666],
							"lerp_mode": "catmullrom"
						},
						"5.3333": {
							"post": [-24.36432, -1.6775, -11.65337],
							"lerp_mode": "catmullrom"
						},
						"5.5333": {
							"post": [-23.46652, 12.24383, 48.25953],
							"lerp_mode": "catmullrom"
						},
						"5.5667": {
							"post": [-25.38254, 14.43725, 57.36102],
							"lerp_mode": "catmullrom"
						},
						"5.7333": {
							"post": [-29.00682, 14.71279, 61.6102],
							"lerp_mode": "catmullrom"
						},
						"5.8333": {
							"post": [-29.89, 14.81, 62.05],
							"lerp_mode": "catmullrom"
						},
						"5.9333": {
							"post": [-31.3227, 15.39962, 61.65147],
							"lerp_mode": "catmullrom"
						},
						"6.1333": {
							"post": [-30.7885, 14.41418, 60.14586],
							"lerp_mode": "catmullrom"
						},
						"6.4333": {
							"post": [-30.6349, 15.48634, 62.33607],
							"lerp_mode": "catmullrom"
						},
						"6.7333": {
							"post": [-31.25052, 14.70508, 60.68418],
							"lerp_mode": "catmullrom"
						},
						"6.8667": {
							"post": [-31.42, 14.31, 60.95],
							"lerp_mode": "catmullrom"
						},
						"6.9333": {
							"post": [-32.27246, 11.64382, 56.59711],
							"lerp_mode": "catmullrom"
						},
						"7.1667": {
							"post": [-26.67396, -0.07821, 27.51275],
							"lerp_mode": "catmullrom"
						},
						"7.3": {
							"post": [-11.69726, 0.58548, 26.88017],
							"lerp_mode": "catmullrom"
						},
						"7.4333": {
							"post": [-4.92613, 0.4648, 9.54116],
							"lerp_mode": "catmullrom"
						},
						"7.6": {
							"post": [-0.48719, -2.12151, -6.94069],
							"lerp_mode": "catmullrom"
						},
						"7.7": {
							"post": [0, 0, -3],
							"lerp_mode": "catmullrom"
						},
						"7.8": [1.07546, -0.05235, 0.39954],
						"7.9": [-0.95, 0, 1.64],
						"8.0333": [0, 0, 0],
						"8.1667": [0, 0, 0]
					},
					"position": {
						"0.0": [0, 0, 0],
						"0.1667": {
							"pre": [-0.3, -0.65, 0],
							"post": [-0.3, -0.65, 0],
							"lerp_mode": "catmullrom"
						},
						"0.3667": {
							"post": [-0.6, 0.8, -0.75],
							"lerp_mode": "catmullrom"
						},
						"0.5": {
							"post": [-0.6, 1.2, -1.35],
							"lerp_mode": "catmullrom"
						},
						"0.6667": {
							"post": [-0.6, 0.835, -1.59],
							"lerp_mode": "catmullrom"
						},
						"0.8667": {
							"post": [-0.6, 0.55, -1.6],
							"lerp_mode": "catmullrom"
						},
						"1.0667": {
							"post": [-0.6, 0.98, -1.6],
							"lerp_mode": "catmullrom"
						},
						"1.3333": {
							"post": [-0.6, 3.105, -1.6],
							"lerp_mode": "catmullrom"
						},
						"1.6333": {
							"post": [-0.6, 3.33, -1.6],
							"lerp_mode": "catmullrom"
						},
						"1.8": {
							"post": [-0.6, 2.7, -1.6],
							"lerp_mode": "catmullrom"
						},
						"1.9667": {
							"post": [-0.45, 0.96, -0.8],
							"lerp_mode": "catmullrom"
						},
						"2.1667": {
							"post": [0.7, 0.3, -2.9],
							"lerp_mode": "catmullrom"
						},
						"2.2333": {
							"post": [0.7, 0.25, -3.9],
							"lerp_mode": "catmullrom"
						},
						"2.3333": {
							"post": [0.7, 0.45, -3.9],
							"lerp_mode": "catmullrom"
						},
						"2.4": {
							"post": [0.575, 0.9, -3.9],
							"lerp_mode": "catmullrom"
						},
						"2.4667": {
							"post": [0.245, 1.14, -3.9],
							"lerp_mode": "catmullrom"
						},
						"2.5667": {
							"post": [-0.05, 0.95, -3.9],
							"lerp_mode": "catmullrom"
						},
						"2.6333": {
							"post": [-0.275, 0.45, -3.9],
							"lerp_mode": "catmullrom"
						},
						"2.7333": {
							"post": [-0.2, 0, -3.9],
							"lerp_mode": "catmullrom"
						},
						"2.8667": {
							"post": [-0.125, -0.225, -3.9],
							"lerp_mode": "catmullrom"
						},
						"3.2333": {
							"post": [-0.4, 0.2, -3.9],
							"lerp_mode": "catmullrom"
						},
						"4.3667": {
							"post": [-0.4, 0.1, -3.9],
							"lerp_mode": "catmullrom"
						},
						"4.5333": {
							"post": [-0.21, 0.33, -3.9],
							"lerp_mode": "catmullrom"
						},
						"4.6333": {
							"post": [0.15, 0.7, -3.9],
							"lerp_mode": "catmullrom"
						},
						"4.7333": {
							"post": [0.3, 1, -3.9],
							"lerp_mode": "catmullrom"
						},
						"4.8333": {
							"post": [0.3, 1.1, -3.9],
							"lerp_mode": "catmullrom"
						},
						"4.8667": {
							"post": [0.2, 1.1, -3.9],
							"lerp_mode": "catmullrom"
						},
						"4.9667": [0.3, 0.8, -3.9],
						"5.1333": {
							"pre": [0.3, -0.07969, -3.9],
							"post": [0.3, -0.07969, -3.9],
							"lerp_mode": "catmullrom"
						},
						"5.3": {
							"post": [0.7, 0.48984, -3.5],
							"lerp_mode": "catmullrom"
						},
						"5.4667": [4.425, 1.23672, -2.35859],
						"5.6": {
							"pre": [4.87422, 1.60703, -2.69062],
							"post": [4.87422, 1.60703, -2.69062],
							"lerp_mode": "catmullrom"
						},
						"5.7667": {
							"post": [5.02656, 1.25469, -2.61953],
							"lerp_mode": "catmullrom"
						},
						"5.8667": {
							"post": [5.02656, 0.63359, -2.77484],
							"lerp_mode": "catmullrom"
						},
						"5.9667": {
							"post": [4.9975, 0.33703, -2.85906],
							"lerp_mode": "catmullrom"
						},
						"6.2": {
							"post": [4.81, 0.47375, -2.73062],
							"lerp_mode": "catmullrom"
						},
						"6.5667": {
							"post": [4.83, 0.70203, -2.64219],
							"lerp_mode": "catmullrom"
						},
						"6.8": {
							"post": [4.84, 0.75531, -2.75641],
							"lerp_mode": "catmullrom"
						},
						"6.8667": {
							"post": [4.84, 0.14391, -2.77],
							"lerp_mode": "catmullrom"
						},
						"6.9333": {
							"post": [4.84, 0.36281, -2.76641],
							"lerp_mode": "catmullrom"
						},
						"7.0333": {
							"post": [4.81, 0.14438, -1.66],
							"lerp_mode": "catmullrom"
						},
						"7.2333": {
							"post": [4.6, -0.50031, -1.06],
							"lerp_mode": "catmullrom"
						},
						"7.3667": {
							"post": [3.58, 0.29531, -1.00109],
							"lerp_mode": "catmullrom"
						},
						"7.5": {
							"post": [2.52, -0.355, -1.04109],
							"lerp_mode": "catmullrom"
						},
						"7.7": {
							"post": [0, -0.3, -0.05],
							"lerp_mode": "catmullrom"
						},
						"7.8333": [0, 0.02, -0.14],
						"7.9667": [0, 0.12, 0.08],
						"8.1333": [0, 0, 0]
					}
				},
				"lefthand_and_mag": {
					"rotation": {
						"2.1667": [0, 0, 0],
						"2.2667": [-14.87378, -0.06978, -1.99878],
						"2.3333": [-14.87378, -0.06978, -1.99878],
						"2.4": {
							"pre": [-17.58598, -4.88201, -7.06163],
							"post": [-17.58598, -4.88201, -7.06163],
							"lerp_mode": "catmullrom"
						},
						"2.5": {
							"post": [-2.54764, -3.15869, -9.15509],
							"lerp_mode": "catmullrom"
						},
						"2.6": {
							"post": [-2.29304, 0.51545, -7.03527],
							"lerp_mode": "catmullrom"
						},
						"2.7667": {
							"post": [0.11593, 1.3276, -6.41886],
							"lerp_mode": "catmullrom"
						},
						"3.1": {
							"post": [-0.56745, 0.66867, -6.29566],
							"lerp_mode": "catmullrom"
						},
						"3.2": {
							"post": [-0.73884, -4.95119, 7.1523],
							"lerp_mode": "catmullrom"
						},
						"3.3333": {
							"post": [4.57279, 13.80254, 51.68818],
							"lerp_mode": "catmullrom"
						},
						"3.4333": {
							"post": [11.39392, 23.87067, 73.5731],
							"lerp_mode": "catmullrom"
						},
						"3.6": {
							"post": [10.62198, 24.66829, 69.27027],
							"lerp_mode": "catmullrom"
						},
						"3.7": {
							"post": [10.16633, 24.85041, 68.18683],
							"lerp_mode": "catmullrom"
						},
						"3.8": {
							"post": [9.71201, 25.02264, 67.10375],
							"lerp_mode": "catmullrom"
						},
						"4.1667": [10.8, 25.61, 67.345],
						"4.2667": [11.07064, 24.47878, 61.87432],
						"4.3667": {
							"pre": [2.6316, 9.13844, -19.76362],
							"post": [2.6316, 9.13844, -19.76362],
							"lerp_mode": "catmullrom"
						},
						"4.5": [-9.91205, 0, -26.17873],
						"4.6": [-16.50045, 0, -1.24916],
						"4.6667": [-23.925, 0, 0],
						"4.7": [-24.5, 0, 0],
						"4.7667": [-22.5, 0, 0],
						"4.8": [-25.25, 0, 0],
						"4.8667": [0, 0, 0]
					},
					"position": {
						"2.1667": [0, 0, 0],
						"2.2667": [0, -0.3, -0.575],
						"2.3333": [0, -0.525, -0.95],
						"2.4": {
							"pre": [1.4, -6.7, -5.4],
							"post": [1.4, -6.7, -5.4],
							"lerp_mode": "catmullrom"
						},
						"2.5": {
							"post": [2.60106, -7.37564, -1.50788],
							"lerp_mode": "catmullrom"
						},
						"2.6667": {
							"post": [4.19814, -4.01898, 1.38632],
							"lerp_mode": "catmullrom"
						},
						"2.7667": {
							"post": [4.90996, -1.98517, 2.02353],
							"lerp_mode": "catmullrom"
						},
						"2.9": {
							"post": [5.13462, -1.70756, 1.84998],
							"lerp_mode": "catmullrom"
						},
						"3.1": {
							"post": [4.95, -2.2, 1.9],
							"lerp_mode": "catmullrom"
						},
						"3.2": {
							"post": [4.75, -2.8, 2.4],
							"lerp_mode": "catmullrom"
						},
						"3.3333": {
							"post": [3.61, -3.505, 2.16],
							"lerp_mode": "catmullrom"
						},
						"3.4667": {
							"post": [3.4, -3.725, 1.125],
							"lerp_mode": "catmullrom"
						},
						"3.6": {
							"post": [3.3, -3.425, 0.875],
							"lerp_mode": "catmullrom"
						},
						"3.7": {
							"post": [3.2, -3.425, 0.875],
							"lerp_mode": "catmullrom"
						},
						"3.8": {
							"post": [3.2, -3.425, 0.875],
							"lerp_mode": "catmullrom"
						},
						"4.1667": [3.165, -3.7, 0.775],
						"4.2667": [3.3, -3.85, 0.825],
						"4.3667": {
							"pre": [2.745, -6.63, 0.885],
							"post": [2.745, -6.63, 0.885],
							"lerp_mode": "catmullrom"
						},
						"4.5": [2.05, -2, -1.95],
						"4.6": [0.4, -1, -1.525],
						"4.6667": [0.1, -1, -2.375],
						"4.7": [0.1, -1, -2.3],
						"4.7667": [0.1, -1, -1.825],
						"4.8": [0.05, -0.5, -1.75],
						"4.8667": [0, 0, 0]
					}
				},
				"lefthand": {
					"rotation": {
						"0.0": [90.53161, -42.2309, -129.70611],
						"0.1667": [120.65263, -60.3567, -200.36724],
						"0.3": [111.55615, -37.52616, -188.40898],
						"1.6667": [111.555, -37.53, -188.405],
						"1.9667": [118.83163, -9.54318, -211.14883],
						"2.0667": [128.08894, 17.56633, -232.1361],
						"2.1667": [137.90708, 16.98359, -229.17653],
						"2.2667": [136.38376, 16.2397, -227.32289],
						"2.3333": [131.92598, -0.98197, -221.25165],
						"2.4": [124.32756, 5.90777, -207.99399],
						"2.5667": [117.49784, 17.33242, -204.26761],
						"2.7": [122.57973, 17.16258, -203.63703],
						"3.0667": [122.57973, 17.16258, -203.63703],
						"3.2": [121.015, 17.92, -204.425],
						"3.3": [121.6483, 14.03872, -193.05026],
						"4.3": [121.6483, 14.03872, -193.05026],
						"4.4": [128.32432, 15.9275, -221.98264],
						"5.1": [128.32432, 15.9275, -221.98264],
						"5.3333": [128.32432, 15.9275, -221.98264],
						"5.5667": [100.87059, -30.80548, -202.57741],
						"5.7": [100.87059, -30.80548, -202.57741],
						"5.8667": [99.8, -36.23, -197.49],
						"6.0": [98.94298, -40.57014, -193.42793],
						"6.8667": [98.94298, -40.57014, -193.42793],
						"6.9333": [95.54777, -17.03987, -183.15935],
						"7.3": [83.9783, -16.93135, -142.09861],
						"7.4333": [90.53161, -42.2309, -129.70611]
					},
					"position": {
						"0.0": [7.4, -11.7, -0.5],
						"0.1667": [14.3, -27.8, -3.8],
						"0.3": [9.9, -45.2, 22.9],
						"1.6667": [9.9, -45.2, 22.9],
						"1.9667": [7.18, -18.75, 13.05],
						"2.0667": [7.35, -16.5, 13.5],
						"2.2667": [7.35, -16.5, 13.5],
						"2.3333": [7.35, -16.975, 13.9],
						"2.5667": [7.31, -16.92, 14.255],
						"3.2": [7.31, -16.92, 14.255],
						"3.3": [8.54, -16.78, 13.4],
						"4.3": [8.54, -16.78, 13.4],
						"4.4": [7.65, -17.1, 13.725],
						"5.1": [7.65, -17.1, 13.725],
						"5.3333": [7.65, -17.1, 13.725],
						"5.5667": [8.1, -8.1, 3.5],
						"5.7": [8.1, -8.1, 3.5],
						"5.8667": [8.1, -8.52, 5.61],
						"6.0": [8.1, -8.85, 5.5],
						"6.8667": [8.1, -8.85, 5.5],
						"6.9333": [10.1, -9.35, 5.19],
						"7.3": [8.1, -12.1, 3.5],
						"7.4333": [7.4, -11.7, -0.5]
					},
					"scale": [1, 1.5, 1]
				},
				"righthand_and_gun": {
					"rotation": {
						"2.3667": {
							"pre": [0, 0, 0],
							"post": [0, 0, 0],
							"lerp_mode": "catmullrom"
						},
						"2.4667": {
							"post": [0, 0, -6],
							"lerp_mode": "catmullrom"
						},
						"2.6": {
							"post": [0, 0, 1],
							"lerp_mode": "catmullrom"
						},
						"2.8667": {
							"post": [4.25145, 1.49587, 1.11119],
							"lerp_mode": "catmullrom"
						},
						"3.3333": {
							"post": [9.7516, 3.94902, -2.77956],
							"lerp_mode": "catmullrom"
						},
						"3.6667": {
							"post": [11.0016, 3.94902, -2.77956],
							"lerp_mode": "catmullrom"
						},
						"4.3": {
							"post": [8.83657, 0.51786, 5.59603],
							"lerp_mode": "catmullrom"
						},
						"4.7": {
							"post": [0, 0, 0],
							"lerp_mode": "catmullrom"
						}
					},
					"position": {
						"2.3667": {
							"pre": [0, 0, 0],
							"post": [0, 0, 0],
							"lerp_mode": "catmullrom"
						},
						"2.7333": {
							"post": [0, 0, 0],
							"lerp_mode": "catmullrom"
						},
						"3.1": {
							"post": [-0.33567, -0.49419, 0.31421],
							"lerp_mode": "catmullrom"
						},
						"3.6667": {
							"post": [-0.40508, -0.57962, 0.36794],
							"lerp_mode": "catmullrom"
						},
						"4.1667": {
							"post": [-0.13019, -0.20715, 0.12851],
							"lerp_mode": "catmullrom"
						},
						"4.6667": {
							"post": [0, 0, 0],
							"lerp_mode": "catmullrom"
						}
					}
				},
				"bolt": {
					"position": {
						"5.7667": [0, 0, 0],
						"5.9": {
							"pre": [0, 0, 2],
							"post": [0, 0, 2],
							"lerp_mode": "catmullrom"
						},
						"6.0667": {
							"post": [0, 0, 2.25],
							"lerp_mode": "catmullrom"
						},
						"6.3": {
							"post": [0, 0, 2.17],
							"lerp_mode": "catmullrom"
						},
						"6.5667": [0, 0, 2.19938],
						"6.8667": [0, 0, 2],
						"6.9333": {
							"pre": [0, 0, 0],
							"post": [0, 0, 0],
							"lerp_mode": "catmullrom"
						}
					}
				},
				"righthand": {
					"rotation": {
						"0.0": [100.03742, 4.92385, -179.12962],
						"0.1": [95.04292, 5.4713, -176.3426],
						"0.2333": [95.04292, 5.4713, -176.3426],
						"5.2667": [95.04292, 5.4713, -176.3426],
						"5.4": [95.20813, 15.43153, -175.43529],
						"5.5333": [95.20813, 15.43153, -175.43529],
						"7.0333": [95.20813, 15.43153, -175.43529],
						"7.1667": [100.03742, 4.92385, -179.12962]
					},
					"position": {
						"0.0": [-6.8, -14.2, 7.4],
						"0.1": [-7, -14.275, 7],
						"0.2333": [-8.25, -14.275, 7],
						"5.2667": [-8.25, -14.275, 7],
						"5.4": [-7, -14.275, 7],
						"5.5333": [-7, -14.275, 7],
						"7.0333": [-7, -14.275, 7],
						"7.1333": [-6.8, -14.2, 7.4]
					},
					"scale": [1, 1.5, 1]
				},
				"camera": {
					"rotation": {
						"0.0": {
							"post": [0, 0, 0],
							"lerp_mode": "catmullrom"
						},
						"0.1667": {
							"post": [1.72, 0.5, -0.45],
							"lerp_mode": "catmullrom"
						},
						"0.3667": {
							"post": [3.175, 0.8, -1.1],
							"lerp_mode": "catmullrom"
						},
						"0.7333": {
							"post": [3.125, 0.8, -1.1],
							"lerp_mode": "catmullrom"
						},
						"0.9333": {
							"post": [3.585, 0.8, -1.1],
							"lerp_mode": "catmullrom"
						},
						"1.1667": {
							"post": [5.295, 1.625, -1.55],
							"lerp_mode": "catmullrom"
						},
						"1.3333": {
							"post": [7.335, 2.7, -1.55],
							"lerp_mode": "catmullrom"
						},
						"1.5667": {
							"post": [8.425, 3.1, -1.55],
							"lerp_mode": "catmullrom"
						},
						"2.0": {
							"post": [2.7, 1.7, -1.55],
							"lerp_mode": "catmullrom"
						},
						"2.1667": {
							"post": [0.9, 0.8, -1.1],
							"lerp_mode": "catmullrom"
						},
						"2.3333": {
							"post": [1, 0.5, -1.1],
							"lerp_mode": "catmullrom"
						},
						"2.4": {
							"post": [1.5, -0.3, 1.2],
							"lerp_mode": "catmullrom"
						},
						"2.5": {
							"post": [0.7, -0.5, -2.95],
							"lerp_mode": "catmullrom"
						},
						"2.6": {
							"post": [0.9, -0.8, -1.1],
							"lerp_mode": "catmullrom"
						},
						"2.8": {
							"post": [2.3, -1.6, -1.55],
							"lerp_mode": "catmullrom"
						},
						"3.0": {
							"post": [3, -2, -1.55],
							"lerp_mode": "catmullrom"
						},
						"3.2": {
							"post": [3.09, -2, -1.55],
							"lerp_mode": "catmullrom"
						},
						"3.4667": {
							"post": [3.2, -4.1, -2.125],
							"lerp_mode": "catmullrom"
						},
						"3.7": {
							"post": [3.11, -4.8, -2.125],
							"lerp_mode": "catmullrom"
						},
						"4.0": {
							"post": [3, -4.8, -2.125],
							"lerp_mode": "catmullrom"
						},
						"4.3": {
							"post": [2.6, -4.5, -2.125],
							"lerp_mode": "catmullrom"
						},
						"4.5667": {
							"post": [0.8, 0.2, -2],
							"lerp_mode": "catmullrom"
						},
						"4.8": {
							"post": [0.4, 0.8, -1.55],
							"lerp_mode": "catmullrom"
						},
						"4.8667": {
							"post": [1.5, 0.8, 0.02344],
							"lerp_mode": "catmullrom"
						},
						"4.9667": {
							"post": [0.7, 0.8, -2.32578],
							"lerp_mode": "catmullrom"
						},
						"5.0667": {
							"post": [1.1, 0.8, -1.2],
							"lerp_mode": "catmullrom"
						},
						"5.2": {
							"post": [1.3, 0, -1.55],
							"lerp_mode": "catmullrom"
						},
						"5.5": {
							"post": [3.1, -0.4, -1.55],
							"lerp_mode": "catmullrom"
						},
						"5.7667": {
							"post": [3.5, -0.5, -1.55],
							"lerp_mode": "catmullrom"
						},
						"5.8667": {
							"post": [4.71, -0.5, -1.52],
							"lerp_mode": "catmullrom"
						},
						"6.0": {
							"post": [3.79, -0.49, -1.47],
							"lerp_mode": "catmullrom"
						},
						"6.2667": {
							"post": [4.22, -0.46, -1.35],
							"lerp_mode": "catmullrom"
						},
						"6.7": {
							"post": [3.85, -0.4, -1.1],
							"lerp_mode": "catmullrom"
						},
						"6.8": {
							"post": [3.27031, -0.41, -1.06],
							"lerp_mode": "catmullrom"
						},
						"6.8667": {
							"post": [3.72688, -0.42, -0.43672],
							"lerp_mode": "catmullrom"
						},
						"6.9667": {
							"post": [2.48891, -0.43, -1.10766],
							"lerp_mode": "catmullrom"
						},
						"7.1": {
							"post": [2.37781, -0.43, -0.99],
							"lerp_mode": "catmullrom"
						},
						"7.2667": {
							"post": [2.54953, -0.40234, -0.88672],
							"lerp_mode": "catmullrom"
						},
						"7.3667": {
							"post": [2.92234, -0.25734, 0.51859],
							"lerp_mode": "catmullrom"
						},
						"7.4667": {
							"post": [1.97109, -0.1775, 0.57359],
							"lerp_mode": "catmullrom"
						},
						"7.6667": {
							"post": [0.03, 0, 0],
							"lerp_mode": "catmullrom"
						},
						"7.7": {
							"post": [-0.15, 0, 1.6],
							"lerp_mode": "catmullrom"
						},
						"7.8": {
							"post": [0.05, 0, -0.63984],
							"lerp_mode": "catmullrom"
						},
						"7.9667": {
							"post": [0, 0, 0.09375],
							"lerp_mode": "catmullrom"
						},
						"8.2": {
							"post": [0, 0, 0],
							"lerp_mode": "catmullrom"
						}
					}
				},
				"release": {
					"rotation": {
						"2.1333": [0, 0, 0],
						"2.2": [-17.5, 0, 0],
						"2.6667": [-17.5, 0, 0],
						"2.7667": [0, 0, 0],
						"4.8": [0, 0, 0],
						"4.8667": [-17.5, 0, 0],
						"4.9333": [-17.5, 0, 0],
						"5.0": [0, 0, 0]
					}
				},
				"mag_and_lefthand": {
					"rotation": {
						"2.1667": [0, 0, 0],
						"2.2667": [-14.87378, -0.06978, -1.99878],
						"2.3333": [-14.87378, -0.06978, -1.99878],
						"2.4": {
							"pre": [-17.58598, -4.88201, -7.06163],
							"post": [-17.58598, -4.88201, -7.06163],
							"lerp_mode": "catmullrom"
						},
						"2.5": {
							"post": [-2.54764, -3.15869, -9.15509],
							"lerp_mode": "catmullrom"
						},
						"2.6": {
							"post": [-2.29304, 0.51545, -7.03527],
							"lerp_mode": "catmullrom"
						},
						"2.7667": {
							"post": [0.11593, 1.3276, -6.41886],
							"lerp_mode": "catmullrom"
						},
						"3.1": {
							"post": [-0.56745, 0.66867, -6.29566],
							"lerp_mode": "catmullrom"
						},
						"3.2": {
							"post": [-0.73884, -4.95119, 7.1523],
							"lerp_mode": "catmullrom"
						},
						"3.3333": {
							"post": [4.57279, 13.80254, 51.68818],
							"lerp_mode": "catmullrom"
						},
						"3.4333": {
							"post": [11.39392, 23.87067, 73.5731],
							"lerp_mode": "catmullrom"
						},
						"3.6": {
							"post": [10.62198, 24.66829, 69.27027],
							"lerp_mode": "catmullrom"
						},
						"3.7": {
							"post": [10.16633, 24.85041, 68.18683],
							"lerp_mode": "catmullrom"
						},
						"3.8": {
							"post": [9.71201, 25.02264, 67.10375],
							"lerp_mode": "catmullrom"
						},
						"4.1667": [10.8, 25.61, 67.345],
						"4.2667": [11.07064, 24.47878, 61.87432],
						"4.3667": {
							"pre": [2.6316, 9.13844, -19.76362],
							"post": [2.6316, 9.13844, -19.76362],
							"lerp_mode": "catmullrom"
						},
						"4.5": [-9.91205, 0, -26.17873],
						"4.6": [-16.50045, 0, -1.24916],
						"4.6667": [-23.925, 0, 0],
						"4.7": [-24.5, 0, 0],
						"4.7667": [-22.5, 0, 0],
						"4.8": [-25.25, 0, 0],
						"4.8667": [0, 0, 0]
					},
					"position": {
						"2.1667": [0, 0, 0],
						"2.2667": [0, -0.3, -0.575],
						"2.3333": [0, -0.525, -0.95],
						"2.3667": {
							"pre": [1.4, -4.7, -3.2],
							"post": [1.4, -4.7, -3.2],
							"lerp_mode": "catmullrom"
						},
						"2.4667": {
							"post": [2.60106, -5.37564, -1.50788],
							"lerp_mode": "catmullrom"
						},
						"2.6667": {
							"post": [4.19814, -4.01898, -2.61368],
							"lerp_mode": "catmullrom"
						},
						"2.7667": {
							"post": [4.90996, -1.98517, -1.97647],
							"lerp_mode": "catmullrom"
						},
						"2.9": {
							"post": [5.13462, -1.70756, -2.15002],
							"lerp_mode": "catmullrom"
						},
						"3.1": {
							"post": [4.95, -2.2, -2.1],
							"lerp_mode": "catmullrom"
						},
						"3.2": {
							"post": [4.75, -2.8, -1.6],
							"lerp_mode": "catmullrom"
						},
						"3.3333": {
							"post": [3.61, -3.505, -1.84],
							"lerp_mode": "catmullrom"
						},
						"3.4667": {
							"post": [3.4, -3.725, -2.875],
							"lerp_mode": "catmullrom"
						},
						"3.6": {
							"post": [3.3, -3.425, -3.125],
							"lerp_mode": "catmullrom"
						},
						"3.7": {
							"post": [3.2, -3.425, -3.125],
							"lerp_mode": "catmullrom"
						},
						"3.8": {
							"post": [3.2, -3.425, -3.125],
							"lerp_mode": "catmullrom"
						},
						"4.1667": [3.165, -3.7, -3.225],
						"4.2667": [3.3, -3.85, -3.175],
						"4.3667": {
							"pre": [2.745, -6.63, -3.115],
							"post": [2.745, -6.63, -3.115],
							"lerp_mode": "catmullrom"
						},
						"4.5": [2.05, -2, -1.95],
						"4.6": [0.4, -1, -1.525],
						"4.6667": [0.1, -1, -2.375],
						"4.7": [0.1, -1, -2.3],
						"4.7667": [0.1, -1, -1.825],
						"4.8": [0.05, -0.5, -1.75],
						"4.8667": [0, 0, 0]
					}
				},
				"handle": {
					"position": {
						"5.7667": [0, 0, 0],
						"5.9": {
							"pre": [0, 0, 2],
							"post": [0, 0, 2],
							"lerp_mode": "catmullrom"
						},
						"6.0667": {
							"post": [0, 0, 2.25],
							"lerp_mode": "catmullrom"
						},
						"6.3": {
							"post": [0, 0, 2.17],
							"lerp_mode": "catmullrom"
						},
						"6.5667": [0, 0, 2.19938],
						"6.8667": [0, 0, 2],
						"6.9333": {
							"pre": [0, 0, 0],
							"post": [0, 0, 0],
							"lerp_mode": "catmullrom"
						}
					}
				},
				"bipod_extended": {
					"rotation": {
						"0.0": {
							"post": [0, 0, 0],
							"lerp_mode": "catmullrom"
						},
						"0.1333": {
							"post": [0, 0, 5],
							"lerp_mode": "catmullrom"
						},
						"0.5667": {
							"post": [0, 0, 5],
							"lerp_mode": "catmullrom"
						},
						"0.7333": {
							"post": [0, 0, 7.5],
							"lerp_mode": "catmullrom"
						},
						"1.0": {
							"post": [0, 0, 7.5],
							"lerp_mode": "catmullrom"
						},
						"1.0667": {
							"post": [0, 0, 10],
							"lerp_mode": "catmullrom"
						},
						"1.3333": {
							"post": [0, 0, 2.5],
							"lerp_mode": "catmullrom"
						},
						"1.4667": {
							"post": [0, 0, 7.5],
							"lerp_mode": "catmullrom"
						},
						"1.6": {
							"post": [0, 0, 5],
							"lerp_mode": "catmullrom"
						},
						"1.8": {
							"post": [0, 0, 5],
							"lerp_mode": "catmullrom"
						},
						"2.0": {
							"post": [0, 0, -5],
							"lerp_mode": "catmullrom"
						},
						"2.1333": {
							"post": [0, 0, 5],
							"lerp_mode": "catmullrom"
						},
						"2.2667": {
							"post": [0, 0, 2.5],
							"lerp_mode": "catmullrom"
						},
						"2.5": {
							"post": [0, 0, 4.5],
							"lerp_mode": "catmullrom"
						},
						"2.6": {
							"post": [0, 0, -0.5],
							"lerp_mode": "catmullrom"
						},
						"2.7": {
							"post": [0, 0, 4.5],
							"lerp_mode": "catmullrom"
						},
						"2.8": {
							"post": [0, 0, 2],
							"lerp_mode": "catmullrom"
						},
						"2.9": {
							"post": [0, 0, 2],
							"lerp_mode": "catmullrom"
						},
						"4.4": {
							"post": [0, 0, 2],
							"lerp_mode": "catmullrom"
						},
						"4.5333": {
							"post": [0, 0, 7.5],
							"lerp_mode": "catmullrom"
						},
						"4.9": {
							"post": [0, 0, 4.5],
							"lerp_mode": "catmullrom"
						},
						"5.0": {
							"post": [0, 0, -0.5],
							"lerp_mode": "catmullrom"
						},
						"5.1": {
							"post": [0, 0, 4.5],
							"lerp_mode": "catmullrom"
						},
						"5.2": {
							"post": [0, 0, 2],
							"lerp_mode": "catmullrom"
						},
						"5.3": {
							"post": [0, 0, 2],
							"lerp_mode": "catmullrom"
						},
						"5.4333": {
							"post": [0, 0, -6],
							"lerp_mode": "catmullrom"
						},
						"5.6": {
							"post": [0, 0, -6],
							"lerp_mode": "catmullrom"
						},
						"5.7333": {
							"post": [0, 0, -1],
							"lerp_mode": "catmullrom"
						},
						"5.8333": {
							"post": [0, 0, -4],
							"lerp_mode": "catmullrom"
						},
						"5.9333": {
							"post": [0, 0, -2],
							"lerp_mode": "catmullrom"
						},
						"6.0333": {
							"post": [0, 0, -5],
							"lerp_mode": "catmullrom"
						},
						"6.8667": {
							"post": [0, 0, -5],
							"lerp_mode": "catmullrom"
						},
						"6.9667": {
							"post": [0, 0, -4],
							"lerp_mode": "catmullrom"
						},
						"7.0667": {
							"post": [0, 0, -5],
							"lerp_mode": "catmullrom"
						},
						"7.1667": {
							"post": [0, 0, -14],
							"lerp_mode": "catmullrom"
						},
						"7.5333": {
							"post": [0, 0, -14],
							"lerp_mode": "catmullrom"
						},
						"7.6667": {
							"post": [0, 0, 6],
							"lerp_mode": "catmullrom"
						},
						"7.8": {
							"post": [0, 0, -3],
							"lerp_mode": "catmullrom"
						},
						"7.9333": {
							"post": [0, 0, 3],
							"lerp_mode": "catmullrom"
						},
						"8.0667": {
							"post": [0, 0, -2],
							"lerp_mode": "catmullrom"
						},
						"8.1667": {
							"post": [0, 0, 0],
							"lerp_mode": "catmullrom"
						}
					}
				}
			},
			"sound_effects": {
				"0.0": {
					"effect": "classicr:aug/aug_inspect_raise"
				},
				"2.0333": {
					"effect": "classicr:aug/aug_inspect_maggrab"
				},
				"2.1333": {
					"effect": "classicr:aug/aug_inspect_magout"
				},
				"3.1333": {
					"effect": "classicr:scar_l/p04_ar_akilo_inspect_mvt"
				},
				"4.6333": {
					"effect": "classicr:aug/aug_reload_empty_magin"
				},
				"5.4667": {
					"effect": "classicr:scar_l/p05_ar_schotel_inspect_empty_boltback"
				},
				"6.8333": {
					"effect": "classicr:scar_l/p05_ar_schotel_inspect_empty_boltclose"
				},
				"7.1": {
					"effect": "classicr:scar_l/p05_ar_schotel_inspect_end"
				}
			}
		},
		"inspect_empty": {
			"animation_length": 8.3,
			"bones": {
				"root": {
					"rotation": {
						"0.0": [0, 0, 0],
						"0.1667": {
							"pre": [-3.95432, -0.35524, -7.5593],
							"post": [-3.95432, -0.35524, -7.5593],
							"lerp_mode": "catmullrom"
						},
						"0.3667": {
							"post": [-18.77487, -14.73938, -42.6554],
							"lerp_mode": "catmullrom"
						},
						"0.6333": {
							"post": [-21.52657, -15.87239, -40.05886],
							"lerp_mode": "catmullrom"
						},
						"0.7667": {
							"post": [-20.25861, -16.23715, -41.02775],
							"lerp_mode": "catmullrom"
						},
						"1.0667": {
							"post": [-20.53075, -15.90496, -40.04584],
							"lerp_mode": "catmullrom"
						},
						"1.2333": {
							"post": [-20.31, -15.97, -40.25],
							"lerp_mode": "catmullrom"
						},
						"1.3333": {
							"post": [-19.50129, -18.05893, -44.38906],
							"lerp_mode": "catmullrom"
						},
						"1.4667": {
							"post": [-19.4, -17.79, -43.96],
							"lerp_mode": "catmullrom"
						},
						"1.8": {
							"post": [-19.4, -17.79, -43.96],
							"lerp_mode": "catmullrom"
						},
						"1.9667": {
							"post": [-15.98698, -18.90273, -47.17888],
							"lerp_mode": "catmullrom"
						},
						"2.1667": [-21.03635, -12.51673, -24.54773],
						"2.2333": [-21.68509, -14.72379, -30.29289],
						"2.3333": {
							"pre": [-23.93272, -16.03986, -33.0996],
							"post": [-23.93272, -16.03986, -33.0996],
							"lerp_mode": "catmullrom"
						},
						"2.3667": {
							"post": [-23.93272, -16.03986, -33.0996],
							"lerp_mode": "catmullrom"
						},
						"2.4": {
							"post": [-23.81561, -18.75152, -38.32369],
							"lerp_mode": "catmullrom"
						},
						"2.5333": {
							"post": [-26.69287, -14.89123, -34.22797],
							"lerp_mode": "catmullrom"
						},
						"2.6333": {
							"post": [-25.15112, -14.84361, -35.22725],
							"lerp_mode": "catmullrom"
						},
						"2.7667": {
							"post": [-25.65312, -11.93302, -33.22913],
							"lerp_mode": "catmullrom"
						},
						"2.9667": {
							"post": [-26.01609, -11.05842, -29.41804],
							"lerp_mode": "catmullrom"
						},
						"3.2667": {
							"post": [-26.01964, -11.08992, -32.35272],
							"lerp_mode": "catmullrom"
						},
						"3.7333": {
							"post": [-26.1, -10.91, -32.005],
							"lerp_mode": "catmullrom"
						},
						"4.3333": {
							"post": [-25.75645, -10.60384, -32.73238],
							"lerp_mode": "catmullrom"
						},
						"4.4667": {
							"post": [-22.18, -10.23376, -28.68011],
							"lerp_mode": "catmullrom"
						},
						"4.6333": {
							"post": [-21.84032, -16.35295, -42.43734],
							"lerp_mode": "catmullrom"
						},
						"4.7667": {
							"post": [-23.01767, -14.58784, -39.21257],
							"lerp_mode": "catmullrom"
						},
						"4.8667": {
							"post": [-25.01344, -14.55583, -37.22696],
							"lerp_mode": "catmullrom"
						},
						"4.9333": {
							"post": [-20.36166, -9.80986, -25.96993],
							"lerp_mode": "catmullrom"
						},
						"4.9667": {
							"post": [-19.37742, -12.97734, -35.75689],
							"lerp_mode": "catmullrom"
						},
						"5.0333": {
							"post": [-22.53365, -10.5086, -29.93511],
							"lerp_mode": "catmullrom"
						},
						"5.1333": {
							"post": [-22.35954, -11.69417, -32.98666],
							"lerp_mode": "catmullrom"
						},
						"5.3333": {
							"post": [-24.36432, -1.6775, -11.65337],
							"lerp_mode": "catmullrom"
						},
						"5.5333": {
							"post": [-23.46652, 12.24383, 51.25953],
							"lerp_mode": "catmullrom"
						},
						"5.5667": {
							"post": [-25.38254, 14.43725, 60.36102],
							"lerp_mode": "catmullrom"
						},
						"5.7333": {
							"post": [-29.00682, 14.71279, 64.6102],
							"lerp_mode": "catmullrom"
						},
						"5.8333": {
							"post": [-29.89, 14.81, 65.05],
							"lerp_mode": "catmullrom"
						},
						"5.9333": {
							"post": [-31.3227, 15.39962, 64.65147],
							"lerp_mode": "catmullrom"
						},
						"6.1333": {
							"post": [-30.7885, 14.41418, 63.14586],
							"lerp_mode": "catmullrom"
						},
						"6.4333": {
							"post": [-30.6349, 15.48634, 65.33607],
							"lerp_mode": "catmullrom"
						},
						"6.7333": {
							"post": [-31.25052, 14.70508, 63.68418],
							"lerp_mode": "catmullrom"
						},
						"6.8667": {
							"post": [-31.42, 13.41, 55.65],
							"lerp_mode": "catmullrom"
						},
						"7.1667": {
							"post": [-26.67396, -0.07821, 27.51275],
							"lerp_mode": "catmullrom"
						},
						"7.3": {
							"post": [-11.69726, 0.58548, 16.78017],
							"lerp_mode": "catmullrom"
						},
						"7.4333": {
							"post": [-4.92613, 0.4648, 5.34116],
							"lerp_mode": "catmullrom"
						},
						"7.6": {
							"post": [-0.48719, -2.12151, -6.94069],
							"lerp_mode": "catmullrom"
						},
						"7.7": {
							"post": [0, 0, -3],
							"lerp_mode": "catmullrom"
						},
						"7.8": [1.07546, -0.05235, 0.39954],
						"7.9": [-0.95, 0, 1.64],
						"8.0333": [0, 0, 0],
						"8.1667": [0, 0, 0]
					},
					"position": {
						"0.0": [0, 0, 0],
						"0.1667": {
							"pre": [-0.3, -0.65, 0],
							"post": [-0.3, -0.65, 0],
							"lerp_mode": "catmullrom"
						},
						"0.3667": {
							"post": [-0.6, 0.8, -0.75],
							"lerp_mode": "catmullrom"
						},
						"0.5": {
							"post": [-0.6, 1.2, -1.35],
							"lerp_mode": "catmullrom"
						},
						"0.6667": {
							"post": [-0.6, 0.835, -1.59],
							"lerp_mode": "catmullrom"
						},
						"0.8667": {
							"post": [-0.6, 0.55, -1.6],
							"lerp_mode": "catmullrom"
						},
						"1.0667": {
							"post": [-0.6, 0.98, -1.6],
							"lerp_mode": "catmullrom"
						},
						"1.3333": {
							"post": [-0.6, 3.105, -1.6],
							"lerp_mode": "catmullrom"
						},
						"1.6333": {
							"post": [-0.6, 3.33, -1.6],
							"lerp_mode": "catmullrom"
						},
						"1.8": {
							"post": [-0.6, 2.7, -1.6],
							"lerp_mode": "catmullrom"
						},
						"1.9667": {
							"post": [-0.45, 0.76, -0.8],
							"lerp_mode": "catmullrom"
						},
						"2.1667": {
							"post": [0.7, 0.1, -2.9],
							"lerp_mode": "catmullrom"
						},
						"2.2333": {
							"post": [0.7, 0.05, -3.9],
							"lerp_mode": "catmullrom"
						},
						"2.3333": {
							"post": [0.7, 0.25, -3.9],
							"lerp_mode": "catmullrom"
						},
						"2.4": {
							"post": [0.575, 0.7, -3.9],
							"lerp_mode": "catmullrom"
						},
						"2.4667": {
							"post": [0.245, 0.94, -3.9],
							"lerp_mode": "catmullrom"
						},
						"2.5667": {
							"post": [-0.05, 0.75, -3.9],
							"lerp_mode": "catmullrom"
						},
						"2.6333": {
							"post": [-0.275, 0.25, -3.9],
							"lerp_mode": "catmullrom"
						},
						"2.7333": {
							"post": [-0.2, -0.2, -3.9],
							"lerp_mode": "catmullrom"
						},
						"2.8667": {
							"post": [-0.125, -0.425, -3.9],
							"lerp_mode": "catmullrom"
						},
						"3.2333": {
							"post": [-0.4, 0, -3.9],
							"lerp_mode": "catmullrom"
						},
						"4.3667": {
							"post": [-0.4, -0.1, -3.9],
							"lerp_mode": "catmullrom"
						},
						"4.5333": {
							"post": [-0.21, 0.13, -3.9],
							"lerp_mode": "catmullrom"
						},
						"4.6333": {
							"post": [0.15, 0.5, -3.9],
							"lerp_mode": "catmullrom"
						},
						"4.7333": {
							"post": [0.3, 0.8, -3.9],
							"lerp_mode": "catmullrom"
						},
						"4.8333": {
							"post": [0.3, 0.9, -3.9],
							"lerp_mode": "catmullrom"
						},
						"4.8667": {
							"post": [0.2, 0.9, -3.9],
							"lerp_mode": "catmullrom"
						},
						"4.9667": [0.3, 0.6, -3.9],
						"5.2667": {
							"pre": [0.3, -0.27969, -3.9],
							"post": [0.3, -0.27969, -3.9],
							"lerp_mode": "catmullrom"
						},
						"5.4667": {
							"post": [4.2, 0.4547, -3.5],
							"lerp_mode": "catmullrom"
						},
						"5.8333": {
							"post": [4.02656, 0.45469, -3.61953],
							"lerp_mode": "catmullrom"
						},
						"6.0333": {
							"post": [3.9975, 0.43703, -3.65906],
							"lerp_mode": "catmullrom"
						},
						"6.2667": {
							"post": [3.81, 0.27375, -3.73062],
							"lerp_mode": "catmullrom"
						},
						"6.6333": {
							"post": [3.83, 0.50203, -3.64219],
							"lerp_mode": "catmullrom"
						},
						"6.8667": {
							"post": [3.84, 0.55531, -3.75641],
							"lerp_mode": "catmullrom"
						},
						"6.9333": {
							"post": [3.84, 0.54391, -3.77],
							"lerp_mode": "catmullrom"
						},
						"7.0": {
							"post": [3.84, 0.76281, -4.06641],
							"lerp_mode": "catmullrom"
						},
						"7.1": {
							"post": [3.81, 0.54438, -4.96],
							"lerp_mode": "catmullrom"
						},
						"7.2333": {
							"post": [3.6, -0.10031, -5.36],
							"lerp_mode": "catmullrom"
						},
						"7.3667": {
							"post": [2.58, 0.69531, -4.30109],
							"lerp_mode": "catmullrom"
						},
						"7.5": {
							"post": [0.52, -0.355, -2.24109],
							"lerp_mode": "catmullrom"
						},
						"7.7": {
							"post": [0, -0.3, 0.95],
							"lerp_mode": "catmullrom"
						},
						"7.8333": [0, 0.02, -0.14],
						"7.9667": [0, 0.12, 0.08],
						"8.1333": [0, 0, 0]
					}
				},
				"lefthand_and_mag": {
					"rotation": {
						"2.1667": [0, 0, 0],
						"2.2667": [-14.87378, -0.06978, -1.99878],
						"2.3333": [-14.87378, -0.06978, -1.99878],
						"2.4": {
							"pre": [-17.58598, -4.88201, -7.06163],
							"post": [-17.58598, -4.88201, -7.06163],
							"lerp_mode": "catmullrom"
						},
						"2.5": {
							"post": [-2.54764, -3.15869, -9.15509],
							"lerp_mode": "catmullrom"
						},
						"2.6": {
							"post": [-2.29304, 0.51545, -7.03527],
							"lerp_mode": "catmullrom"
						},
						"2.7667": {
							"post": [0.11593, 1.3276, -6.41886],
							"lerp_mode": "catmullrom"
						},
						"3.1": {
							"post": [-0.56745, 0.66867, -6.29566],
							"lerp_mode": "catmullrom"
						},
						"3.2": {
							"post": [-0.73884, -4.95119, 7.1523],
							"lerp_mode": "catmullrom"
						},
						"3.3333": {
							"post": [4.57279, 13.80254, 51.68818],
							"lerp_mode": "catmullrom"
						},
						"3.4333": {
							"post": [11.39392, 23.87067, 73.5731],
							"lerp_mode": "catmullrom"
						},
						"3.6": {
							"post": [10.62198, 24.66829, 69.27027],
							"lerp_mode": "catmullrom"
						},
						"3.7": {
							"post": [10.16633, 24.85041, 68.18683],
							"lerp_mode": "catmullrom"
						},
						"3.8": {
							"post": [9.71201, 25.02264, 67.10375],
							"lerp_mode": "catmullrom"
						},
						"4.1667": [10.8, 25.61, 67.345],
						"4.2667": [11.07064, 24.47878, 61.87432],
						"4.3667": {
							"pre": [2.6316, 9.13844, -19.76362],
							"post": [2.6316, 9.13844, -19.76362],
							"lerp_mode": "catmullrom"
						},
						"4.5": [-9.91205, 0, -26.17873],
						"4.6": [-16.50045, 0, -1.24916],
						"4.6667": [-23.925, 0, 0],
						"4.7": [-24.5, 0, 0],
						"4.7667": [-22.5, 0, 0],
						"4.8": [-25.25, 0, 0],
						"4.8667": [0, 0, 0]
					},
					"position": {
						"2.1667": [0, 0, 0],
						"2.2667": [0, -0.3, -0.575],
						"2.3333": [0, -0.525, -0.95],
						"2.4": {
							"pre": [1.4, -6.7, -5.4],
							"post": [1.4, -6.7, -5.4],
							"lerp_mode": "catmullrom"
						},
						"2.5": {
							"post": [2.60106, -7.37564, -1.50788],
							"lerp_mode": "catmullrom"
						},
						"2.6667": {
							"post": [4.19814, -4.01898, 1.38632],
							"lerp_mode": "catmullrom"
						},
						"2.7667": {
							"post": [4.90996, -1.98517, 2.02353],
							"lerp_mode": "catmullrom"
						},
						"2.9": {
							"post": [5.13462, -1.70756, 1.84998],
							"lerp_mode": "catmullrom"
						},
						"3.1": {
							"post": [4.95, -2.2, 1.9],
							"lerp_mode": "catmullrom"
						},
						"3.2": {
							"post": [4.75, -2.8, 2.4],
							"lerp_mode": "catmullrom"
						},
						"3.3333": {
							"post": [3.61, -3.505, 2.16],
							"lerp_mode": "catmullrom"
						},
						"3.4667": {
							"post": [3.4, -3.725, 1.125],
							"lerp_mode": "catmullrom"
						},
						"3.6": {
							"post": [3.3, -3.425, 0.875],
							"lerp_mode": "catmullrom"
						},
						"3.7": {
							"post": [3.2, -3.425, 0.875],
							"lerp_mode": "catmullrom"
						},
						"3.8": {
							"post": [3.2, -3.425, 0.875],
							"lerp_mode": "catmullrom"
						},
						"4.1667": [3.165, -3.7, 0.775],
						"4.2667": [3.3, -3.85, 0.825],
						"4.3667": {
							"pre": [2.745, -6.63, 0.885],
							"post": [2.745, -6.63, 0.885],
							"lerp_mode": "catmullrom"
						},
						"4.5": [2.05, -2, -1.95],
						"4.6": [0.4, -1, -1.525],
						"4.6667": [0.1, -1, -2.375],
						"4.7": [0.1, -1, -2.3],
						"4.7667": [0.1, -1, -1.825],
						"4.8": [0.05, -0.5, -1.75],
						"4.8667": [0, 0, 0]
					}
				},
				"lefthand": {
					"rotation": {
						"0.0": [90.53161, -42.2309, -129.70611],
						"0.1667": [120.65263, -60.3567, -200.36724],
						"0.3": [111.55615, -37.52616, -188.40898],
						"1.6667": [111.555, -37.53, -188.405],
						"1.9667": [118.83163, -9.54318, -211.14883],
						"2.0667": [128.08894, 17.56633, -232.1361],
						"2.1667": [137.90708, 16.98359, -229.17653],
						"2.2667": [136.38376, 16.2397, -227.32289],
						"2.3333": [131.92598, -0.98197, -221.25165],
						"2.4": [124.32756, 5.90777, -207.99399],
						"2.5667": [117.49784, 17.33242, -204.26761],
						"2.7": [122.57973, 17.16258, -203.63703],
						"3.0667": [122.57973, 17.16258, -203.63703],
						"3.2": [121.015, 17.92, -204.425],
						"3.3": [121.6483, 14.03872, -193.05026],
						"4.3": [121.6483, 14.03872, -193.05026],
						"4.4": [128.32432, 15.9275, -221.98264],
						"5.1": [128.32432, 15.9275, -221.98264],
						"5.3333": [128.32432, 15.9275, -221.98264],
						"5.5667": [90.53161, -42.2309, -129.70611],
						"5.7": [81.9783, -16.93135, -142.09861],
						"7.3": [83.9783, -16.93135, -142.09861],
						"7.4333": [90.53161, -42.2309, -129.70611]
					},
					"position": {
						"0.0": [7.4, -11.7, -0.5],
						"0.1667": [14.3, -27.8, -3.8],
						"0.3": [9.9, -45.2, 22.9],
						"1.6667": [9.9, -45.2, 22.9],
						"1.9667": [7.18, -18.75, 13.05],
						"2.0667": [7.35, -16.5, 13.5],
						"2.2667": [7.35, -16.5, 13.5],
						"2.3333": [7.35, -16.975, 13.9],
						"2.5667": [7.31, -16.92, 14.255],
						"3.2": [7.31, -16.92, 14.255],
						"3.3": [8.54, -16.78, 13.4],
						"4.3": [8.54, -16.78, 13.4],
						"4.4": [7.65, -17.1, 13.725],
						"5.1": [7.65, -17.1, 13.725],
						"5.3333": [7.65, -17.1, 13.725],
						"5.5667": [8.1, -12.1, 3.5],
						"7.3": [8.1, -12.1, 3.5],
						"7.4333": [7.4, -11.7, -0.5]
					},
					"scale": [1, 1.5, 1]
				},
				"righthand_and_gun": {
					"rotation": {
						"2.3667": {
							"pre": [0, 0, 0],
							"post": [0, 0, 0],
							"lerp_mode": "catmullrom"
						},
						"2.4667": {
							"post": [0, 0, -6],
							"lerp_mode": "catmullrom"
						},
						"2.6": {
							"post": [0, 0, 1],
							"lerp_mode": "catmullrom"
						},
						"2.8667": {
							"post": [4.25145, 1.49587, 1.11119],
							"lerp_mode": "catmullrom"
						},
						"3.3333": {
							"post": [9.7516, 3.94902, -2.77956],
							"lerp_mode": "catmullrom"
						},
						"3.6667": {
							"post": [11.0016, 3.94902, -2.77956],
							"lerp_mode": "catmullrom"
						},
						"4.3": {
							"post": [8.83657, 0.51786, 5.59603],
							"lerp_mode": "catmullrom"
						},
						"4.7": {
							"post": [0, 0, 0],
							"lerp_mode": "catmullrom"
						}
					},
					"position": {
						"2.3667": {
							"pre": [0, 0, 0],
							"post": [0, 0, 0],
							"lerp_mode": "catmullrom"
						},
						"2.7333": {
							"post": [0, 0, 0],
							"lerp_mode": "catmullrom"
						},
						"3.1": {
							"post": [-0.33567, -0.49419, 0.31421],
							"lerp_mode": "catmullrom"
						},
						"3.6667": {
							"post": [-0.40508, -0.57962, 0.36794],
							"lerp_mode": "catmullrom"
						},
						"4.1667": {
							"post": [-0.13019, -0.20715, 0.12851],
							"lerp_mode": "catmullrom"
						},
						"4.6667": {
							"post": [0, 0, 0],
							"lerp_mode": "catmullrom"
						}
					}
				},
				"righthand": {
					"rotation": {
						"0.0": [100.03742, 4.92385, -179.12962],
						"0.1": [95.04292, 5.4713, -176.3426],
						"0.2333": [95.04292, 5.4713, -176.3426],
						"2.1": [95.04292, 5.4713, -176.3426],
						"5.0333": [95.04292, 5.4713, -176.3426],
						"5.3333": [100.03742, 4.92385, -179.12962]
					},
					"position": {
						"0.0": [-6.8, -14.2, 7.4],
						"0.1": [-7, -14.275, 7],
						"0.2333": [-8.25, -14.275, 7],
						"2.1": [-8.25, -14.275, 7],
						"5.0333": [-8.25, -14.275, 7],
						"5.3333": [-6.8, -14.2, 7.4]
					},
					"scale": [1, 1.5, 1]
				},
				"release": {
					"rotation": {
						"2.1333": [0, 0, 0],
						"2.2": [-17.5, 0, 0],
						"2.6667": [-17.5, 0, 0],
						"2.7667": [0, 0, 0],
						"4.8": [0, 0, 0],
						"4.8667": [-17.5, 0, 0],
						"4.9333": [-17.5, 0, 0],
						"5.0": [0, 0, 0]
					}
				},
				"mag_and_lefthand": {
					"rotation": {
						"2.1667": [0, 0, 0],
						"2.2667": [-14.87378, -0.06978, -1.99878],
						"2.3333": [-14.87378, -0.06978, -1.99878],
						"2.4": {
							"pre": [-17.58598, -4.88201, -7.06163],
							"post": [-17.58598, -4.88201, -7.06163],
							"lerp_mode": "catmullrom"
						},
						"2.5": {
							"post": [-2.54764, -3.15869, -9.15509],
							"lerp_mode": "catmullrom"
						},
						"2.6": {
							"post": [-2.29304, 0.51545, -7.03527],
							"lerp_mode": "catmullrom"
						},
						"2.7667": {
							"post": [0.11593, 1.3276, -6.41886],
							"lerp_mode": "catmullrom"
						},
						"3.1": {
							"post": [-0.56745, 0.66867, -6.29566],
							"lerp_mode": "catmullrom"
						},
						"3.2": {
							"post": [-0.73884, -4.95119, 7.1523],
							"lerp_mode": "catmullrom"
						},
						"3.3333": {
							"post": [4.57279, 13.80254, 51.68818],
							"lerp_mode": "catmullrom"
						},
						"3.4333": {
							"post": [11.39392, 23.87067, 73.5731],
							"lerp_mode": "catmullrom"
						},
						"3.6": {
							"post": [10.62198, 24.66829, 69.27027],
							"lerp_mode": "catmullrom"
						},
						"3.7": {
							"post": [10.16633, 24.85041, 68.18683],
							"lerp_mode": "catmullrom"
						},
						"3.8": {
							"post": [9.71201, 25.02264, 67.10375],
							"lerp_mode": "catmullrom"
						},
						"4.1667": [10.8, 25.61, 67.345],
						"4.2667": [11.07064, 24.47878, 61.87432],
						"4.3667": {
							"pre": [2.6316, 9.13844, -19.76362],
							"post": [2.6316, 9.13844, -19.76362],
							"lerp_mode": "catmullrom"
						},
						"4.5": [-9.91205, 0, -26.17873],
						"4.6": [-16.50045, 0, -1.24916],
						"4.6667": [-23.925, 0, 0],
						"4.7": [-24.5, 0, 0],
						"4.7667": [-22.5, 0, 0],
						"4.8": [-25.25, 0, 0],
						"4.8667": [0, 0, 0]
					},
					"position": {
						"2.1667": [0, 0, 0],
						"2.2667": [0, -0.3, -0.575],
						"2.3333": [0, -0.525, -0.95],
						"2.3667": {
							"pre": [1.4, -4.7, -3.2],
							"post": [1.4, -4.7, -3.2],
							"lerp_mode": "catmullrom"
						},
						"2.4667": {
							"post": [2.60106, -5.37564, -1.50788],
							"lerp_mode": "catmullrom"
						},
						"2.6667": {
							"post": [4.19814, -4.01898, -2.61368],
							"lerp_mode": "catmullrom"
						},
						"2.7667": {
							"post": [4.90996, -1.98517, -1.97647],
							"lerp_mode": "catmullrom"
						},
						"2.9": {
							"post": [5.13462, -1.70756, -2.15002],
							"lerp_mode": "catmullrom"
						},
						"3.1": {
							"post": [4.95, -2.2, -2.1],
							"lerp_mode": "catmullrom"
						},
						"3.2": {
							"post": [4.75, -2.8, -1.6],
							"lerp_mode": "catmullrom"
						},
						"3.3333": {
							"post": [3.61, -3.505, -1.84],
							"lerp_mode": "catmullrom"
						},
						"3.4667": {
							"post": [3.4, -3.725, -2.875],
							"lerp_mode": "catmullrom"
						},
						"3.6": {
							"post": [3.3, -3.425, -3.125],
							"lerp_mode": "catmullrom"
						},
						"3.7": {
							"post": [3.2, -3.425, -3.125],
							"lerp_mode": "catmullrom"
						},
						"3.8": {
							"post": [3.2, -3.425, -3.125],
							"lerp_mode": "catmullrom"
						},
						"4.1667": [3.165, -3.7, -3.225],
						"4.2667": [3.3, -3.85, -3.175],
						"4.3667": {
							"pre": [2.745, -6.63, -3.115],
							"post": [2.745, -6.63, -3.115],
							"lerp_mode": "catmullrom"
						},
						"4.5": [2.05, -2, -1.95],
						"4.6": [0.4, -1, -1.525],
						"4.6667": [0.1, -1, -2.375],
						"4.7": [0.1, -1, -2.3],
						"4.7667": [0.1, -1, -1.825],
						"4.8": [0.05, -0.5, -1.75],
						"4.8667": [0, 0, 0]
					}
				},
				"bolt2": {
					"position": [0, 0, 3]
				},
				"camera": {
					"rotation": {
						"0.0": {
							"post": [0, 0, 0],
							"lerp_mode": "catmullrom"
						},
						"0.1667": {
							"post": [1.72, 0.5, -0.45],
							"lerp_mode": "catmullrom"
						},
						"0.3667": {
							"post": [3.175, 0.8, -1.1],
							"lerp_mode": "catmullrom"
						},
						"0.7333": {
							"post": [3.125, 0.8, -1.1],
							"lerp_mode": "catmullrom"
						},
						"0.9333": {
							"post": [3.585, 0.8, -1.1],
							"lerp_mode": "catmullrom"
						},
						"1.1667": {
							"post": [5.295, 1.625, -1.55],
							"lerp_mode": "catmullrom"
						},
						"1.3333": {
							"post": [7.335, 2.7, -1.55],
							"lerp_mode": "catmullrom"
						},
						"1.5667": {
							"post": [8.425, 3.1, -1.55],
							"lerp_mode": "catmullrom"
						},
						"2.0": {
							"post": [2.7, 1.7, -1.55],
							"lerp_mode": "catmullrom"
						},
						"2.1667": {
							"post": [0.9, 0.8, -1.1],
							"lerp_mode": "catmullrom"
						},
						"2.3333": {
							"post": [1, 0.5, -1.1],
							"lerp_mode": "catmullrom"
						},
						"2.4": {
							"post": [1.5, -0.3, 1.2],
							"lerp_mode": "catmullrom"
						},
						"2.5": {
							"post": [0.7, -0.5, -2.95],
							"lerp_mode": "catmullrom"
						},
						"2.6": {
							"post": [0.9, -0.8, -1.1],
							"lerp_mode": "catmullrom"
						},
						"2.8": {
							"post": [2.3, -1.6, -1.55],
							"lerp_mode": "catmullrom"
						},
						"3.0": {
							"post": [3, -2, -1.55],
							"lerp_mode": "catmullrom"
						},
						"3.2": {
							"post": [3.09, -2, -1.55],
							"lerp_mode": "catmullrom"
						},
						"3.4667": {
							"post": [3.2, -4.1, -2.125],
							"lerp_mode": "catmullrom"
						},
						"3.7": {
							"post": [3.11, -4.8, -2.125],
							"lerp_mode": "catmullrom"
						},
						"4.0": {
							"post": [3, -4.8, -2.125],
							"lerp_mode": "catmullrom"
						},
						"4.3": {
							"post": [2.6, -4.5, -2.125],
							"lerp_mode": "catmullrom"
						},
						"4.5667": {
							"post": [0.8, 0.2, -2],
							"lerp_mode": "catmullrom"
						},
						"4.8": {
							"post": [0.4, 0.8, -1.55],
							"lerp_mode": "catmullrom"
						},
						"4.8667": {
							"post": [1.5, 0.8, 0.02344],
							"lerp_mode": "catmullrom"
						},
						"4.9667": {
							"post": [0.7, 0.8, -2.32578],
							"lerp_mode": "catmullrom"
						},
						"5.0667": {
							"post": [1.1, 0.8, -1.2],
							"lerp_mode": "catmullrom"
						},
						"5.2": {
							"post": [1.3, 0, -1.55],
							"lerp_mode": "catmullrom"
						},
						"5.5": {
							"post": [3.1, -0.4, -1.55],
							"lerp_mode": "catmullrom"
						},
						"5.7667": {
							"post": [3.5, -0.5, -1.55],
							"lerp_mode": "catmullrom"
						},
						"5.8667": {
							"post": [3.51, -0.5, -1.52],
							"lerp_mode": "catmullrom"
						},
						"6.0": {
							"post": [3.79, -0.49, -1.47],
							"lerp_mode": "catmullrom"
						},
						"6.2667": {
							"post": [4.22, -0.46, -1.35],
							"lerp_mode": "catmullrom"
						},
						"6.7": {
							"post": [3.85, -0.4, -1.1],
							"lerp_mode": "catmullrom"
						},
						"6.8": {
							"post": [3.27031, -0.41, -1.06],
							"lerp_mode": "catmullrom"
						},
						"6.8667": {
							"post": [2.62688, -0.42, -1.13672],
							"lerp_mode": "catmullrom"
						},
						"6.9667": {
							"post": [2.48891, -0.43, -1.10766],
							"lerp_mode": "catmullrom"
						},
						"7.1": {
							"post": [2.37781, -0.43, -0.99],
							"lerp_mode": "catmullrom"
						},
						"7.2667": {
							"post": [2.54953, -0.40234, -0.88672],
							"lerp_mode": "catmullrom"
						},
						"7.3667": {
							"post": [2.92234, -0.25734, 0.51859],
							"lerp_mode": "catmullrom"
						},
						"7.4667": {
							"post": [1.97109, -0.1775, 0.57359],
							"lerp_mode": "catmullrom"
						},
						"7.6667": {
							"post": [0.03, 0, 0],
							"lerp_mode": "catmullrom"
						},
						"7.7": {
							"post": [-0.15, 0, 1.6],
							"lerp_mode": "catmullrom"
						},
						"7.8": {
							"post": [0.05, 0, -0.63984],
							"lerp_mode": "catmullrom"
						},
						"7.9667": {
							"post": [0, 0, 0.09375],
							"lerp_mode": "catmullrom"
						},
						"8.2": {
							"post": [0, 0, 0],
							"lerp_mode": "catmullrom"
						}
					}
				},
				"bullet": {
					"scale": 0
				},
				"bullet_in_mag": {
					"scale": 0
				},
				"bipod_extended": {
					"rotation": {
						"0.0": {
							"post": [0, 0, 0],
							"lerp_mode": "catmullrom"
						},
						"0.1333": {
							"post": [0, 0, 5],
							"lerp_mode": "catmullrom"
						},
						"0.5667": {
							"post": [0, 0, 5],
							"lerp_mode": "catmullrom"
						},
						"0.7333": {
							"post": [0, 0, 7.5],
							"lerp_mode": "catmullrom"
						},
						"1.0": {
							"post": [0, 0, 7.5],
							"lerp_mode": "catmullrom"
						},
						"1.0667": {
							"post": [0, 0, 10],
							"lerp_mode": "catmullrom"
						},
						"1.3333": {
							"post": [0, 0, 2.5],
							"lerp_mode": "catmullrom"
						},
						"1.4667": {
							"post": [0, 0, 7.5],
							"lerp_mode": "catmullrom"
						},
						"1.6": {
							"post": [0, 0, 5],
							"lerp_mode": "catmullrom"
						},
						"1.8": {
							"post": [0, 0, 5],
							"lerp_mode": "catmullrom"
						},
						"2.0": {
							"post": [0, 0, -5],
							"lerp_mode": "catmullrom"
						},
						"2.1333": {
							"post": [0, 0, 5],
							"lerp_mode": "catmullrom"
						},
						"2.2667": {
							"post": [0, 0, 2.5],
							"lerp_mode": "catmullrom"
						},
						"2.5": {
							"post": [0, 0, 4.5],
							"lerp_mode": "catmullrom"
						},
						"2.6": {
							"post": [0, 0, -0.5],
							"lerp_mode": "catmullrom"
						},
						"2.7": {
							"post": [0, 0, 4.5],
							"lerp_mode": "catmullrom"
						},
						"2.8": {
							"post": [0, 0, 2],
							"lerp_mode": "catmullrom"
						},
						"2.9": {
							"post": [0, 0, 2],
							"lerp_mode": "catmullrom"
						},
						"4.4": {
							"post": [0, 0, 2],
							"lerp_mode": "catmullrom"
						},
						"4.5333": {
							"post": [0, 0, 7.5],
							"lerp_mode": "catmullrom"
						},
						"4.9": {
							"post": [0, 0, 4.5],
							"lerp_mode": "catmullrom"
						},
						"5.0": {
							"post": [0, 0, -0.5],
							"lerp_mode": "catmullrom"
						},
						"5.1": {
							"post": [0, 0, 4.5],
							"lerp_mode": "catmullrom"
						},
						"5.2": {
							"post": [0, 0, 2],
							"lerp_mode": "catmullrom"
						},
						"5.3": {
							"post": [0, 0, 2],
							"lerp_mode": "catmullrom"
						},
						"5.4333": {
							"post": [0, 0, -6],
							"lerp_mode": "catmullrom"
						},
						"5.6": {
							"post": [0, 0, -6],
							"lerp_mode": "catmullrom"
						},
						"5.7333": {
							"post": [0, 0, -1],
							"lerp_mode": "catmullrom"
						},
						"5.8333": {
							"post": [0, 0, -4],
							"lerp_mode": "catmullrom"
						},
						"5.9333": {
							"post": [0, 0, -2],
							"lerp_mode": "catmullrom"
						},
						"6.0333": {
							"post": [0, 0, -5],
							"lerp_mode": "catmullrom"
						},
						"6.8667": {
							"post": [0, 0, -5],
							"lerp_mode": "catmullrom"
						},
						"6.9667": {
							"post": [0, 0, -4],
							"lerp_mode": "catmullrom"
						},
						"7.0667": {
							"post": [0, 0, -5],
							"lerp_mode": "catmullrom"
						},
						"7.1667": {
							"post": [0, 0, -14],
							"lerp_mode": "catmullrom"
						},
						"7.5333": {
							"post": [0, 0, -14],
							"lerp_mode": "catmullrom"
						},
						"7.6667": {
							"post": [0, 0, 6],
							"lerp_mode": "catmullrom"
						},
						"7.8": {
							"post": [0, 0, -3],
							"lerp_mode": "catmullrom"
						},
						"7.9333": {
							"post": [0, 0, 3],
							"lerp_mode": "catmullrom"
						},
						"8.0667": {
							"post": [0, 0, -2],
							"lerp_mode": "catmullrom"
						},
						"8.1667": {
							"post": [0, 0, 0],
							"lerp_mode": "catmullrom"
						}
					}
				}
			},
			"sound_effects": {
				"0.0": {
					"effect": "classicr:aug/aug_inspect_raise"
				},
				"2.0333": {
					"effect": "classicr:aug/aug_inspect_maggrab"
				},
				"2.1333": {
					"effect": "classicr:aug/aug_inspect_magout"
				},
				"3.1333": {
					"effect": "classicr:scar_l/p04_ar_akilo_inspect_mvt"
				},
				"4.7667": {
					"effect": "classicr:aug/aug_reload_empty_magin"
				},
				"5.4667": {
					"effect": "classicr:scar_l/p05_ar_schotel_inspect_rotate"
				},
				"7.1": {
					"effect": "classicr:scar_l/p05_ar_schotel_inspect_end"
				}
			}
		},
		"static_bolt_caught": {
			"loop": true,
			"bones": {
				"righthand": {
					"rotation": [100.03742, 4.92385, -179.12962],
					"position": [-6.8, -14.2, 7.4],
					"scale": [1, 1.5, 1]
				},
				"lefthand": {
					"rotation": [90.53161, -402.23089, -129.70611],
					"position": [7.4, -11.7, -0.5],
					"scale": [1, 1.5, 1]
				},
				"bolt2": {
					"position": [0, 0, 3]
				}
			}
		},
		"reload_tactical": {
			"animation_length": 2.75,
			"bones": {
				"righthand": {
					"rotation": {
						"0.0": [100.03742, 4.92385, -179.12962],
						"0.15": [100.3478, 14.76296, -177.33597],
						"1.7": [100.35, 14.76, -177.34],
						"1.9": [100.03742, 4.92385, -179.12962]
					},
					"position": [-6.8, -14.2, 7.4],
					"scale": [1, 1.5, 1]
				},
				"lefthand": {
					"rotation": {
						"0.0": [90.53161, -402.23089, -129.70611],
						"0.2": [115.86294, -369.66693, -226.54105],
						"0.25": [125.86, -369.67, -226.54],
						"0.35": [124.6961, -372.30642, -225.49724],
						"0.4": [128.31734, -369.84622, -228.71128],
						"0.45": [138.38718, -356.86335, -225.22772],
						"0.5": [120.39, -356.86, -225.23],
						"0.6": [126.09169, -372.96193, -233.33241],
						"0.7": [134.09, -372.96, -233.33],
						"1.05": [129.58369, -371.05809, -235.70211],
						"1.15": [102.80277, -370.9337, -231.62718],
						"1.2": [121.67748, -352.38944, -227.45689],
						"1.3": [122.80147, -343.92535, -222.01407],
						"1.35": [125.56293, -344.59461, -209.92823],
						"1.45": [129.56, -344.59, -209.93],
						"1.5": [138.56, -344.59, -209.93],
						"1.55": [111.69207, -355.85215, -211.18316],
						"1.6": [113.69, -355.85, -211.18],
						"1.7": [115.79932, -356.8725, -209.45764],
						"1.75": [115.8, -356.87, -209.46],
						"1.8": [101.17115, -377.16947, -166.95326],
						"1.9": [85.95657, -385.69387, -122.07969],
						"2.0": [90.53161, -402.23089, -129.70611],
						"2.15": [90.53161, -402.23089, -129.70611],
						"2.25": [90.53161, -402.23089, -129.70611]
					},
					"position": {
						"0.0": [7.4, -11.7, -0.5],
						"0.1": [7.18, -15.45, 2.45],
						"0.2": [7.15781, -14.6, 13.4],
						"0.35": [7.34609, -14.8, 13.4],
						"0.4": [7.94609, -15.2, 13.4],
						"0.45": [7.94609, -15.2, 12],
						"0.5": [10.14609, -20.5, 8.4],
						"0.6": [11.04609, -51.5, 5.71953],
						"0.7": [11.04609, -59.6, 6.3],
						"1.05": [12.66563, -62.1, 4.4],
						"1.15": [10.56563, -20.3, 12.2],
						"1.2": [10.36563, -17.2, 10.4],
						"1.3": [8.75781, -16.18437, 11.19219],
						"1.35": [7.76563, -16.58438, 11.08828],
						"1.4": [7.66563, -16.68437, 10.98828],
						"1.45": [7.66563, -16.98437, 10.78828],
						"1.5": [7.36563, -16.28437, 11.48828],
						"1.55": [7.76563, -16.28437, 11.68828],
						"1.7": [7.25781, -17.3, 12.1],
						"1.75": [7.25781, -17.1, 8.4],
						"1.85": [8.25781, -14.1, 2.13],
						"1.9": [7.25781, -13.5, 2.1],
						"2.0": [7.4, -11.7, -0.5],
						"2.2": [7.4, -11.7, -0.5]
					},
					"scale": [1, 1.5, 1]
				},
				"root": {
					"relative_to": {
						"rotation": "entity"
					},
					"rotation": {
						"0.0": {
							"post": [0, 0, 0],
							"lerp_mode": "catmullrom"
						},
						"0.1": {
							"post": [-7.8607, -2.17183, -17.42214],
							"lerp_mode": "catmullrom"
						},
						"0.2": [-12.03635, -6.99173, -24.54773],
						"0.25": [-12.68509, -9.19879, -30.29289],
						"0.35": {
							"pre": [-14.93272, -10.51486, -33.0996],
							"post": [-14.93272, -10.51486, -33.0996],
							"lerp_mode": "catmullrom"
						},
						"0.4": {
							"post": [-14.81561, -13.22652, -38.32369],
							"lerp_mode": "catmullrom"
						},
						"0.45": {
							"post": [-17.69287, -9.36623, -34.22797],
							"lerp_mode": "catmullrom"
						},
						"0.5": {
							"post": [-16.15112, -9.31861, -35.22725],
							"lerp_mode": "catmullrom"
						},
						"0.55": {
							"post": [-14.482, -9.71513, -31.74076],
							"lerp_mode": "catmullrom"
						},
						"0.65": {
							"post": [-15.04248, -10.9831, -36.08938],
							"lerp_mode": "catmullrom"
						},
						"0.75": {
							"post": [-16.08352, -11.46197, -36.0843],
							"lerp_mode": "catmullrom"
						},
						"1.0": {
							"post": [-14.60274, -10.26838, -37.0199],
							"lerp_mode": "catmullrom"
						},
						"1.15": {
							"post": [-12.0807, -11.8337, -45.71759],
							"lerp_mode": "catmullrom"
						},
						"1.25": {
							"post": [-12.84032, -10.82795, -42.43734],
							"lerp_mode": "catmullrom"
						},
						"1.4": {
							"post": [-14.01767, -9.06284, -39.21257],
							"lerp_mode": "catmullrom"
						},
						"1.5": {
							"post": [-16.01344, -9.03083, -37.22696],
							"lerp_mode": "catmullrom"
						},
						"1.55": {
							"post": [-11.36166, -4.28486, -31.16993],
							"lerp_mode": "catmullrom"
						},
						"1.6": {
							"post": [-10.37742, -7.45234, -35.75689],
							"lerp_mode": "catmullrom"
						},
						"1.65": {
							"post": [-13.53365, -4.9836, -29.93511],
							"lerp_mode": "catmullrom"
						},
						"1.8": {
							"post": [-12.63107, -2.58391, -10.24857],
							"lerp_mode": "catmullrom"
						},
						"1.95": {
							"post": [-0.50159, -1.43852, 5.92117],
							"lerp_mode": "catmullrom"
						},
						"2.05": [1.99513, -0.13948, 3.99757],
						"2.15": {
							"pre": [1, 0, -2],
							"post": [1, 0, -2],
							"lerp_mode": "catmullrom"
						},
						"2.2": {
							"post": [0.99985, -0.01745, 0],
							"lerp_mode": "catmullrom"
						},
						"2.35": {
							"post": [0, 0, 0],
							"lerp_mode": "catmullrom"
						}
					},
					"position": {
						"0.0": {
							"post": [0, 0, 0],
							"lerp_mode": "catmullrom"
						},
						"0.1": {
							"post": [0.2, -0.28, -2.69],
							"lerp_mode": "catmullrom"
						},
						"0.2": {
							"post": [-0.6, -0.8, -3.9],
							"lerp_mode": "catmullrom"
						},
						"0.25": {
							"post": [-0.6, -0.9, -3.9],
							"lerp_mode": "catmullrom"
						},
						"0.35": {
							"post": [-0.6, -0.7, -3.9],
							"lerp_mode": "catmullrom"
						},
						"0.4": {
							"post": [-0.7, -0.7, -3.9],
							"lerp_mode": "catmullrom"
						},
						"0.45": {
							"post": [-0.33, -0.91, -3.9],
							"lerp_mode": "catmullrom"
						},
						"0.5": {
							"post": [-0.2, -0.7, -3.9],
							"lerp_mode": "catmullrom"
						},
						"0.65": {
							"post": [-0.6, -0.6, -3.9],
							"lerp_mode": "catmullrom"
						},
						"0.8": {
							"post": [-1.045, -1.075, -3.9],
							"lerp_mode": "catmullrom"
						},
						"0.95": {
							"post": [-1.125, -1.075, -3.9],
							"lerp_mode": "catmullrom"
						},
						"1.1": {
							"post": [-1.11, -0.92, -3.9],
							"lerp_mode": "catmullrom"
						},
						"1.25": {
							"post": [-0.9, -0.7, -3.9],
							"lerp_mode": "catmullrom"
						},
						"1.35": {
							"post": [-0.85, -0.6, -3.9],
							"lerp_mode": "catmullrom"
						},
						"1.45": {
							"post": [-0.825, -0.5, -3.9],
							"lerp_mode": "catmullrom"
						},
						"1.5": {
							"post": [-0.925, -0.5, -3.9],
							"lerp_mode": "catmullrom"
						},
						"1.6": [-0.725, -0.8, -3.9],
						"1.75": {
							"pre": [-1, -0.8, -3.35],
							"post": [-1, -0.8, -3.35],
							"lerp_mode": "catmullrom"
						},
						"1.9": {
							"post": [-1, -2.2, -1.8],
							"lerp_mode": "catmullrom"
						},
						"2.05": {
							"post": [0, -0.5, -0.5],
							"lerp_mode": "catmullrom"
						},
						"2.15": {
							"post": [0, -0.1, 0.5],
							"lerp_mode": "catmullrom"
						},
						"2.25": {
							"post": [0, -0.09, -0.07],
							"lerp_mode": "catmullrom"
						},
						"2.3": {
							"post": [0, -0.06, -0.19],
							"lerp_mode": "catmullrom"
						},
						"2.4": {
							"post": [0, 0, 0],
							"lerp_mode": "catmullrom"
						}
					}
				},
				"MAGZINE": {
					"rotation": {
						"0.35": [0, 0, 0],
						"0.4": [-1.99878, -0.06978, -1.99878],
						"0.45": [-18.00078, -0.18928, -10.04084],
						"0.5": [-30.21098, -4.88201, -35.06163],
						"0.6": [-16.41579, 9.6013, -39.02549],
						"0.7": [-17.30246, 7.85816, -44.83918],
						"1.05": [-17.3, 7.86, -44.84],
						"1.15": [27.02932, 7.27156, -34.76939],
						"1.2": [-9.91205, 0, -26.17873],
						"1.3": [-16.50045, 0, -13.72416],
						"1.35": [-26, 0, 0],
						"1.4": [-24.5, 0, 0],
						"1.45": [-22.5, 0, 0],
						"1.5": [-25.25, 0, 0],
						"1.55": [0, 0, 0]
					},
					"position": {
						"0.35": [0, 0, 0],
						"0.4": [0, -0.3, -0.1],
						"0.45": [0.3, -0.6, -0.6],
						"0.5": [1.4, -6.7, -5.4],
						"0.6": [2.5, -16.8, -2.60625],
						"0.7": [2.5, -25.8, 8.2],
						"1.05": [2.5, -25.8, 8.2],
						"1.15": [1.1, -4.8, -0.1],
						"1.2": [1.1, -2, -0.1],
						"1.3": [0.4, -1, -0.4],
						"1.35": [0.1, -1, -0.5],
						"1.4": [0.1, -1, -0.7],
						"1.45": [0.1, -1, -0.7],
						"1.5": [0.05, -0.5, -0.25],
						"1.55": [0, 0, 0]
					}
				},
				"mag_additional": {
					"position": [0, -3, 32]
				},
				"magrelease": {
					"rotation": {
						"0.25": [0, 0, 0],
						"0.3": [-20, 0, 0],
						"0.45": [-20, 0, 0],
						"0.55": [0, 0, 0],
						"1.5": [0, 0, 0],
						"1.55": [-20, 0, 0],
						"1.65": [0, 0, 0]
					}
				},
				"camera": {
					"rotation": {
						"0.0": {
							"post": [0, 0, 0],
							"lerp_mode": "catmullrom"
						},
						"0.15": {
							"post": [1, 0.05, -0.5],
							"lerp_mode": "catmullrom"
						},
						"0.4": {
							"post": [0.8, 0.375, -1.2],
							"lerp_mode": "catmullrom"
						},
						"0.45": {
							"post": [1.6, 0.25, -0.625],
							"lerp_mode": "catmullrom"
						},
						"0.55": {
							"post": [1.075, 0.125, -1.575],
							"lerp_mode": "catmullrom"
						},
						"0.7": {
							"post": [1.2, -0.125, -0.95],
							"lerp_mode": "catmullrom"
						},
						"0.9": {
							"post": [1, -0.175, -1.2],
							"lerp_mode": "catmullrom"
						},
						"1.15": {
							"post": [1.3, -0.1, -1.475],
							"lerp_mode": "catmullrom"
						},
						"1.35": {
							"post": [0.94, 0.59, -1.475],
							"lerp_mode": "catmullrom"
						},
						"1.45": {
							"post": [0.7, 0.625, -1.375],
							"lerp_mode": "catmullrom"
						},
						"1.5": {
							"post": [0.75, 0.63, -1.2],
							"lerp_mode": "catmullrom"
						},
						"1.55": {
							"post": [1.5, 0.625, -0.475],
							"lerp_mode": "catmullrom"
						},
						"1.65": {
							"post": [1.1, 0.625, -1.675],
							"lerp_mode": "catmullrom"
						},
						"1.8": {
							"post": [0.875, 0.325, -1.2],
							"lerp_mode": "catmullrom"
						},
						"1.95": {
							"post": [1.35, -0.15, -1.2],
							"lerp_mode": "catmullrom"
						},
						"2.1": {
							"post": [-0.105, 0, -0.8],
							"lerp_mode": "catmullrom"
						},
						"2.15": {
							"post": [0.2, 0.05, -0.25],
							"lerp_mode": "catmullrom"
						},
						"2.25": {
							"post": [-0.075, 0, -0.65],
							"lerp_mode": "catmullrom"
						},
						"2.35": {
							"post": [0, 0, 0],
							"lerp_mode": "catmullrom"
						}
					}
				},
				"magazine_bullet": {
					"rotation": {
						"0.35": [0, 0, 0],
						"0.4": [-1.99878, -0.06978, -1.99878],
						"0.45": [-18.00078, -0.18928, -10.04084],
						"0.5": [-30.21098, -4.88201, -35.06163],
						"0.6": [-16.41579, 9.6013, -39.02549],
						"0.7": [-17.30246, 7.85816, -44.83918],
						"1.05": [-17.3, 7.86, -44.84],
						"1.15": [27.02932, 7.27156, -34.76939],
						"1.2": [-9.91205, 0, -26.17873],
						"1.3": [-16.50045, 0, -13.72416],
						"1.35": [-26, 0, 0],
						"1.4": [-24.5, 0, 0],
						"1.45": [-22.5, 0, 0],
						"1.5": [-25.25, 0, 0],
						"1.55": [0, 0, 0]
					},
					"position": {
						"0.35": [0, 0, 0],
						"0.4": [0, -0.3, -0.1],
						"0.45": [0.3, -0.6, -0.6],
						"0.5": [1.4, -6.7, -5.4],
						"0.6": [2.5, -23.8, -2.60625],
						"0.7": [2.5, -32.8, 8.2],
						"1.05": [2.5, -32.8, 8.2],
						"1.15": [1.1, -4.8, -0.1],
						"1.2": [1.1, -2, -0.1],
						"1.3": [0.4, -1, -0.4],
						"1.35": [0.1, -1, -0.5],
						"1.4": [0.1, -1, -0.7],
						"1.45": [0.1, -1, -0.7],
						"1.5": [0.05, -0.5, -0.25],
						"1.55": [0, 0, 0]
					}
				},
				"bipod_extended": {
					"rotation": {
						"0.0": {
							"post": [0, 0, 0],
							"lerp_mode": "catmullrom"
						},
						"0.15": {
							"post": [0, 0, 5],
							"lerp_mode": "catmullrom"
						},
						"0.3": {
							"post": [0, 0, 5],
							"lerp_mode": "catmullrom"
						},
						"0.5": {
							"post": [0, 0, 7.5],
							"lerp_mode": "catmullrom"
						},
						"0.75": {
							"post": [0, 0, 7.5],
							"lerp_mode": "catmullrom"
						},
						"0.8": {
							"post": [0, 0, 10],
							"lerp_mode": "catmullrom"
						},
						"1.1": {
							"post": [0, 0, 2.5],
							"lerp_mode": "catmullrom"
						},
						"1.2": {
							"post": [0, 0, 7.5],
							"lerp_mode": "catmullrom"
						},
						"1.35": {
							"post": [0, 0, 5],
							"lerp_mode": "catmullrom"
						},
						"1.55": {
							"post": [0, 0, 5],
							"lerp_mode": "catmullrom"
						},
						"1.75": {
							"post": [0, 0, -5],
							"lerp_mode": "catmullrom"
						},
						"1.9": {
							"post": [0, 0, 5],
							"lerp_mode": "catmullrom"
						},
						"2.0": {
							"post": [0, 0, 2.5],
							"lerp_mode": "catmullrom"
						},
						"2.25": {
							"post": [0, 0, 4.5],
							"lerp_mode": "catmullrom"
						},
						"2.35": {
							"post": [0, 0, -0.5],
							"lerp_mode": "catmullrom"
						},
						"2.45": {
							"post": [0, 0, 4.5],
							"lerp_mode": "catmullrom"
						},
						"2.55": {
							"post": [0, 0, 2],
							"lerp_mode": "catmullrom"
						},
						"2.65": {
							"post": [0, 0, 0],
							"lerp_mode": "catmullrom"
						}
					}
				}
			},
			"sound_effects": {
				"0.0": {
					"effect": "classicr:scar_l/p05_ar_schotel_inspect_raise"
				},
				"0.2": {
					"effect": "classicr:aug/aug_inspect_maggrab"
				},
				"0.35": {
					"effect": "classicr:aug/aug_reload_magout"
				},
				"1.0": {
					"effect": "classicr:aug/aug_inspect_quick"
				},
				"1.45": {
					"effect": "classicr:aug/aug_reload_magin"
				}
			}
		},
		"reload_empty": {
			"animation_length": 3,
			"bones": {
				"righthand": {
					"rotation": {
						"0.0": [100.03742, 4.92385, -179.12962],
						"0.15": [100.3478, 14.76296, -177.33597],
						"2.1": [100.35, 14.76, -177.34],
						"2.3": [100.03742, 4.92385, -179.12962]
					},
					"position": [-6.8, -14.2, 7.4],
					"scale": [1, 1.5, 1]
				},
				"lefthand": {
					"rotation": {
						"0.0": [90.53161, -402.23089, -129.70611],
						"0.2": [115.86294, -369.66693, -226.54105],
						"0.25": [125.86, -369.67, -226.54],
						"0.35": [124.6961, -372.30642, -225.49724],
						"0.4": [128.31734, -369.84622, -228.71128],
						"0.45": [138.38718, -356.86335, -225.22772],
						"0.5": [120.39, -356.86, -225.23],
						"0.6": [126.09169, -372.96193, -233.33241],
						"0.7": [134.09, -372.96, -233.33],
						"1.05": [129.58369, -371.05809, -235.70211],
						"1.15": [102.80277, -370.9337, -231.62718],
						"1.2": [121.67748, -352.38944, -227.45689],
						"1.3": [122.80147, -343.92535, -222.01407],
						"1.35": [125.56293, -344.59461, -209.92823],
						"1.45": [129.56, -344.59, -209.93],
						"1.5": [138.56, -344.59, -209.93],
						"1.55": [111.69207, -355.85215, -211.18316],
						"1.6": [113.69, -355.85, -211.18],
						"1.7": [115.79932, -356.8725, -209.45764],
						"1.8": [115.79932, -356.8725, -209.45764],
						"1.95": [103.29932, -356.8725, -209.45764],
						"2.2": [103.29932, -356.8725, -209.45764],
						"2.35": [115.79932, -356.8725, -209.45764],
						"2.5": [101.17115, -377.16947, -166.95326],
						"2.6": [85.95657, -385.69387, -122.07969],
						"2.7": [90.53161, -402.23089, -129.70611],
						"2.85": [90.53161, -402.23089, -129.70611],
						"2.95": [90.53161, -402.23089, -129.70611]
					},
					"position": {
						"0.0": [7.4, -11.7, -0.5],
						"0.1": [7.18, -15.45, 2.45],
						"0.2": [7.15781, -14.6, 13.4],
						"0.35": [7.34609, -14.8, 13.4],
						"0.4": [7.94609, -15.2, 13.4],
						"0.45": [7.94609, -15.2, 12],
						"0.5": [10.14609, -20.5, 8.4],
						"0.6": [11.04609, -51.5, 5.71953],
						"0.7": [11.04609, -59.6, 6.3],
						"1.05": [12.66563, -62.1, 4.4],
						"1.15": [10.56563, -20.3, 12.2],
						"1.2": [10.36563, -17.2, 10.4],
						"1.3": [8.75781, -16.18437, 11.19219],
						"1.35": [7.76563, -16.58438, 11.08828],
						"1.4": [7.66563, -16.68437, 10.98828],
						"1.45": [7.66563, -16.98437, 10.78828],
						"1.5": [7.36563, -16.28437, 11.48828],
						"1.55": [7.76563, -16.28437, 11.68828],
						"1.7": [7.25781, -17.3, 12.1],
						"1.8": [7.25781, -17.3, 12.1],
						"1.95": [7.25781, -14.3, 18.1],
						"2.2": [7.25781, -14.3, 18.1],
						"2.35": [12.25781, -15.3, 10.1],
						"2.55": [8.25781, -14.1, 2.13],
						"2.6": [7.25781, -13.5, 2.1],
						"2.7": [7.4, -11.7, -0.5],
						"2.9": [7.4, -11.7, -0.5]
					},
					"scale": [1, 1.5, 1]
				},
				"root": {
					"relative_to": {
						"rotation": "entity"
					},
					"rotation": {
						"0.0": {
							"post": [0, 0, 0],
							"lerp_mode": "catmullrom"
						},
						"0.1": {
							"post": [-4.3607, -2.17183, -17.42214],
							"lerp_mode": "catmullrom"
						},
						"0.2": [-8.53635, -6.99173, -24.54773],
						"0.25": [-9.18509, -9.19879, -30.29289],
						"0.35": {
							"pre": [-11.43272, -10.51486, -33.0996],
							"post": [-11.43272, -10.51486, -33.0996],
							"lerp_mode": "catmullrom"
						},
						"0.4": {
							"post": [-11.31561, -13.22652, -38.32369],
							"lerp_mode": "catmullrom"
						},
						"0.45": {
							"post": [-14.19287, -9.36623, -34.22797],
							"lerp_mode": "catmullrom"
						},
						"0.5": {
							"post": [-12.65112, -9.31861, -35.22725],
							"lerp_mode": "catmullrom"
						},
						"0.55": {
							"post": [-10.982, -9.71513, -31.74076],
							"lerp_mode": "catmullrom"
						},
						"0.65": {
							"post": [-11.54248, -10.9831, -36.08938],
							"lerp_mode": "catmullrom"
						},
						"0.75": {
							"post": [-12.58352, -11.46197, -36.0843],
							"lerp_mode": "catmullrom"
						},
						"1.0": {
							"post": [-11.10274, -10.26838, -37.0199],
							"lerp_mode": "catmullrom"
						},
						"1.15": {
							"post": [-8.5807, -11.8337, -45.71759],
							"lerp_mode": "catmullrom"
						},
						"1.25": {
							"post": [-9.34032, -10.82795, -42.43734],
							"lerp_mode": "catmullrom"
						},
						"1.4": {
							"post": [-10.51767, -9.06284, -39.21257],
							"lerp_mode": "catmullrom"
						},
						"1.5": {
							"post": [-12.51344, -9.03083, -37.22696],
							"lerp_mode": "catmullrom"
						},
						"1.55": {
							"post": [-7.86166, -4.28486, -30.36993],
							"lerp_mode": "catmullrom"
						},
						"1.6": {
							"post": [-6.87742, -7.45234, -35.75689],
							"lerp_mode": "catmullrom"
						},
						"1.95": {
							"post": [-12.51344, -9.03083, -37.22696],
							"lerp_mode": "catmullrom"
						},
						"2.0": {
							"post": [-7.86166, -4.28486, -25.96993],
							"lerp_mode": "catmullrom"
						},
						"2.05": {
							"post": [-6.87742, -7.45234, -35.75689],
							"lerp_mode": "catmullrom"
						},
						"2.3": {
							"post": [-10.03365, -4.9836, -29.93511],
							"lerp_mode": "catmullrom"
						},
						"2.45": {
							"post": [-9.13107, -2.58391, -10.24857],
							"lerp_mode": "catmullrom"
						},
						"2.6": {
							"post": [-0.50159, -1.43852, 5.92117],
							"lerp_mode": "catmullrom"
						},
						"2.7": [1.99513, -0.13948, 3.99757],
						"2.8": {
							"pre": [1, 0, -2],
							"post": [1, 0, -2],
							"lerp_mode": "catmullrom"
						},
						"2.85": {
							"post": [0.99985, -0.01745, 0],
							"lerp_mode": "catmullrom"
						},
						"3.0": {
							"post": [0, 0, 0],
							"lerp_mode": "catmullrom"
						}
					},
					"position": {
						"0.0": {
							"post": [0, 0, 0],
							"lerp_mode": "catmullrom"
						},
						"0.1": {
							"post": [0.2, -0.28, -2.69],
							"lerp_mode": "catmullrom"
						},
						"0.2": {
							"post": [-0.6, -0.8, -3.9],
							"lerp_mode": "catmullrom"
						},
						"0.25": {
							"post": [-0.6, -0.9, -3.9],
							"lerp_mode": "catmullrom"
						},
						"0.35": {
							"post": [-0.6, -0.7, -3.9],
							"lerp_mode": "catmullrom"
						},
						"0.4": {
							"post": [-0.7, -0.7, -3.9],
							"lerp_mode": "catmullrom"
						},
						"0.45": {
							"post": [-0.33, -0.91, -3.9],
							"lerp_mode": "catmullrom"
						},
						"0.5": {
							"post": [-0.2, -0.7, -3.9],
							"lerp_mode": "catmullrom"
						},
						"0.65": {
							"post": [-0.6, -0.6, -3.9],
							"lerp_mode": "catmullrom"
						},
						"0.8": {
							"post": [-1.045, -1.075, -3.9],
							"lerp_mode": "catmullrom"
						},
						"0.95": {
							"post": [-1.125, -1.075, -3.9],
							"lerp_mode": "catmullrom"
						},
						"1.1": {
							"post": [-1.11, -0.92, -3.9],
							"lerp_mode": "catmullrom"
						},
						"1.25": {
							"post": [-0.9, -0.7, -3.9],
							"lerp_mode": "catmullrom"
						},
						"1.35": {
							"post": [-0.85, -0.6, -3.9],
							"lerp_mode": "catmullrom"
						},
						"1.45": {
							"post": [-0.825, -0.5, -3.9],
							"lerp_mode": "catmullrom"
						},
						"1.5": {
							"post": [-0.925, -0.5, -3.9],
							"lerp_mode": "catmullrom"
						},
						"1.6": [-0.725, -0.8, -3.9],
						"1.95": {
							"pre": [-0.825, -0.5, -3.9],
							"post": [-0.825, -0.5, -3.9],
							"lerp_mode": "catmullrom"
						},
						"2.0": {
							"post": [-0.925, -0.5, -3.9],
							"lerp_mode": "catmullrom"
						},
						"2.1": [-0.725, -0.8, -3.9],
						"2.2": {
							"pre": [-1, -0.8, -3.35],
							"post": [-1, -0.8, -3.35],
							"lerp_mode": "catmullrom"
						},
						"2.35": {
							"post": [-1, -2.2, -1.8],
							"lerp_mode": "catmullrom"
						},
						"2.5": {
							"post": [0, -0.5, -0.5],
							"lerp_mode": "catmullrom"
						},
						"2.6": {
							"post": [0, -0.1, 0.5],
							"lerp_mode": "catmullrom"
						},
						"2.7": {
							"post": [0, -0.09, -0.07],
							"lerp_mode": "catmullrom"
						},
						"2.75": {
							"post": [0, -0.06, -0.19],
							"lerp_mode": "catmullrom"
						},
						"2.85": {
							"post": [0, 0, 0],
							"lerp_mode": "catmullrom"
						}
					}
				},
				"MAGZINE": {
					"rotation": {
						"0.35": [0, 0, 0],
						"0.4": [-1.99878, -0.06978, -1.99878],
						"0.45": [-18.00078, -0.18928, -10.04084],
						"0.5": [-30.21098, -4.88201, -35.06163],
						"0.6": [-16.41579, 9.6013, -39.02549],
						"0.7": [-17.30246, 7.85816, -44.83918],
						"1.05": [-17.3, 7.86, -44.84],
						"1.15": [27.02932, 7.27156, -34.76939],
						"1.2": [-9.91205, 0, -26.17873],
						"1.3": [-16.50045, 0, -13.72416],
						"1.35": [-26, 0, 0],
						"1.4": [-24.5, 0, 0],
						"1.45": [-22.5, 0, 0],
						"1.5": [-25.25, 0, 0],
						"1.55": [0, 0, 0]
					},
					"position": {
						"0.35": [0, 0, 0],
						"0.4": [0, -0.3, -0.1],
						"0.45": [0.3, -0.6, -0.6],
						"0.5": [1.4, -6.7, -5.4],
						"0.6": [2.5, -16.8, -2.60625],
						"0.7": [2.5, -25.8, 8.2],
						"1.05": [2.5, -25.8, 8.2],
						"1.15": [1.1, -4.8, -0.1],
						"1.2": [1.1, -2, -0.1],
						"1.3": [0.4, -1, -0.4],
						"1.35": [0.1, -1, -0.5],
						"1.4": [0.1, -1, -0.7],
						"1.45": [0.1, -1, -0.7],
						"1.5": [0.05, -0.5, -0.25],
						"1.55": [0, 0, 0]
					}
				},
				"mag_additional": {
					"position": [0, -3, 32]
				},
				"magrelease": {
					"rotation": {
						"0.25": [0, 0, 0],
						"0.3": [-20, 0, 0],
						"0.45": [-20, 0, 0],
						"0.55": [0, 0, 0],
						"1.5": [0, 0, 0],
						"1.55": [-20, 0, 0],
						"1.65": [0, 0, 0]
					}
				},
				"magazine_bullet": {
					"rotation": {
						"0.35": [0, 0, 0],
						"0.4": [-1.99878, -0.06978, -1.99878],
						"0.45": [-18.00078, -0.18928, -10.04084],
						"0.5": [-30.21098, -4.88201, -35.06163],
						"0.6": [-16.41579, 9.6013, -39.02549],
						"0.7": [-17.30246, 7.85816, -44.83918],
						"1.05": [-17.3, 7.86, -44.84],
						"1.15": [27.02932, 7.27156, -34.76939],
						"1.2": [-9.91205, 0, -26.17873],
						"1.3": [-16.50045, 0, -13.72416],
						"1.35": [-26, 0, 0],
						"1.4": [-24.5, 0, 0],
						"1.45": [-22.5, 0, 0],
						"1.5": [-25.25, 0, 0],
						"1.55": [0, 0, 0]
					},
					"position": {
						"0.35": [0, 0, 0],
						"0.4": [0, -0.3, -0.1],
						"0.45": [0.3, -0.6, -0.6],
						"0.5": [1.4, -6.7, -5.4],
						"0.6": [2.5, -23.8, -2.60625],
						"0.7": [2.5, -32.8, 8.2],
						"1.05": [2.5, -32.8, 8.2],
						"1.15": [1.1, -4.8, -0.1],
						"1.2": [1.1, -2, -0.1],
						"1.3": [0.4, -1, -0.4],
						"1.35": [0.1, -1, -0.5],
						"1.4": [0.1, -1, -0.7],
						"1.45": [0.1, -1, -0.7],
						"1.5": [0.05, -0.5, -0.25],
						"1.55": [0, 0, 0]
					}
				},
				"bolt2": {
					"position": {
						"0.0": [0, 0, 3],
						"1.9": [0, 0, 3],
						"1.95": [0, 0, 0],
						"2.0": [0, 0, 0.8],
						"2.1": [0, 0, 0],
						"2.15": [0, 0, 0.7],
						"2.25": [0, 0, 0]
					}
				},
				"camera": {
					"rotation": {
						"0.0": {
							"post": [0, 0, 0],
							"lerp_mode": "catmullrom"
						},
						"0.15": {
							"post": [1, 0.05, -0.5],
							"lerp_mode": "catmullrom"
						},
						"0.4": {
							"post": [0.8, 0.375, -1.2],
							"lerp_mode": "catmullrom"
						},
						"0.45": {
							"post": [1.6, 0.25, -0.625],
							"lerp_mode": "catmullrom"
						},
						"0.55": {
							"post": [1.075, 0.125, -1.575],
							"lerp_mode": "catmullrom"
						},
						"0.7": {
							"post": [1.2, -0.125, -0.95],
							"lerp_mode": "catmullrom"
						},
						"0.9": {
							"post": [1, -0.175, -1.2],
							"lerp_mode": "catmullrom"
						},
						"1.15": {
							"post": [1.3, -0.1, -1.475],
							"lerp_mode": "catmullrom"
						},
						"1.35": {
							"post": [0.94, 0.59, -1.475],
							"lerp_mode": "catmullrom"
						},
						"1.45": {
							"post": [0.7, 0.625, -1.375],
							"lerp_mode": "catmullrom"
						},
						"1.5": {
							"post": [0.75, 0.63, -1.2],
							"lerp_mode": "catmullrom"
						},
						"1.55": {
							"post": [1.5, 0.625, -0.475],
							"lerp_mode": "catmullrom"
						},
						"1.65": {
							"post": [1.1, 0.625, -1.675],
							"lerp_mode": "catmullrom"
						},
						"1.8": {
							"post": [0.875, 0.325, -1.2],
							"lerp_mode": "catmullrom"
						},
						"1.9": {
							"post": [0.75, 0.63, -1.2],
							"lerp_mode": "catmullrom"
						},
						"1.95": {
							"post": [1.5, 0.625, -0.475],
							"lerp_mode": "catmullrom"
						},
						"2.05": {
							"post": [1.1, 0.625, -1.675],
							"lerp_mode": "catmullrom"
						},
						"2.55": {
							"post": [1.35, -0.15, -1.2],
							"lerp_mode": "catmullrom"
						},
						"2.7": {
							"post": [-0.105, 0, -0.8],
							"lerp_mode": "catmullrom"
						},
						"2.75": {
							"post": [0.2, 0.05, -0.25],
							"lerp_mode": "catmullrom"
						},
						"2.85": {
							"post": [-0.075, 0, -0.65],
							"lerp_mode": "catmullrom"
						},
						"2.95": {
							"post": [0, 0, 0],
							"lerp_mode": "catmullrom"
						}
					}
				},
				"bullet": {
					"scale": {
						"0.0": [0, 0, 0],
						"1.05": [0, 0, 0],
						"1.1": [1, 1, 1]
					}
				},
				"bullet_in_mag": {
					"scale": {
						"0.0": [0, 0, 0],
						"1.05": [0, 0, 0],
						"1.1": [1, 1, 1]
					}
				},
				"bipod_extended": {
					"rotation": {
						"0.0": {
							"post": [0, 0, 0],
							"lerp_mode": "catmullrom"
						},
						"0.15": {
							"post": [0, 0, 5],
							"lerp_mode": "catmullrom"
						},
						"0.3": {
							"post": [0, 0, 5],
							"lerp_mode": "catmullrom"
						},
						"0.5": {
							"post": [0, 0, 7.5],
							"lerp_mode": "catmullrom"
						},
						"0.75": {
							"post": [0, 0, 7.5],
							"lerp_mode": "catmullrom"
						},
						"0.8": {
							"post": [0, 0, 10],
							"lerp_mode": "catmullrom"
						},
						"1.1": {
							"post": [0, 0, 2.5],
							"lerp_mode": "catmullrom"
						},
						"1.2": {
							"post": [0, 0, 7.5],
							"lerp_mode": "catmullrom"
						},
						"1.35": {
							"post": [0, 0, 5],
							"lerp_mode": "catmullrom"
						},
						"1.55": {
							"post": [0, 0, 5],
							"lerp_mode": "catmullrom"
						},
						"1.75": {
							"post": [0, 0, -5],
							"lerp_mode": "catmullrom"
						},
						"1.9": {
							"post": [0, 0, 5],
							"lerp_mode": "catmullrom"
						},
						"2.0": {
							"post": [0, 0, 2.5],
							"lerp_mode": "catmullrom"
						},
						"2.15": {
							"post": [0, 0, 5],
							"lerp_mode": "catmullrom"
						},
						"2.35": {
							"post": [0, 0, -5],
							"lerp_mode": "catmullrom"
						},
						"2.5": {
							"post": [0, 0, 5],
							"lerp_mode": "catmullrom"
						},
						"2.6": {
							"post": [0, 0, -0.5],
							"lerp_mode": "catmullrom"
						},
						"2.7": {
							"post": [0, 0, 4.5],
							"lerp_mode": "catmullrom"
						},
						"2.8": {
							"post": [0, 0, 2],
							"lerp_mode": "catmullrom"
						},
						"2.9": {
							"post": [0, 0, 0],
							"lerp_mode": "catmullrom"
						}
					}
				}
			},
			"sound_effects": {
				"0.0": {
					"effect": "classicr:scar_l/p05_ar_schotel_inspect_raise"
				},
				"0.2": {
					"effect": "classicr:aug/aug_inspect_maggrab"
				},
				"0.35": {
					"effect": "classicr:aug/aug_reload_magout"
				},
				"1.0": {
					"effect": "classicr:aug/aug_inspect_quick"
				},
				"1.45": {
					"effect": "classicr:aug/aug_reload_magin"
				},
				"1.9": {
					"effect": "classicr:scar_l/p05_ar_scharlie_reload_fast_empty_boltclose"
				},
				"2.4": {
					"effect": "classicr:aug/aug_inspect_end"
				}
			}
		},
		"shoot": {
			"animation_length": 0.7333,
			"bones": {
				"root": {
					"rotation": {
						"0.0": [0, 0, 0],
						"0.0333": [1.225, 0, 0.725],
						"0.0667": [-0.595, 0, -1.175],
						"0.1": [-0.72, 0, -1.225],
						"0.1667": [0.18, 0, 0.525],
						"0.2667": [0.45, 0, -0.25],
						"0.3667": [0.225, -0.2, 0.25],
						"0.5": [0.055, -0.075, -0.075],
						"0.6333": [0, 0, 0]
					},
					"position": {
						"0.0": [0, 0, 0],
						"0.0333": [0, -0.025, 1.725],
						"0.0667": [0, -0.05, 1.38],
						"0.1333": [0, -0.05, -0.045],
						"0.2667": [0, -0.025, 0.1],
						"0.3667": [0, 0, 0]
					}
				},
				"camera": {
					"rotation": {
						"0.0": {
							"post": [0, 0, 0],
							"lerp_mode": "catmullrom"
						},
						"0.0333": {
							"post": [0, 0, 0.6],
							"lerp_mode": "catmullrom"
						},
						"0.0667": {
							"post": [0, 0, -0.4],
							"lerp_mode": "catmullrom"
						},
						"0.1": {
							"post": [0, 0, 0.375],
							"lerp_mode": "catmullrom"
						},
						"0.1667": {
							"post": [0, 0, -0.225],
							"lerp_mode": "catmullrom"
						},
						"0.2333": {
							"post": [0, 0, 0.075],
							"lerp_mode": "catmullrom"
						},
						"0.3": {
							"post": [0, 0, 0],
							"lerp_mode": "catmullrom"
						}
					}
				},
				"bolt2": {
					"position": {
						"0.0": [0, 0, 0],
						"0.0333": [0, 0, 4],
						"0.0667": [0, 0, 0]
					}
				},
				"constraint": {
					"position": {
						"0.0": [0, 0, 0],
						"0.0333": [0, 0, 0.2],
						"0.0667": [0, 0, 0]
					}
				},
				"bipod_extended": {
					"rotation": {
						"0.0": [0, 0, 0],
						"0.0667": [0, 0, -7.5],
						"0.1667": [0, 0, 3.875],
						"0.2667": [0, 0, -2.5],
						"0.4": [0, 0, 1.775],
						"0.5667": [0, 0, -0.475],
						"0.7333": [0, 0, 0]
					}
				}
			}
		}
	}
}