{
	"format_version": "1.12.0",
	"minecraft:geometry": [
		{
			"description": {
				"identifier": "geometry.bayonet_6kh9",
				"texture_width": 16,
				"texture_height": 16,
				"visible_bounds_width": 5,
				"visible_bounds_height": 2.5,
				"visible_bounds_offset": [0, 0.75, 0]
			},
			"bones": [
				{
					"name": "6P70_Standard",
					"pivot": [0, 0, 3.225],
					"cubes": [
						{
							"origin": [-0.2589, 0.25, -2.25],
							"size": [0.5178, 0.375, 2.25],
							"uv": {
								"north": {"uv": [5, 3], "uv_size": [1, 1]},
								"south": {"uv": [4, 5], "uv_size": [1, 1]},
								"up": {"uv": [0, 0], "uv_size": [1, 2]},
								"down": {"uv": [1, 2], "uv_size": [1, -2]}
							}
						},
						{
							"origin": [-0.2589, 0.25, -1.75],
							"size": [0.5178, 0.375, 1.75],
							"pivot": [0, 0, -0.2],
							"rotation": [0, 0, -45],
							"uv": {
								"north": {"uv": [5, 5], "uv_size": [1, 1]},
								"south": {"uv": [0, 6], "uv_size": [1, 1]},
								"up": {"uv": [0, 2], "uv_size": [1, 2]},
								"down": {"uv": [2, 2], "uv_size": [1, -2]}
							}
						},
						{
							"origin": [-0.2589, 0.25, -2.25],
							"size": [0.5178, 0.375, 0.375],
							"pivot": [0, 0, -0.2],
							"rotation": [0, 0, -45],
							"uv": {
								"north": {"uv": [1, 6], "uv_size": [1, 1]},
								"south": {"uv": [2, 6], "uv_size": [1, 1]},
								"up": {"uv": [3, 6], "uv_size": [1, 1]},
								"down": {"uv": [6, 4], "uv_size": [1, -1]}
							}
						},
						{
							"origin": [0.0625, 0.25, -1.875],
							"size": [0.1964, 0.375, 0.125],
							"pivot": [0, 0, -0.2],
							"rotation": [0, 0, -45],
							"uv": {
								"east": {"uv": [4, 6], "uv_size": [1, 1]},
								"up": {"uv": [6, 4], "uv_size": [1, 1]}
							}
						},
						{
							"origin": [-0.2589, 0.25, -1.875],
							"size": [0.1964, 0.375, 0.125],
							"pivot": [0, 0, -0.2],
							"rotation": [0, 0, -45],
							"uv": {
								"west": {"uv": [5, 6], "uv_size": [1, 1]},
								"up": {"uv": [6, 5], "uv_size": [1, 1]}
							}
						},
						{
							"origin": [-0.2589, 0.25, -1.75],
							"size": [0.5178, 0.375, 1.75],
							"pivot": [0, 0, -0.2],
							"rotation": [0, 0, 45],
							"uv": {
								"north": {"uv": [6, 6], "uv_size": [1, 1]},
								"south": {"uv": [0, 7], "uv_size": [1, 1]},
								"up": {"uv": [1, 2], "uv_size": [1, 2]},
								"down": {"uv": [2, 4], "uv_size": [1, -2]}
							}
						},
						{
							"origin": [-0.2589, 0.25, -1.875],
							"size": [0.1964, 0.375, 0.125],
							"pivot": [0, 0, -0.2],
							"rotation": [0, 0, 45],
							"uv": {
								"west": {"uv": [7, 0], "uv_size": [1, 1]},
								"up": {"uv": [1, 7], "uv_size": [1, 1]}
							}
						},
						{
							"origin": [-0.2589, 0.25, -2.25],
							"size": [0.5178, 0.375, 0.375],
							"pivot": [0, 0, -0.2],
							"rotation": [0, 0, 45],
							"uv": {
								"north": {"uv": [7, 1], "uv_size": [1, 1]},
								"south": {"uv": [2, 7], "uv_size": [1, 1]},
								"up": {"uv": [7, 2], "uv_size": [1, 1]},
								"down": {"uv": [3, 8], "uv_size": [1, -1]}
							}
						},
						{
							"origin": [0.0625, 0.25, -1.875],
							"size": [0.1964, 0.375, 0.125],
							"pivot": [0, 0, -0.2],
							"rotation": [0, 0, 45],
							"uv": {
								"east": {"uv": [7, 3], "uv_size": [1, 1]},
								"up": {"uv": [4, 7], "uv_size": [1, 1]}
							}
						},
						{
							"origin": [-0.2589, -0.625, -2.25],
							"size": [0.5178, 0.375, 2.25],
							"uv": {
								"north": {"uv": [7, 4], "uv_size": [1, 1]},
								"south": {"uv": [5, 7], "uv_size": [1, 1]},
								"up": {"uv": [3, 0], "uv_size": [1, 2]},
								"down": {"uv": [3, 4], "uv_size": [1, -2]}
							}
						},
						{
							"origin": [-0.68754, -0.2848, -0.125],
							"size": [0.125, 0.5, 0.325],
							"uv": {
								"east": {"uv": [7, 5], "uv_size": [1, 1]},
								"west": {"uv": [6, 7], "uv_size": [1, 1]},
								"down": {"uv": [7, 7], "uv_size": [1, -1]}
							}
						},
						{
							"origin": [-0.68754, -0.39856, 0.26428],
							"size": [0.125, 0.5831, 0.125],
							"pivot": [0, 0, 0.5],
							"rotation": [-30.9638, 0, 0],
							"uv": {
								"east": {"uv": [7, 7], "uv_size": [1, 1]},
								"south": {"uv": [0, 8], "uv_size": [1, 1]},
								"west": {"uv": [8, 0], "uv_size": [1, 1]}
							}
						},
						{
							"origin": [-0.68754, -0.19047, 0.13203],
							"size": [0.125, 0.3, 0.13225],
							"pivot": [0, 0, 0.5],
							"rotation": [-30.9638, 0, 0],
							"uv": {
								"east": {"uv": [1, 8], "uv_size": [1, 1]},
								"west": {"uv": [8, 1], "uv_size": [1, 1]}
							}
						},
						{
							"origin": [-0.68754, 0.2152, -0.125],
							"size": [0.125, 0.0696, 0.625],
							"uv": {
								"east": {"uv": [2, 8], "uv_size": [1, 1]},
								"south": {"uv": [8, 2], "uv_size": [1, 1]},
								"west": {"uv": [3, 8], "uv_size": [1, 1]}
							}
						},
						{
							"origin": [-0.2848, 0.5625, -0.125],
							"size": [0.5696, 0.125, 0.625],
							"uv": {
								"south": {"uv": [8, 3], "uv_size": [1, 1]},
								"up": {"uv": [4, 8], "uv_size": [1, 1]},
								"down": {"uv": [8, 5], "uv_size": [1, -1]}
							}
						},
						{
							"origin": [-0.31675, 0.69866, -0.51448],
							"size": [0.0259, 0.0625, 0.5],
							"pivot": [0, 0, 0.5],
							"rotation": [7.5, -2.96527, 0],
							"uv": {
								"up": {"uv": [5, 8], "uv_size": [1, 1]}
							}
						},
						{
							"origin": [0.29085, 0.69866, -0.51448],
							"size": [0.0259, 0.0625, 0.5],
							"pivot": [0, 0, 0.5],
							"rotation": [7.5, 2.96527, 0],
							"uv": {
								"up": {"uv": [8, 5], "uv_size": [1, 1]}
							}
						},
						{
							"origin": [-0.2589, 0.7007, -0.52992],
							"size": [0.5178, 0.0625, 0.5],
							"pivot": [0, 0, 0.5],
							"rotation": [7.5, 0, 0],
							"uv": {
								"up": {"uv": [6, 8], "uv_size": [1, 1]}
							}
						},
						{
							"origin": [0.29085, 0.69866, -0.51448],
							"size": [0.0259, 0.0625, 0.5],
							"pivot": [0, 0, 0.5],
							"rotation": [7.5, 2.96527, -45],
							"uv": {
								"up": {"uv": [8, 6], "uv_size": [1, 1]}
							}
						},
						{
							"origin": [-0.31675, 0.69866, -0.51448],
							"size": [0.0259, 0.0625, 0.5],
							"pivot": [0, 0, 0.5],
							"rotation": [7.5, -2.96527, -45],
							"uv": {
								"up": {"uv": [7, 8], "uv_size": [1, 1]}
							}
						},
						{
							"origin": [-0.2589, 0.7007, -0.52992],
							"size": [0.5178, 0.0625, 0.5],
							"pivot": [0, 0, 0.5],
							"rotation": [7.5, 0, -45],
							"uv": {
								"up": {"uv": [8, 7], "uv_size": [1, 1]}
							}
						},
						{
							"origin": [0.29085, 0.69866, -0.51448],
							"size": [0.0259, 0.0625, 0.5],
							"pivot": [0, 0, 0.5],
							"rotation": [7.5, 2.96527, -90],
							"uv": {
								"up": {"uv": [8, 8], "uv_size": [1, 1]}
							}
						},
						{
							"origin": [-0.31675, 0.67366, -0.51448],
							"size": [0.0259, 0.0875, 0.5],
							"pivot": [0, 0, 0.5],
							"rotation": [7.5, -2.96527, -90],
							"uv": {
								"east": {"uv": [0, 9], "uv_size": [1, 1]},
								"up": {"uv": [9, 0], "uv_size": [1, 1]}
							}
						},
						{
							"origin": [-0.2589, 0.7007, -0.52992],
							"size": [0.5178, 0.0625, 0.5],
							"pivot": [0, 0, 0.5],
							"rotation": [7.5, 0, -90],
							"uv": {
								"up": {"uv": [1, 9], "uv_size": [1, 1]}
							}
						},
						{
							"origin": [-0.85435, 0.56248, -0.125],
							"size": [0.5696, 0.125, 0.625],
							"pivot": [-0.2848, 0.6875, -0.125],
							"rotation": [0, 0, -45],
							"uv": {
								"south": {"uv": [9, 1], "uv_size": [1, 1]},
								"up": {"uv": [2, 9], "uv_size": [1, 1]},
								"down": {"uv": [9, 3], "uv_size": [1, -1]}
							}
						},
						{
							"origin": [-0.31675, 0.69866, -0.51448],
							"size": [0.0259, 0.0625, 0.5],
							"pivot": [0, 0, 0.5],
							"rotation": [7.5, -2.96527, 90],
							"uv": {
								"up": {"uv": [3, 9], "uv_size": [1, 1]}
							}
						},
						{
							"origin": [0.29085, 0.67366, -0.51448],
							"size": [0.0259, 0.0875, 0.5],
							"pivot": [0, 0, 0.5],
							"rotation": [7.5, 2.96527, 90],
							"uv": {
								"west": {"uv": [9, 3], "uv_size": [1, 1]},
								"up": {"uv": [4, 9], "uv_size": [1, 1]}
							}
						},
						{
							"origin": [-0.2589, 0.7007, -0.52992],
							"size": [0.5178, 0.0625, 0.5],
							"pivot": [0, 0, 0.5],
							"rotation": [7.5, 0, 90],
							"uv": {
								"up": {"uv": [9, 4], "uv_size": [1, 1]}
							}
						},
						{
							"origin": [-0.31675, 0.69866, -0.51448],
							"size": [0.0259, 0.0625, 0.5],
							"pivot": [0, 0, 0.5],
							"rotation": [7.5, -2.96527, 45],
							"uv": {
								"up": {"uv": [5, 9], "uv_size": [1, 1]}
							}
						},
						{
							"origin": [0.29085, 0.69866, -0.51448],
							"size": [0.0259, 0.0625, 0.5],
							"pivot": [0, 0, 0.5],
							"rotation": [7.5, 2.96527, 45],
							"uv": {
								"up": {"uv": [9, 5], "uv_size": [1, 1]}
							}
						},
						{
							"origin": [-0.2589, 0.7007, -0.52992],
							"size": [0.5178, 0.0625, 0.5],
							"pivot": [0, 0, 0.5],
							"rotation": [7.5, 0, 45],
							"uv": {
								"up": {"uv": [6, 9], "uv_size": [1, 1]}
							}
						},
						{
							"origin": [0.56254, -0.19047, 0.13203],
							"size": [0.125, 0.3, 0.13225],
							"pivot": [0, 0, 0.5],
							"rotation": [-30.9638, 0, 0],
							"uv": {
								"east": {"uv": [9, 6], "uv_size": [1, 1]},
								"west": {"uv": [7, 9], "uv_size": [1, 1]}
							}
						},
						{
							"origin": [0.56254, -0.39856, 0.26428],
							"size": [0.125, 0.5831, 0.125],
							"pivot": [0, 0, 0.5],
							"rotation": [-30.9638, 0, 0],
							"uv": {
								"east": {"uv": [9, 7], "uv_size": [1, 1]},
								"south": {"uv": [8, 9], "uv_size": [1, 1]},
								"west": {"uv": [9, 8], "uv_size": [1, 1]}
							}
						},
						{
							"origin": [0.56254, 0.2152, -0.125],
							"size": [0.125, 0.0696, 0.625],
							"uv": {
								"east": {"uv": [9, 9], "uv_size": [1, 1]},
								"south": {"uv": [0, 10], "uv_size": [1, 1]},
								"west": {"uv": [10, 0], "uv_size": [1, 1]}
							}
						},
						{
							"origin": [0.28475, 0.56248, -0.125],
							"size": [0.5696, 0.125, 0.625],
							"pivot": [0.2848, 0.6875, -0.125],
							"rotation": [0, 0, 45],
							"uv": {
								"south": {"uv": [1, 10], "uv_size": [1, 1]},
								"up": {"uv": [10, 1], "uv_size": [1, 1]},
								"down": {"uv": [2, 11], "uv_size": [1, -1]}
							}
						},
						{
							"origin": [0.56254, -0.2848, -0.125],
							"size": [0.125, 0.5, 0.325],
							"uv": {
								"east": {"uv": [10, 2], "uv_size": [1, 1]},
								"west": {"uv": [3, 10], "uv_size": [1, 1]},
								"down": {"uv": [10, 4], "uv_size": [1, -1]}
							}
						},
						{
							"origin": [-0.10629, -0.35985, -2.25],
							"size": [0.21259, 0.10986, 2.25],
							"pivot": [0, 0, -1.375],
							"rotation": [0, 0, 45],
							"uv": {
								"north": {"uv": [4, 10], "uv_size": [1, 1]},
								"south": {"uv": [10, 4], "uv_size": [1, 1]},
								"up": {"uv": [0, 4], "uv_size": [1, 2]}
							}
						},
						{
							"origin": [-0.25887, -0.62501, -2.25],
							"size": [0.51774, 0.26517, 2.25],
							"pivot": [0, 0, -1.375],
							"rotation": [0, 0, 45],
							"uv": {
								"north": {"uv": [5, 10], "uv_size": [1, 1]},
								"south": {"uv": [10, 5], "uv_size": [1, 1]},
								"down": {"uv": [4, 2], "uv_size": [1, -2]}
							}
						},
						{
							"origin": [-0.10629, -0.35985, -2.25],
							"size": [0.21259, 0.10986, 2.25],
							"pivot": [0, 0, -1.375],
							"rotation": [0, 0, -45],
							"uv": {
								"north": {"uv": [6, 10], "uv_size": [1, 1]},
								"south": {"uv": [10, 6], "uv_size": [1, 1]},
								"up": {"uv": [1, 4], "uv_size": [1, 2]}
							}
						},
						{
							"origin": [-0.25887, -0.62501, -2.25],
							"size": [0.51774, 0.26517, 2.25],
							"pivot": [0, 0, -1.375],
							"rotation": [0, 0, -45],
							"uv": {
								"north": {"uv": [7, 10], "uv_size": [1, 1]},
								"south": {"uv": [10, 7], "uv_size": [1, 1]},
								"down": {"uv": [2, 6], "uv_size": [1, -2]}
							}
						},
						{
							"origin": [-0.10629, 0.24999, -2.25],
							"size": [0.21259, 0.10986, 2.25],
							"pivot": [0, 0, -1.375],
							"rotation": [0, 0, -45],
							"uv": {
								"north": {"uv": [8, 10], "uv_size": [1, 1]},
								"south": {"uv": [10, 8], "uv_size": [1, 1]},
								"down": {"uv": [4, 4], "uv_size": [1, -2]}
							}
						},
						{
							"origin": [-0.10629, 0.24999, -2.25],
							"size": [0.21259, 0.10986, 2.25],
							"pivot": [0, 0, -1.375],
							"rotation": [0, 0, 45],
							"uv": {
								"north": {"uv": [9, 10], "uv_size": [1, 1]},
								"south": {"uv": [10, 9], "uv_size": [1, 1]},
								"down": {"uv": [3, 6], "uv_size": [1, -2]}
							}
						},
						{
							"origin": [0.25, -0.2589, -2.25],
							"size": [0.375, 0.5178, 0.375],
							"uv": {
								"north": {"uv": [10, 10], "uv_size": [1, 1]},
								"east": {"uv": [0, 11], "uv_size": [1, 1]},
								"south": {"uv": [11, 0], "uv_size": [1, 1]},
								"west": {"uv": [1, 11], "uv_size": [1, 1]}
							}
						},
						{
							"origin": [0.25, -0.2589, -1.875],
							"size": [0.375, 0.1964, 0.125],
							"uv": {
								"west": {"uv": [11, 1], "uv_size": [1, 1]},
								"up": {"uv": [2, 11], "uv_size": [1, 1]}
							}
						},
						{
							"origin": [0.25, 0.0625, -1.875],
							"size": [0.375, 0.1964, 0.125],
							"uv": {
								"west": {"uv": [11, 2], "uv_size": [1, 1]},
								"down": {"uv": [3, 12], "uv_size": [1, -1]}
							}
						},
						{
							"origin": [0.25, -0.2589, -1.75],
							"size": [0.375, 0.5178, 1.75],
							"uv": {
								"north": {"uv": [11, 3], "uv_size": [1, 1]},
								"east": {"uv": [4, 4], "uv_size": [2, 1]},
								"south": {"uv": [4, 11], "uv_size": [1, 1]},
								"west": {"uv": [5, 0], "uv_size": [2, 1]}
							}
						},
						{
							"origin": [-0.625, -0.2589, -2.25],
							"size": [0.375, 0.5178, 0.375],
							"uv": {
								"north": {"uv": [11, 4], "uv_size": [1, 1]},
								"east": {"uv": [5, 11], "uv_size": [1, 1]},
								"south": {"uv": [11, 5], "uv_size": [1, 1]},
								"west": {"uv": [6, 11], "uv_size": [1, 1]}
							}
						},
						{
							"origin": [-0.625, -0.2589, -1.875],
							"size": [0.375, 0.1964, 0.125],
							"uv": {
								"east": {"uv": [11, 6], "uv_size": [1, 1]},
								"up": {"uv": [7, 11], "uv_size": [1, 1]}
							}
						},
						{
							"origin": [-0.625, 0.0625, -1.875],
							"size": [0.375, 0.1964, 0.125],
							"uv": {
								"east": {"uv": [11, 7], "uv_size": [1, 1]},
								"down": {"uv": [8, 12], "uv_size": [1, -1]}
							}
						},
						{
							"origin": [-0.625, -0.2589, -1.75],
							"size": [0.375, 0.5178, 1.75],
							"uv": {
								"north": {"uv": [11, 8], "uv_size": [1, 1]},
								"east": {"uv": [5, 1], "uv_size": [2, 1]},
								"south": {"uv": [9, 11], "uv_size": [1, 1]},
								"west": {"uv": [5, 2], "uv_size": [2, 1]}
							}
						},
						{
							"origin": [-0.25887, -0.62501, -3.25],
							"size": [0.51774, 0.37502, 0.25],
							"pivot": [0, 0, -1],
							"rotation": [0, 0, -45],
							"uv": {
								"north": {"uv": [11, 9], "uv_size": [1, 1]},
								"east": {"uv": [0, 0], "uv_size": [0, 0]},
								"south": {"uv": [10, 11], "uv_size": [1, 1]},
								"down": {"uv": [11, 11], "uv_size": [1, -1]}
							}
						},
						{
							"origin": [-0.25887, -0.62501, -3],
							"size": [0.25, 0.0875, 0.75],
							"pivot": [0, 0, -0.75],
							"rotation": [0, 0, -45],
							"uv": {
								"east": {"uv": [0, 0], "uv_size": [0, 0]},
								"west": {"uv": [11, 11], "uv_size": [1, 1]},
								"up": {"uv": [0, 12], "uv_size": [1, 1]},
								"down": {"uv": [12, 1], "uv_size": [1, -1]}
							}
						},
						{
							"origin": [-0.25887, -0.62501, -3.25],
							"size": [0.51774, 0.37502, 0.25],
							"pivot": [0, 0, -1],
							"rotation": [0, 0, 45],
							"uv": {
								"north": {"uv": [1, 12], "uv_size": [1, 1]},
								"south": {"uv": [12, 1], "uv_size": [1, 1]},
								"west": {"uv": [0, 0], "uv_size": [0, 0]},
								"down": {"uv": [2, 13], "uv_size": [1, -1]}
							}
						},
						{
							"origin": [0.00887, -0.62501, -3],
							"size": [0.25, 0.0875, 0.75],
							"pivot": [0, 0, -0.75],
							"rotation": [0, 0, 45],
							"uv": {
								"east": {"uv": [12, 2], "uv_size": [1, 1]},
								"west": {"uv": [0, 0], "uv_size": [0, 0]},
								"up": {"uv": [3, 12], "uv_size": [1, 1]},
								"down": {"uv": [12, 4], "uv_size": [1, -1]}
							}
						},
						{
							"origin": [-0.2839, -0.6, -3.25],
							"size": [0.5678, 0.1, 1],
							"uv": {
								"north": {"uv": [4, 12], "uv_size": [1, 1]},
								"up": {"uv": [12, 4], "uv_size": [1, 1]},
								"down": {"uv": [5, 13], "uv_size": [1, -1]}
							}
						},
						{
							"origin": [-0.25887, 0.24999, -3.25],
							"size": [0.51774, 0.37502, 0.25],
							"pivot": [0, 0, -1],
							"rotation": [0, 0, 45],
							"uv": {
								"north": {"uv": [12, 5], "uv_size": [1, 1]},
								"east": {"uv": [0, 0], "uv_size": [0, 0]},
								"south": {"uv": [6, 12], "uv_size": [1, 1]},
								"up": {"uv": [12, 6], "uv_size": [1, 1]}
							}
						},
						{
							"origin": [-0.25887, 0.24999, -3.25],
							"size": [0.51774, 0.37502, 0.25],
							"pivot": [0, 0, -1],
							"rotation": [0, 0, -45],
							"uv": {
								"north": {"uv": [7, 12], "uv_size": [1, 1]},
								"south": {"uv": [12, 7], "uv_size": [1, 1]},
								"west": {"uv": [0, 0], "uv_size": [0, 0]},
								"up": {"uv": [8, 12], "uv_size": [1, 1]}
							}
						},
						{
							"origin": [-0.2589, 0.5, -3],
							"size": [0.5178, 0.125, 0.75],
							"uv": {
								"north": {"uv": [12, 8], "uv_size": [1, 1]},
								"east": {"uv": [9, 12], "uv_size": [1, 1]},
								"west": {"uv": [12, 9], "uv_size": [1, 1]},
								"up": {"uv": [10, 12], "uv_size": [1, 1]},
								"down": {"uv": [12, 11], "uv_size": [1, -1]}
							}
						},
						{
							"origin": [-0.2589, 0.5, -3.5],
							"size": [0.5178, 0.125, 0.5],
							"pivot": [-0.2589, 0.625, -3],
							"rotation": [22.5, 0, 0],
							"uv": {
								"east": {"uv": [9, 12], "uv_size": [1, 1]},
								"west": {"uv": [12, 9], "uv_size": [1, 1]},
								"up": {"uv": [10, 12], "uv_size": [1, 1]}
							}
						},
						{
							"origin": [0.25, -0.2589, -3.25],
							"size": [0.375, 0.5178, 0.25],
							"uv": {
								"north": {"uv": [11, 12], "uv_size": [1, 1]},
								"south": {"uv": [12, 11], "uv_size": [1, 1]},
								"west": {"uv": [12, 12], "uv_size": [1, 1]}
							}
						},
						{
							"origin": [-0.625, -0.2589, -3.25],
							"size": [0.375, 0.5178, 0.25],
							"uv": {
								"north": {"uv": [0, 13], "uv_size": [1, 1]},
								"east": {"uv": [13, 0], "uv_size": [1, 1]},
								"south": {"uv": [1, 13], "uv_size": [1, 1]}
							}
						},
						{
							"origin": [-0.2071, -0.5, -3.75],
							"size": [0.4142, 0.25, 0.75],
							"pivot": [0, 0, -3.35],
							"rotation": [0, 0, -45],
							"uv": {
								"north": {"uv": [13, 1], "uv_size": [1, 1]},
								"up": {"uv": [2, 13], "uv_size": [1, 1]},
								"down": {"uv": [13, 3], "uv_size": [1, -1]}
							}
						},
						{
							"origin": [-0.2071, -0.5, -3.75],
							"size": [0.4142, 0.25, 0.75],
							"pivot": [0, 0, -3.35],
							"rotation": [0, 0, 45],
							"uv": {
								"north": {"uv": [3, 13], "uv_size": [1, 1]},
								"up": {"uv": [13, 3], "uv_size": [1, 1]},
								"down": {"uv": [4, 14], "uv_size": [1, -1]}
							}
						},
						{
							"origin": [-0.2071, -0.5, -3.75],
							"size": [0.4142, 0.25, 0.75],
							"uv": {
								"north": {"uv": [13, 4], "uv_size": [1, 1]},
								"south": {"uv": [5, 13], "uv_size": [1, 1]},
								"up": {"uv": [13, 5], "uv_size": [1, 1]},
								"down": {"uv": [6, 14], "uv_size": [1, -1]}
							}
						},
						{
							"origin": [-0.2071, 0.25, -3.75],
							"size": [0.4142, 0.25, 0.75],
							"pivot": [0, 0, -3.35],
							"rotation": [0, 0, 45],
							"uv": {
								"north": {"uv": [13, 6], "uv_size": [1, 1]},
								"up": {"uv": [7, 13], "uv_size": [1, 1]},
								"down": {"uv": [13, 8], "uv_size": [1, -1]}
							}
						},
						{
							"origin": [-0.2071, 0.25, -3.75],
							"size": [0.4142, 0.25, 0.75],
							"pivot": [0, 0, -3.35],
							"rotation": [0, 0, -45],
							"uv": {
								"north": {"uv": [8, 13], "uv_size": [1, 1]},
								"up": {"uv": [13, 8], "uv_size": [1, 1]},
								"down": {"uv": [9, 14], "uv_size": [1, -1]}
							}
						},
						{
							"origin": [-0.2071, 0.25, -3.75],
							"size": [0.4142, 0.25, 0.75],
							"uv": {
								"north": {"uv": [13, 9], "uv_size": [1, 1]},
								"south": {"uv": [10, 13], "uv_size": [1, 1]},
								"up": {"uv": [13, 10], "uv_size": [1, 1]},
								"down": {"uv": [11, 14], "uv_size": [1, -1]}
							}
						},
						{
							"origin": [0.25, -0.2071, -3.75],
							"size": [0.25, 0.4142, 0.75],
							"uv": {
								"north": {"uv": [13, 11], "uv_size": [1, 1]},
								"east": {"uv": [12, 13], "uv_size": [1, 1]},
								"west": {"uv": [13, 12], "uv_size": [1, 1]}
							}
						},
						{
							"origin": [-0.5, -0.2071, -3.75],
							"size": [0.25, 0.4142, 0.75],
							"uv": {
								"north": {"uv": [13, 13], "uv_size": [1, 1]},
								"east": {"uv": [0, 14], "uv_size": [1, 1]},
								"west": {"uv": [14, 0], "uv_size": [1, 1]}
							}
						}
					]
				},
				{
					"name": "6Kh9",
					"pivot": [0, 0, 0]
				},
				{
					"name": "handle",
					"parent": "6Kh9",
					"pivot": [0, 0, -4.175]
				},
				{
					"name": "blade1",
					"parent": "6Kh9",
					"pivot": [-1, -2.0125, -4.4],
					"rotation": [-0.5, 0, 0]
				},
				{
					"name": "blade2",
					"parent": "6Kh9",
					"pivot": [0, -2.0125, -4.4],
					"rotation": [-0.5, 0, 0]
				}
			]
		}
	]
}