{
  "materials": [
    {
      "item": {
        "tag": "forge:ingots/iron"
      },
      "count": 24
    },
    {
      "item": {
        "tag": "forge:ingots/gold"
      },
      "count": 2
    },
    {
      "item": {
        "tag": "forge:dusts/redstone"
      },
      "count": 6
    },
    {
      "item": {
        "tag": "forge:gems/amethyst"
      },
      "count": 10
    }
  ],
  "result": {
    "type": "attachment",
    "id": "atea:sight_eotech_hhs8_nozoom"
  }
}