{
  "materials": [
    {
      "item": {
        "tag": "forge:ingots/iron"
      },
      "count": 69
    },
    {
      "item": {
        "tag": "forge:gems/lapis"
      },
      "count": 8
    },
    {
      "item": {
        "tag": "minecraft:logs"
      },
      "count": 9
    },
    {
      "item": {
        "tag": "forge:ingots/gold"
      },
      "count": 5
    },
    {
      "item": {
        "tag": "forge:gems/diamond"
      },
      "count": 5
    }
  ],
  "result": {
    "type": "gun",
    "id": "mk16:ak12"
  }
}