{
  "materials": [
    {
      "item": {
        "tag": "forge:ingots/iron"
      },
      "count": 29
    },
    {
      "item": {
        "tag": "forge:gems/lapis"
      },
      "count": 3
    },
    {
      "item": {
        "tag": "minecraft:logs"
      },
      "count": 3
    },
    {
      "item": {
        "tag": "forge:ingots/gold"
      },
      "count": 3
    },
    {
      "item": {
        "tag": "forge:gems/diamond"
      },
      "count": 1
    }
  ],
  "result": {
    "type": "gun",
    "id": "mk16:ppk20"
  }
}