{
  "model": "mk16:gun/sr25pc_geo",
  "texture": "mk16:gun/uv/sr25cc",
  "lod": {
    "model": "tacz:gun/lod/m16a4",
    "texture": "tacz:gun/lod/m16a4"
  },
  "hud": "mk16:gun/hud/sr25pc",
  "slot": "mk16:gun/slot/sr25pc",
  "animation": "tacz:m16a4",
  "use_default_animation": "rifle",
  "third_person_animation": "default",
  "transform": {
    "scale": {
      "thirdperson": [0.6, 0.6, 0.6],
      "ground": [0.6, 0.6, 0.6],
      "fixed": [1.2, 1.2, 1.2]
    }
  },
  "muzzle_flash": {
    "texture": "tacz:flash/common_muzzle_flash",
    "scale": 0.75
  },
  "shell": {
    "initial_velocity": [5, 2, 1],
    "random_velocity": [1, 1, 0.25],
    "acceleration": [0.0, -10, 0.0],
    "angular_velocity": [360, -1200, 90],
    "living_time": 1.0
  },
  "sounds": {
    "shoot": "mk16:sr25/sr25",
    "shoot_3p": "mk16:sr25/sr253p",
    "silence": "mk16:sr25/sr25s",
    "silence_3p": "mk16:sr25/sr25s3p",
    "reload_empty": "tacz:m16a4/m16a4_reload_empty",
    "reload_tactical": "tacz:m16a4/m16a4_reload_tactical",
    "inspect": "tacz:m16a4/m16a4_inspect",
    "inspect_empty": "tacz:m16a4/m16a4_inspect_empty",
    "draw": "tacz:m16a4/m16a4_draw",
    "put_away": "tacz:m16a4/m16a4_put_away"
  },
  "offhand_show": {
    "pos": [1, 19, 4],
    "rotate": [0, 0, 50],
    "scale": [0.5, 0.5, 0.5]
  },
  "hotbar_show": {
    "0": {
      "pos": [-1, 19, 3],
      "rotate": [-180, 0, 130],
      "scale": [0.5, 0.5, 0.5]
    }
  }
}