{
	"format_version": "1.12.0",
	"minecraft:geometry": [
		{
			"description": {
				"identifier": "geometry.unknown",
				"texture_width": 64,
				"texture_height": 64,
				"visible_bounds_width": 4,
				"visible_bounds_height": 1.5,
				"visible_bounds_offset": [0, 0.25, 0]
			},
			"bones": [
				{
					"name": "ocular",
					"pivot": [0.04812, 2.18571, 5.33335],
					"cubes": [
						{
							"origin": [-3.29255, 0.53196, 1.33278],
							"size": [6.63535, 3.30485, 0],
							"inflate": 0.001,
							"uv": {
								"north": {"uv": [7, 0], "uv_size": [6.5, 3.5]},
								"east": {"uv": [8, 14], "uv_size": [0.5, 3.5]},
								"south": {"uv": [7, 4], "uv_size": [6.5, 3.5]},
								"west": {"uv": [9, 14], "uv_size": [0.5, 3.5]},
								"up": {"uv": [14, 5], "uv_size": [6.5, 0.5]},
								"down": {"uv": [14, 6.5], "uv_size": [6.5, -0.5]}
							}
						},
						{
							"origin": [3.28238, 0.68798, 1.33278],
							"size": [0.21453, 2.99813, 0],
							"inflate": 0.001,
							"uv": {
								"north": {"uv": [15, 7], "uv_size": [0.5, 3]},
								"east": {"uv": [15, 14], "uv_size": [0.5, 3]},
								"south": {"uv": [16, 7], "uv_size": [0.5, 3]},
								"west": {"uv": [16, 14], "uv_size": [0.5, 3]},
								"up": {"uv": [21, 14], "uv_size": [0.5, 0.5]},
								"down": {"uv": [15, 21.5], "uv_size": [0.5, -0.5]}
							}
						},
						{
							"origin": [1.40415, 2.75359, 1.33378],
							"size": [0.21312, 0.21313, 0],
							"pivot": [-0.19429, -0.44329, -0.37122],
							"rotation": [0, 0, 45],
							"uv": {
								"north": {"uv": [21, 11], "uv_size": [0.5, 0.5]},
								"east": {"uv": [12, 21], "uv_size": [0.5, 0.5]},
								"south": {"uv": [21, 12], "uv_size": [0.5, 0.5]},
								"west": {"uv": [13, 21], "uv_size": [0.5, 0.5]},
								"up": {"uv": [21, 13], "uv_size": [0.5, 0.5]},
								"down": {"uv": [14, 21.5], "uv_size": [0.5, -0.5]}
							}
						},
						{
							"origin": [1.51071, 5.79786, 1.33378],
							"size": [0.21312, 0.21313, 0],
							"pivot": [-0.19429, 2.70754, -0.37122],
							"rotation": [0, 0, 45],
							"uv": {
								"north": {"uv": [21, 8], "uv_size": [0.5, 0.5]},
								"east": {"uv": [9, 21], "uv_size": [0.5, 0.5]},
								"south": {"uv": [21, 9], "uv_size": [0.5, 0.5]},
								"west": {"uv": [10, 21], "uv_size": [0.5, 0.5]},
								"up": {"uv": [21, 10], "uv_size": [0.5, 0.5]},
								"down": {"uv": [11, 21.5], "uv_size": [0.5, -0.5]}
							}
						},
						{
							"origin": [-5.13005, 5.90442, 1.33378],
							"size": [0.21312, 0.10656, 0],
							"pivot": [-6.83505, 2.70754, -0.37122],
							"rotation": [0, 0, 45],
							"uv": {
								"north": {"uv": [21, 18], "uv_size": [0.5, 0.5]},
								"east": {"uv": [19, 21], "uv_size": [0.5, 0.5]},
								"south": {"uv": [21, 19], "uv_size": [0.5, 0.5]},
								"west": {"uv": [20, 21], "uv_size": [0.5, 0.5]},
								"up": {"uv": [21, 20], "uv_size": [0.5, 0.5]},
								"down": {"uv": [21, 21.5], "uv_size": [0.5, -0.5]}
							}
						},
						{
							"origin": [-3.3679, 0.60997, 1.33278],
							"size": [0.21453, 3.15149, 0],
							"inflate": 0.001,
							"uv": {
								"north": {"uv": [17, 7], "uv_size": [0.5, 3]},
								"east": {"uv": [10, 17], "uv_size": [0.5, 3]},
								"south": {"uv": [11, 17], "uv_size": [0.5, 3]},
								"west": {"uv": [12, 17], "uv_size": [0.5, 3]},
								"up": {"uv": [0, 22], "uv_size": [0.5, 0.5]},
								"down": {"uv": [22, 0.5], "uv_size": [0.5, -0.5]}
							}
						},
						{
							"origin": [-5.13005, 2.74827, 1.33378],
							"size": [0.10656, 0.21312, 0],
							"pivot": [-6.83505, -0.4486, -0.37122],
							"rotation": [0, 0, 45],
							"uv": {
								"north": {"uv": [21, 15], "uv_size": [0.5, 0.5]},
								"east": {"uv": [16, 21], "uv_size": [0.5, 0.5]},
								"south": {"uv": [21, 16], "uv_size": [0.5, 0.5]},
								"west": {"uv": [17, 21], "uv_size": [0.5, 0.5]},
								"up": {"uv": [21, 17], "uv_size": [0.5, 0.5]},
								"down": {"uv": [18, 21.5], "uv_size": [0.5, -0.5]}
							}
						}
					]
				},
				{
					"name": "scope_view",
					"pivot": [0, 2.20313, 10.4]
				},
				{
					"name": "scope_body",
					"pivot": [0, 0, 0]
				},
				{
					"name": "redmik70",
					"parent": "scope_body",
					"pivot": [0, 0, 0]
				},
				{
					"name": "bone",
					"parent": "redmik70",
					"pivot": [0, -0.36872, 0.52937],
					"cubes": [
						{
							"origin": [0.159, 0.47083, 0.79775],
							"size": [0.21313, 0.63938, 0.10656],
							"uv": {
								"north": {"uv": [19, 34], "uv_size": [0.5, 0.5]},
								"east": {"uv": [34, 21], "uv_size": [0.5, 0.5]},
								"south": {"uv": [34, 22], "uv_size": [0.5, 0.5]},
								"west": {"uv": [34, 25], "uv_size": [0.5, 0.5]},
								"up": {"uv": [34, 26], "uv_size": [0.5, 0.5]},
								"down": {"uv": [27, 34.5], "uv_size": [0.5, -0.5]}
							}
						},
						{
							"origin": [-0.37381, 0.25771, 0.3715],
							"size": [0.74594, 2.34438, 0.31969],
							"uv": {
								"north": {"uv": [20, 32], "uv_size": [0.5, 2.5]},
								"east": {"uv": [21, 32], "uv_size": [0.5, 2.5]},
								"south": {"uv": [32, 21], "uv_size": [0.5, 2.5]},
								"west": {"uv": [22, 32], "uv_size": [0.5, 2.5]},
								"up": {"uv": [35, 17], "uv_size": [0.5, 0.5]},
								"down": {"uv": [18, 35.5], "uv_size": [0.5, -0.5]}
							}
						},
						{
							"origin": [-0.37381, 2.333, 0.70144],
							"size": [0.74594, 0.53281, 0.31969],
							"pivot": [-0.00085, 2.86581, 0.86128],
							"rotation": [-45, 0, 0],
							"uv": {
								"north": {"uv": [35, 18], "uv_size": [0.5, 0.5]},
								"east": {"uv": [19, 35], "uv_size": [0.5, 0.5]},
								"south": {"uv": [35, 19], "uv_size": [0.5, 0.5]},
								"west": {"uv": [20, 35], "uv_size": [0.5, 0.5]},
								"up": {"uv": [35, 20], "uv_size": [0.5, 0.5]},
								"down": {"uv": [21, 35.5], "uv_size": [0.5, -0.5]}
							}
						},
						{
							"origin": [-0.26725, -0.16854, 0.42563],
							"size": [0.53281, 2.45094, 0.21313],
							"uv": {
								"north": {"uv": [23, 32], "uv_size": [0.5, 2.5]},
								"east": {"uv": [24, 32], "uv_size": [0.5, 2.5]},
								"south": {"uv": [32, 24], "uv_size": [0.5, 2.5]},
								"west": {"uv": [25, 32], "uv_size": [0.5, 2.5]},
								"up": {"uv": [35, 21], "uv_size": [0.5, 0.5]},
								"down": {"uv": [22, 35.5], "uv_size": [0.5, -0.5]}
							}
						},
						{
							"origin": [-0.05413, 2.06927, 0.26494],
							"size": [0.42625, 0.42625, 0.31969],
							"pivot": [-0.00085, 2.44224, 0.42478],
							"rotation": [0, 0, 45],
							"uv": {
								"north": {"uv": [35, 22], "uv_size": [0.5, 0.5]},
								"east": {"uv": [23, 35], "uv_size": [0.5, 0.5]},
								"south": {"uv": [35, 23], "uv_size": [0.5, 0.5]},
								"west": {"uv": [24, 35], "uv_size": [0.5, 0.5]},
								"up": {"uv": [35, 24], "uv_size": [0.5, 0.5]},
								"down": {"uv": [25, 35.5], "uv_size": [0.5, -0.5]}
							}
						}
					]
				},
				{
					"name": "bone6",
					"parent": "bone",
					"pivot": [0.00136, 1.81513, 0.35103],
					"cubes": [
						{
							"origin": [-0.35599, 1.74312, 0.69119],
							"size": [0.42625, 0.42625, 0.31969],
							"pivot": [0.44323, 1.21031, 0.85103],
							"rotation": [0, 0, -45],
							"uv": {
								"north": {"uv": [35, 1], "uv_size": [0.5, 0.5]},
								"east": {"uv": [2, 35], "uv_size": [0.5, 0.5]},
								"south": {"uv": [35, 2], "uv_size": [0.5, 0.5]},
								"west": {"uv": [3, 35], "uv_size": [0.5, 0.5]},
								"up": {"uv": [35, 3], "uv_size": [0.5, 0.5]},
								"down": {"uv": [4, 35.5], "uv_size": [0.5, -0.5]}
							}
						},
						{
							"origin": [-0.80006, 1.32333, 0.69119],
							"size": [1.59844, 1.705, 0.31969],
							"uv": {
								"north": {"uv": [17, 32], "uv_size": [1.5, 1.5]},
								"east": {"uv": [32, 32], "uv_size": [0.5, 1.5]},
								"south": {"uv": [32, 17], "uv_size": [1.5, 1.5]},
								"west": {"uv": [0, 33], "uv_size": [0.5, 1.5]},
								"up": {"uv": [33, 0], "uv_size": [1.5, 0.5]},
								"down": {"uv": [1, 33.5], "uv_size": [1.5, -0.5]}
							}
						},
						{
							"origin": [-0.49866, 1.02193, 0.69119],
							"size": [0.99515, 0.31969, 0.31969],
							"uv": {
								"north": {"uv": [5, 34], "uv_size": [1, 0.5]},
								"east": {"uv": [35, 8], "uv_size": [0.5, 0.5]},
								"south": {"uv": [6, 34], "uv_size": [1, 0.5]},
								"west": {"uv": [9, 35], "uv_size": [0.5, 0.5]},
								"up": {"uv": [7, 34], "uv_size": [1, 0.5]},
								"down": {"uv": [8, 34.5], "uv_size": [1, -0.5]}
							}
						},
						{
							"origin": [-0.37381, 0.47083, 0.79775],
							"size": [0.21313, 0.63938, 0.10656],
							"uv": {
								"north": {"uv": [35, 12], "uv_size": [0.5, 0.5]},
								"east": {"uv": [13, 35], "uv_size": [0.5, 0.5]},
								"south": {"uv": [35, 13], "uv_size": [0.5, 0.5]},
								"west": {"uv": [14, 35], "uv_size": [0.5, 0.5]},
								"up": {"uv": [35, 14], "uv_size": [0.5, 0.5]},
								"down": {"uv": [15, 35.5], "uv_size": [0.5, -0.5]}
							}
						},
						{
							"origin": [-0.6935, 0.36427, 0.72727],
							"size": [1.38531, 0.10656, 0.63937],
							"uv": {
								"north": {"uv": [32, 29], "uv_size": [1.5, 0.5]},
								"east": {"uv": [13, 34], "uv_size": [0.5, 0.5]},
								"south": {"uv": [30, 32], "uv_size": [1.5, 0.5]},
								"west": {"uv": [14, 34], "uv_size": [0.5, 0.5]},
								"up": {"uv": [32, 30], "uv_size": [1.5, 0.5]},
								"down": {"uv": [32, 31.5], "uv_size": [1.5, -0.5]}
							}
						},
						{
							"origin": [-0.6935, 0.38634, 1.31337],
							"size": [1.38531, 0.10656, 0.10656],
							"pivot": [-0.00085, 0.43962, 1.36665],
							"rotation": [-45, 0, 0],
							"uv": {
								"north": {"uv": [33, 9], "uv_size": [1.5, 0.5]},
								"east": {"uv": [35, 16], "uv_size": [0.5, 0.5]},
								"south": {"uv": [33, 10], "uv_size": [1.5, 0.5]},
								"west": {"uv": [17, 35], "uv_size": [0.5, 0.5]},
								"up": {"uv": [11, 33], "uv_size": [1.5, 0.5]},
								"down": {"uv": [33, 11.5], "uv_size": [1.5, -0.5]}
							}
						},
						{
							"origin": [-0.6935, 0.43962, 1.33544],
							"size": [1.38531, 0.10656, 0.10656],
							"uv": {
								"north": {"uv": [33, 4], "uv_size": [1.5, 0.5]},
								"east": {"uv": [34, 28], "uv_size": [0.5, 0.5]},
								"south": {"uv": [5, 33], "uv_size": [1.5, 0.5]},
								"west": {"uv": [29, 34], "uv_size": [0.5, 0.5]},
								"up": {"uv": [33, 5], "uv_size": [1.5, 0.5]},
								"down": {"uv": [33, 6.5], "uv_size": [1.5, -0.5]}
							}
						},
						{
							"origin": [-0.6935, 3.80548, 1.33544],
							"size": [1.38531, 0.10656, 0.10656],
							"uv": {
								"north": {"uv": [33, 1], "uv_size": [1.5, 0.5]},
								"east": {"uv": [34, 27], "uv_size": [0.5, 0.5]},
								"south": {"uv": [33, 2], "uv_size": [1.5, 0.5]},
								"west": {"uv": [28, 34], "uv_size": [0.5, 0.5]},
								"up": {"uv": [3, 33], "uv_size": [1.5, 0.5]},
								"down": {"uv": [33, 3.5], "uv_size": [1.5, -0.5]}
							}
						},
						{
							"origin": [-0.6935, 3.85876, 1.31337],
							"size": [1.38531, 0.10656, 0.10656],
							"pivot": [-0.00085, 3.91204, 1.36665],
							"rotation": [-45, 0, 0],
							"uv": {
								"north": {"uv": [7, 33], "uv_size": [1.5, 0.5]},
								"east": {"uv": [35, 15], "uv_size": [0.5, 0.5]},
								"south": {"uv": [33, 7], "uv_size": [1.5, 0.5]},
								"west": {"uv": [16, 35], "uv_size": [0.5, 0.5]},
								"up": {"uv": [33, 8], "uv_size": [1.5, 0.5]},
								"down": {"uv": [9, 33.5], "uv_size": [1.5, -0.5]}
							}
						},
						{
							"origin": [-0.6935, 3.88083, 0.72727],
							"size": [1.38531, 0.10656, 0.63937],
							"uv": {
								"north": {"uv": [26, 32], "uv_size": [1.5, 0.5]},
								"east": {"uv": [11, 34], "uv_size": [0.5, 0.5]},
								"south": {"uv": [32, 27], "uv_size": [1.5, 0.5]},
								"west": {"uv": [12, 34], "uv_size": [0.5, 0.5]},
								"up": {"uv": [28, 32], "uv_size": [1.5, 0.5]},
								"down": {"uv": [32, 28.5], "uv_size": [1.5, -0.5]}
							}
						},
						{
							"origin": [-0.37381, 3.24146, 0.79775],
							"size": [0.21313, 0.63938, 0.10656],
							"uv": {
								"north": {"uv": [35, 9], "uv_size": [0.5, 0.5]},
								"east": {"uv": [10, 35], "uv_size": [0.5, 0.5]},
								"south": {"uv": [35, 10], "uv_size": [0.5, 0.5]},
								"west": {"uv": [11, 35], "uv_size": [0.5, 0.5]},
								"up": {"uv": [35, 11], "uv_size": [0.5, 0.5]},
								"down": {"uv": [12, 35.5], "uv_size": [0.5, -0.5]}
							}
						},
						{
							"origin": [0.159, 3.24146, 0.79775],
							"size": [0.21313, 0.63938, 0.10656],
							"uv": {
								"north": {"uv": [34, 15], "uv_size": [0.5, 0.5]},
								"east": {"uv": [34, 16], "uv_size": [0.5, 0.5]},
								"south": {"uv": [17, 34], "uv_size": [0.5, 0.5]},
								"west": {"uv": [34, 17], "uv_size": [0.5, 0.5]},
								"up": {"uv": [18, 34], "uv_size": [0.5, 0.5]},
								"down": {"uv": [34, 18.5], "uv_size": [0.5, -0.5]}
							}
						},
						{
							"origin": [-0.35599, 3.44812, 0.69119],
							"size": [0.42625, 0.42625, 0.31969],
							"pivot": [0.44323, 2.91531, 0.85103],
							"rotation": [0, 0, -45],
							"uv": {
								"north": {"uv": [34, 29], "uv_size": [0.5, 0.5]},
								"east": {"uv": [30, 34], "uv_size": [0.5, 0.5]},
								"south": {"uv": [34, 30], "uv_size": [0.5, 0.5]},
								"west": {"uv": [34, 31], "uv_size": [0.5, 0.5]},
								"up": {"uv": [32, 34], "uv_size": [0.5, 0.5]},
								"down": {"uv": [34, 32.5], "uv_size": [0.5, -0.5]}
							}
						},
						{
							"origin": [-0.49866, 3.01005, 0.69119],
							"size": [0.99515, 0.31969, 0.31969],
							"uv": {
								"north": {"uv": [1, 34], "uv_size": [1, 0.5]},
								"east": {"uv": [35, 7], "uv_size": [0.5, 0.5]},
								"south": {"uv": [2, 34], "uv_size": [1, 0.5]},
								"west": {"uv": [8, 35], "uv_size": [0.5, 0.5]},
								"up": {"uv": [3, 34], "uv_size": [1, 0.5]},
								"down": {"uv": [4, 34.5], "uv_size": [1, -0.5]}
							}
						},
						{
							"origin": [0.63964, 3.44812, 0.69119],
							"size": [0.42625, 0.42625, 0.31969],
							"pivot": [1.43886, 2.91531, 0.85103],
							"rotation": [0, 0, -45],
							"uv": {
								"north": {"uv": [33, 34], "uv_size": [0.5, 0.5]},
								"east": {"uv": [34, 33], "uv_size": [0.5, 0.5]},
								"south": {"uv": [34, 34], "uv_size": [0.5, 0.5]},
								"west": {"uv": [0, 35], "uv_size": [0.5, 0.5]},
								"up": {"uv": [35, 0], "uv_size": [0.5, 0.5]},
								"down": {"uv": [1, 35.5], "uv_size": [0.5, -0.5]}
							}
						},
						{
							"origin": [0.63964, 1.74312, 0.69119],
							"size": [0.42625, 0.42625, 0.31969],
							"pivot": [1.43886, 1.21031, 0.85103],
							"rotation": [0, 0, -45],
							"uv": {
								"north": {"uv": [35, 4], "uv_size": [0.5, 0.5]},
								"east": {"uv": [5, 35], "uv_size": [0.5, 0.5]},
								"south": {"uv": [35, 5], "uv_size": [0.5, 0.5]},
								"west": {"uv": [6, 35], "uv_size": [0.5, 0.5]},
								"up": {"uv": [35, 6], "uv_size": [0.5, 0.5]},
								"down": {"uv": [7, 35.5], "uv_size": [0.5, -0.5]}
							}
						}
					]
				},
				{
					"name": "bone2",
					"parent": "redmik70",
					"pivot": [-0.0005, -0.3768, 0.61971],
					"cubes": [
						{
							"origin": [-0.55005, -0.2633, -0.125],
							"size": [0.25, 0.25, 1.3125],
							"pivot": [-0.42505, -0.2008, 0.53125],
							"rotation": [0, 0, -45],
							"uv": {
								"north": {"uv": [35, 30], "uv_size": [0.5, 0.5]},
								"east": {"uv": [33, 23], "uv_size": [1.5, 0.5]},
								"south": {"uv": [31, 35], "uv_size": [0.5, 0.5]},
								"west": {"uv": [33, 24], "uv_size": [1.5, 0.5]},
								"up": {"uv": [33, 25], "uv_size": [0.5, 1.5]},
								"down": {"uv": [26, 34.5], "uv_size": [0.5, -1.5]}
							}
						},
						{
							"origin": [-0.64602, -0.4066, -0.125],
							"size": [0.3125, 0.25, 1.3125],
							"uv": {
								"north": {"uv": [35, 31], "uv_size": [0.5, 0.5]},
								"east": {"uv": [27, 33], "uv_size": [1.5, 0.5]},
								"south": {"uv": [32, 35], "uv_size": [0.5, 0.5]},
								"west": {"uv": [29, 33], "uv_size": [1.5, 0.5]},
								"up": {"uv": [31, 33], "uv_size": [0.5, 1.5]},
								"down": {"uv": [33, 33.5], "uv_size": [0.5, -1.5]}
							}
						},
						{
							"origin": [-0.46925, -0.16733, -0.125],
							"size": [0.9375, 0.1875, 1.3125],
							"uv": {
								"north": {"uv": [9, 34], "uv_size": [1, 0.5]},
								"east": {"uv": [33, 12], "uv_size": [1.5, 0.5]},
								"south": {"uv": [10, 34], "uv_size": [1, 0.5]},
								"west": {"uv": [13, 33], "uv_size": [1.5, 0.5]},
								"up": {"uv": [19, 32], "uv_size": [1, 1.5]},
								"down": {"uv": [32, 20.5], "uv_size": [1, -1.5]}
							}
						},
						{
							"origin": [0.33253, -0.4066, -0.125],
							"size": [0.3125, 0.25, 1.3125],
							"uv": {
								"north": {"uv": [35, 28], "uv_size": [0.5, 0.5]},
								"east": {"uv": [33, 13], "uv_size": [1.5, 0.5]},
								"south": {"uv": [29, 35], "uv_size": [0.5, 0.5]},
								"west": {"uv": [33, 14], "uv_size": [1.5, 0.5]},
								"up": {"uv": [15, 33], "uv_size": [0.5, 1.5]},
								"down": {"uv": [33, 16.5], "uv_size": [0.5, -1.5]}
							}
						},
						{
							"origin": [0.38745, -0.2633, -0.125],
							"size": [0.25, 0.25, 1.3125],
							"pivot": [0.51245, -0.2008, 0.53125],
							"rotation": [0, 0, -45],
							"uv": {
								"north": {"uv": [35, 29], "uv_size": [0.5, 0.5]},
								"east": {"uv": [33, 19], "uv_size": [1.5, 0.5]},
								"south": {"uv": [30, 35], "uv_size": [0.5, 0.5]},
								"west": {"uv": [33, 20], "uv_size": [1.5, 0.5]},
								"up": {"uv": [16, 33], "uv_size": [0.5, 1.5]},
								"down": {"uv": [33, 22.5], "uv_size": [0.5, -1.5]}
							}
						},
						{
							"origin": [-0.3755, -0.10662, 0.24471],
							"size": [0.625, 0.1875, 0.625],
							"pivot": [-0.0005, 0.01838, 0.61971],
							"rotation": [0, -45, 0],
							"uv": {
								"north": {"uv": [35, 25], "uv_size": [0.5, 0.5]},
								"east": {"uv": [26, 35], "uv_size": [0.5, 0.5]},
								"south": {"uv": [35, 26], "uv_size": [0.5, 0.5]},
								"west": {"uv": [27, 35], "uv_size": [0.5, 0.5]},
								"up": {"uv": [35, 27], "uv_size": [0.5, 0.5]},
								"down": {"uv": [28, 35.5], "uv_size": [0.5, -0.5]}
							}
						}
					]
				},
				{
					"name": "ocular_rin",
					"parent": "redmik70",
					"pivot": [1.31798, 2.28275, 1.0515],
					"cubes": [
						{
							"origin": [-3.3984, 0.48023, 1.01238],
							"size": [6.82, 3.41, 0.31969],
							"uv": {
								"north": {"uv": [0, 0], "uv_size": [7, 3.5]},
								"east": {"uv": [7, 14], "uv_size": [0.5, 3.5]},
								"south": {"uv": [0, 4], "uv_size": [7, 3.5]},
								"west": {"uv": [14, 7], "uv_size": [0.5, 3.5]},
								"up": {"uv": [4, 12], "uv_size": [7, 0.5]},
								"down": {"uv": [11, 12.5], "uv_size": [7, -0.5]}
							}
						},
						{
							"origin": [1.23032, 5.76575, 1.01238],
							"size": [0.21312, 0.21313, 0.31969],
							"pivot": [-0.19525, 2.28944, -0.37293],
							"rotation": [0, 0, 45],
							"uv": {
								"north": {"uv": [18, 16], "uv_size": [0.5, 0.5]},
								"east": {"uv": [18, 17], "uv_size": [0.5, 0.5]},
								"south": {"uv": [18, 18], "uv_size": [0.5, 0.5]},
								"west": {"uv": [19, 7], "uv_size": [0.5, 0.5]},
								"up": {"uv": [19, 8], "uv_size": [0.5, 0.5]},
								"down": {"uv": [9, 19.5], "uv_size": [0.5, -0.5]}
							}
						},
						{
							"origin": [1.23032, 2.65715, 1.01238],
							"size": [0.21312, 0.21312, 0.31969],
							"pivot": [-0.19525, -0.81915, -0.37293],
							"rotation": [0, 0, 45],
							"uv": {
								"north": {"uv": [19, 9], "uv_size": [0.5, 0.5]},
								"east": {"uv": [19, 10], "uv_size": [0.5, 0.5]},
								"south": {"uv": [19, 15], "uv_size": [0.5, 0.5]},
								"west": {"uv": [19, 16], "uv_size": [0.5, 0.5]},
								"up": {"uv": [19, 17], "uv_size": [0.5, 0.5]},
								"down": {"uv": [18, 19.5], "uv_size": [0.5, -0.5]}
							}
						},
						{
							"origin": [3.42232, 0.63117, 1.01238],
							"size": [0.15167, 3.10835, 0.31969],
							"uv": {
								"north": {"uv": [12, 14], "uv_size": [0.5, 3]},
								"east": {"uv": [13, 14], "uv_size": [0.5, 3]},
								"south": {"uv": [14, 14], "uv_size": [0.5, 3]},
								"west": {"uv": [0, 15], "uv_size": [0.5, 3]},
								"up": {"uv": [19, 18], "uv_size": [0.5, 0.5]},
								"down": {"uv": [19, 19.5], "uv_size": [0.5, -0.5]}
							}
						},
						{
							"origin": [-5.58968, 5.76575, 1.01238],
							"size": [0.21312, 0.21313, 0.31969],
							"pivot": [-7.01525, 2.28944, -0.37293],
							"rotation": [0, 0, 45],
							"uv": {
								"north": {"uv": [20, 7], "uv_size": [0.5, 0.5]},
								"east": {"uv": [20, 8], "uv_size": [0.5, 0.5]},
								"south": {"uv": [9, 20], "uv_size": [0.5, 0.5]},
								"west": {"uv": [20, 9], "uv_size": [0.5, 0.5]},
								"up": {"uv": [10, 20], "uv_size": [0.5, 0.5]},
								"down": {"uv": [20, 10.5], "uv_size": [0.5, -0.5]}
							}
						},
						{
							"origin": [-5.58968, 2.65715, 1.01238],
							"size": [0.21312, 0.21312, 0.31969],
							"pivot": [-7.01525, -0.81915, -0.37293],
							"rotation": [0, 0, 45],
							"uv": {
								"north": {"uv": [11, 20], "uv_size": [0.5, 0.5]},
								"east": {"uv": [20, 11], "uv_size": [0.5, 0.5]},
								"south": {"uv": [12, 20], "uv_size": [0.5, 0.5]},
								"west": {"uv": [20, 12], "uv_size": [0.5, 0.5]},
								"up": {"uv": [13, 20], "uv_size": [0.5, 0.5]},
								"down": {"uv": [20, 13.5], "uv_size": [0.5, -0.5]}
							}
						},
						{
							"origin": [-3.54911, 0.63117, 1.01238],
							"size": [0.15167, 3.10835, 0.31969],
							"uv": {
								"north": {"uv": [1, 15], "uv_size": [0.5, 3]},
								"east": {"uv": [2, 15], "uv_size": [0.5, 3]},
								"south": {"uv": [3, 15], "uv_size": [0.5, 3]},
								"west": {"uv": [4, 15], "uv_size": [0.5, 3]},
								"up": {"uv": [14, 20], "uv_size": [0.5, 0.5]},
								"down": {"uv": [20, 14.5], "uv_size": [0.5, -0.5]}
							}
						},
						{
							"origin": [1.61003, 0.74579, 0.90582],
							"size": [1.59844, 2.87719, 0.10656],
							"uv": {
								"north": {"uv": [0, 11], "uv_size": [1.5, 3]},
								"east": {"uv": [5, 15], "uv_size": [0.5, 3]},
								"south": {"uv": [2, 11], "uv_size": [1.5, 3]},
								"west": {"uv": [6, 15], "uv_size": [0.5, 3]},
								"up": {"uv": [15, 10], "uv_size": [1.5, 0.5]},
								"down": {"uv": [17, 10.5], "uv_size": [1.5, -0.5]}
							}
						},
						{
							"origin": [1.09254, 5.57385, 0.90582],
							"size": [0.10656, 0.10656, 0.31969],
							"pivot": [-0.33303, 2.09754, -0.47949],
							"rotation": [0, 0, 45],
							"uv": {
								"north": {"uv": [15, 20], "uv_size": [0.5, 0.5]},
								"east": {"uv": [20, 15], "uv_size": [0.5, 0.5]},
								"south": {"uv": [16, 20], "uv_size": [0.5, 0.5]},
								"west": {"uv": [20, 16], "uv_size": [0.5, 0.5]},
								"up": {"uv": [17, 20], "uv_size": [0.5, 0.5]},
								"down": {"uv": [20, 17.5], "uv_size": [0.5, -0.5]}
							}
						},
						{
							"origin": [1.09254, 2.84736, 0.90582],
							"size": [0.10656, 0.10656, 0.31969],
							"pivot": [-0.33303, -0.62894, -0.47949],
							"rotation": [0, 0, 45],
							"uv": {
								"north": {"uv": [18, 20], "uv_size": [0.5, 0.5]},
								"east": {"uv": [20, 18], "uv_size": [0.5, 0.5]},
								"south": {"uv": [19, 20], "uv_size": [0.5, 0.5]},
								"west": {"uv": [20, 19], "uv_size": [0.5, 0.5]},
								"up": {"uv": [20, 20], "uv_size": [0.5, 0.5]},
								"down": {"uv": [0, 21.5], "uv_size": [0.5, -0.5]}
							}
						},
						{
							"origin": [3.17726, 0.82211, 0.90582],
							"size": [0.10656, 2.72552, 0.10656],
							"uv": {
								"north": {"uv": [2, 18], "uv_size": [0.5, 2.5]},
								"east": {"uv": [3, 18], "uv_size": [0.5, 2.5]},
								"south": {"uv": [4, 18], "uv_size": [0.5, 2.5]},
								"west": {"uv": [5, 18], "uv_size": [0.5, 2.5]},
								"up": {"uv": [21, 0], "uv_size": [0.5, 0.5]},
								"down": {"uv": [1, 21.5], "uv_size": [0.5, -0.5]}
							}
						},
						{
							"origin": [-0.50589, 5.57385, 0.90582],
							"size": [0.10656, 0.10656, 0.31969],
							"pivot": [-1.93147, 2.09754, -0.47949],
							"rotation": [0, 0, 45],
							"uv": {
								"north": {"uv": [21, 1], "uv_size": [0.5, 0.5]},
								"east": {"uv": [2, 21], "uv_size": [0.5, 0.5]},
								"south": {"uv": [21, 2], "uv_size": [0.5, 0.5]},
								"west": {"uv": [3, 21], "uv_size": [0.5, 0.5]},
								"up": {"uv": [21, 3], "uv_size": [0.5, 0.5]},
								"down": {"uv": [4, 21.5], "uv_size": [0.5, -0.5]}
							}
						},
						{
							"origin": [-0.50589, 2.84736, 0.90582],
							"size": [0.10656, 0.10656, 0.31969],
							"pivot": [-1.93147, -0.62894, -0.47949],
							"rotation": [0, 0, 45],
							"uv": {
								"north": {"uv": [21, 4], "uv_size": [0.5, 0.5]},
								"east": {"uv": [5, 21], "uv_size": [0.5, 0.5]},
								"south": {"uv": [21, 5], "uv_size": [0.5, 0.5]},
								"west": {"uv": [6, 21], "uv_size": [0.5, 0.5]},
								"up": {"uv": [21, 6], "uv_size": [0.5, 0.5]},
								"down": {"uv": [7, 21.5], "uv_size": [0.5, -0.5]}
							}
						},
						{
							"origin": [1.53468, 0.82211, 0.90582],
							"size": [0.10656, 2.72552, 0.10656],
							"uv": {
								"north": {"uv": [6, 18], "uv_size": [0.5, 2.5]},
								"east": {"uv": [7, 18], "uv_size": [0.5, 2.5]},
								"south": {"uv": [18, 7], "uv_size": [0.5, 2.5]},
								"west": {"uv": [8, 18], "uv_size": [0.5, 2.5]},
								"up": {"uv": [21, 7], "uv_size": [0.5, 0.5]},
								"down": {"uv": [8, 21.5], "uv_size": [0.5, -0.5]}
							}
						},
						{
							"origin": [3.0795, 2.71572, 0.86111],
							"size": [0.14222, 0.71499, 0.17875],
							"pivot": [2.87119, 2.79378, 0.95048],
							"rotation": [0, 0, -45],
							"uv": {
								"north": {"uv": [1, 22], "uv_size": [0.5, 0.5]},
								"east": {"uv": [22, 1], "uv_size": [0.5, 0.5]},
								"south": {"uv": [2, 22], "uv_size": [0.5, 0.5]},
								"west": {"uv": [22, 2], "uv_size": [0.5, 0.5]},
								"up": {"uv": [3, 22], "uv_size": [0.5, 0.5]},
								"down": {"uv": [22, 3.5], "uv_size": [0.5, -0.5]}
							}
						},
						{
							"origin": [2.9513, 2.80138, 0.86111],
							"size": [0.14222, 0.71499, 0.17875],
							"pivot": [2.87119, 2.79378, 0.95048],
							"rotation": [0, 0, -22.5],
							"uv": {
								"north": {"uv": [4, 22], "uv_size": [0.5, 0.5]},
								"east": {"uv": [22, 4], "uv_size": [0.5, 0.5]},
								"south": {"uv": [5, 22], "uv_size": [0.5, 0.5]},
								"west": {"uv": [22, 5], "uv_size": [0.5, 0.5]},
								"up": {"uv": [6, 22], "uv_size": [0.5, 0.5]},
								"down": {"uv": [22, 6.5], "uv_size": [0.5, -0.5]}
							}
						},
						{
							"origin": [2.80008, 2.83146, 0.86111],
							"size": [0.14222, 0.71499, 0.17875],
							"uv": {
								"north": {"uv": [7, 22], "uv_size": [0.5, 0.5]},
								"east": {"uv": [22, 7], "uv_size": [0.5, 0.5]},
								"south": {"uv": [8, 22], "uv_size": [0.5, 0.5]},
								"west": {"uv": [22, 8], "uv_size": [0.5, 0.5]},
								"up": {"uv": [9, 22], "uv_size": [0.5, 0.5]},
								"down": {"uv": [22, 9.5], "uv_size": [0.5, -0.5]}
							}
						},
						{
							"origin": [2.64885, 2.80138, 0.86111],
							"size": [0.14222, 0.71499, 0.17875],
							"pivot": [2.87119, 2.79378, 0.95048],
							"rotation": [0, 0, 22.5],
							"uv": {
								"north": {"uv": [10, 22], "uv_size": [0.5, 0.5]},
								"east": {"uv": [22, 10], "uv_size": [0.5, 0.5]},
								"south": {"uv": [11, 22], "uv_size": [0.5, 0.5]},
								"west": {"uv": [22, 11], "uv_size": [0.5, 0.5]},
								"up": {"uv": [12, 22], "uv_size": [0.5, 0.5]},
								"down": {"uv": [22, 12.5], "uv_size": [0.5, -0.5]}
							}
						},
						{
							"origin": [2.52065, 2.71572, 0.86111],
							"size": [0.14222, 0.71499, 0.17875],
							"pivot": [2.87119, 2.79378, 0.95048],
							"rotation": [0, 0, 45],
							"uv": {
								"north": {"uv": [13, 22], "uv_size": [0.5, 0.5]},
								"east": {"uv": [22, 13], "uv_size": [0.5, 0.5]},
								"south": {"uv": [14, 22], "uv_size": [0.5, 0.5]},
								"west": {"uv": [22, 14], "uv_size": [0.5, 0.5]},
								"up": {"uv": [15, 22], "uv_size": [0.5, 0.5]},
								"down": {"uv": [22, 15.5], "uv_size": [0.5, -0.5]}
							}
						},
						{
							"origin": [2.66492, 3.08777, 0.86111],
							"size": [0.71499, 0.14222, 0.17875],
							"pivot": [2.87119, 2.79378, 0.95048],
							"rotation": [0, 0, -22.5],
							"uv": {
								"north": {"uv": [16, 22], "uv_size": [0.5, 0.5]},
								"east": {"uv": [22, 16], "uv_size": [0.5, 0.5]},
								"south": {"uv": [17, 22], "uv_size": [0.5, 0.5]},
								"west": {"uv": [22, 17], "uv_size": [0.5, 0.5]},
								"up": {"uv": [18, 22], "uv_size": [0.5, 0.5]},
								"down": {"uv": [22, 18.5], "uv_size": [0.5, -0.5]}
							}
						},
						{
							"origin": [2.51369, 3.11785, 0.86111],
							"size": [0.71499, 0.14222, 0.17875],
							"uv": {
								"north": {"uv": [19, 22], "uv_size": [0.5, 0.5]},
								"east": {"uv": [22, 19], "uv_size": [0.5, 0.5]},
								"south": {"uv": [20, 22], "uv_size": [0.5, 0.5]},
								"west": {"uv": [22, 20], "uv_size": [0.5, 0.5]},
								"up": {"uv": [21, 22], "uv_size": [0.5, 0.5]},
								"down": {"uv": [22, 21.5], "uv_size": [0.5, -0.5]}
							}
						},
						{
							"origin": [2.36247, 3.08777, 0.86111],
							"size": [0.71499, 0.14222, 0.17875],
							"pivot": [2.87119, 2.79378, 0.95048],
							"rotation": [0, 0, 22.5],
							"uv": {
								"north": {"uv": [22, 22], "uv_size": [0.5, 0.5]},
								"east": {"uv": [0, 23], "uv_size": [0.5, 0.5]},
								"south": {"uv": [23, 0], "uv_size": [0.5, 0.5]},
								"west": {"uv": [1, 23], "uv_size": [0.5, 0.5]},
								"up": {"uv": [23, 1], "uv_size": [0.5, 0.5]},
								"down": {"uv": [2, 23.5], "uv_size": [0.5, -0.5]}
							}
						},
						{
							"origin": [2.227, 2.71572, 0.86111],
							"size": [0.14222, 0.71499, 0.17875],
							"pivot": [2.01869, 2.79378, 0.95048],
							"rotation": [0, 0, -45],
							"uv": {
								"north": {"uv": [23, 2], "uv_size": [0.5, 0.5]},
								"east": {"uv": [3, 23], "uv_size": [0.5, 0.5]},
								"south": {"uv": [23, 3], "uv_size": [0.5, 0.5]},
								"west": {"uv": [4, 23], "uv_size": [0.5, 0.5]},
								"up": {"uv": [23, 4], "uv_size": [0.5, 0.5]},
								"down": {"uv": [5, 23.5], "uv_size": [0.5, -0.5]}
							}
						},
						{
							"origin": [2.0988, 2.80138, 0.86111],
							"size": [0.14222, 0.71499, 0.17875],
							"pivot": [2.01869, 2.79378, 0.95048],
							"rotation": [0, 0, -22.5],
							"uv": {
								"north": {"uv": [23, 5], "uv_size": [0.5, 0.5]},
								"east": {"uv": [6, 23], "uv_size": [0.5, 0.5]},
								"south": {"uv": [23, 6], "uv_size": [0.5, 0.5]},
								"west": {"uv": [7, 23], "uv_size": [0.5, 0.5]},
								"up": {"uv": [23, 7], "uv_size": [0.5, 0.5]},
								"down": {"uv": [8, 23.5], "uv_size": [0.5, -0.5]}
							}
						},
						{
							"origin": [1.94758, 2.83146, 0.86111],
							"size": [0.14222, 0.71499, 0.17875],
							"uv": {
								"north": {"uv": [23, 8], "uv_size": [0.5, 0.5]},
								"east": {"uv": [9, 23], "uv_size": [0.5, 0.5]},
								"south": {"uv": [23, 9], "uv_size": [0.5, 0.5]},
								"west": {"uv": [10, 23], "uv_size": [0.5, 0.5]},
								"up": {"uv": [23, 10], "uv_size": [0.5, 0.5]},
								"down": {"uv": [11, 23.5], "uv_size": [0.5, -0.5]}
							}
						},
						{
							"origin": [1.79635, 2.80138, 0.86111],
							"size": [0.14222, 0.71499, 0.17875],
							"pivot": [2.01869, 2.79378, 0.95048],
							"rotation": [0, 0, 22.5],
							"uv": {
								"north": {"uv": [23, 11], "uv_size": [0.5, 0.5]},
								"east": {"uv": [12, 23], "uv_size": [0.5, 0.5]},
								"south": {"uv": [23, 12], "uv_size": [0.5, 0.5]},
								"west": {"uv": [13, 23], "uv_size": [0.5, 0.5]},
								"up": {"uv": [23, 13], "uv_size": [0.5, 0.5]},
								"down": {"uv": [14, 23.5], "uv_size": [0.5, -0.5]}
							}
						},
						{
							"origin": [1.66815, 2.71572, 0.86111],
							"size": [0.14222, 0.71499, 0.17875],
							"pivot": [2.01869, 2.79378, 0.95048],
							"rotation": [0, 0, 45],
							"uv": {
								"north": {"uv": [23, 14], "uv_size": [0.5, 0.5]},
								"east": {"uv": [15, 23], "uv_size": [0.5, 0.5]},
								"south": {"uv": [23, 15], "uv_size": [0.5, 0.5]},
								"west": {"uv": [16, 23], "uv_size": [0.5, 0.5]},
								"up": {"uv": [23, 16], "uv_size": [0.5, 0.5]},
								"down": {"uv": [17, 23.5], "uv_size": [0.5, -0.5]}
							}
						},
						{
							"origin": [1.81242, 3.08777, 0.86111],
							"size": [0.71499, 0.14222, 0.17875],
							"pivot": [2.01869, 2.79378, 0.95048],
							"rotation": [0, 0, -22.5],
							"uv": {
								"north": {"uv": [23, 17], "uv_size": [0.5, 0.5]},
								"east": {"uv": [18, 23], "uv_size": [0.5, 0.5]},
								"south": {"uv": [23, 18], "uv_size": [0.5, 0.5]},
								"west": {"uv": [19, 23], "uv_size": [0.5, 0.5]},
								"up": {"uv": [23, 19], "uv_size": [0.5, 0.5]},
								"down": {"uv": [20, 23.5], "uv_size": [0.5, -0.5]}
							}
						},
						{
							"origin": [1.66119, 3.11785, 0.86111],
							"size": [0.71499, 0.14222, 0.17875],
							"uv": {
								"north": {"uv": [23, 20], "uv_size": [0.5, 0.5]},
								"east": {"uv": [21, 23], "uv_size": [0.5, 0.5]},
								"south": {"uv": [23, 21], "uv_size": [0.5, 0.5]},
								"west": {"uv": [22, 23], "uv_size": [0.5, 0.5]},
								"up": {"uv": [23, 22], "uv_size": [0.5, 0.5]},
								"down": {"uv": [23, 23.5], "uv_size": [0.5, -0.5]}
							}
						},
						{
							"origin": [1.50997, 3.08777, 0.86111],
							"size": [0.71499, 0.14222, 0.17875],
							"pivot": [2.01869, 2.79378, 0.95048],
							"rotation": [0, 0, 22.5],
							"uv": {
								"north": {"uv": [0, 24], "uv_size": [0.5, 0.5]},
								"east": {"uv": [24, 0], "uv_size": [0.5, 0.5]},
								"south": {"uv": [1, 24], "uv_size": [0.5, 0.5]},
								"west": {"uv": [24, 1], "uv_size": [0.5, 0.5]},
								"up": {"uv": [2, 24], "uv_size": [0.5, 0.5]},
								"down": {"uv": [24, 2.5], "uv_size": [0.5, -0.5]}
							}
						},
						{
							"origin": [3.0795, 1.86322, 0.86111],
							"size": [0.14222, 0.71499, 0.17875],
							"pivot": [2.87119, 1.94128, 0.95048],
							"rotation": [0, 0, -45],
							"uv": {
								"north": {"uv": [3, 24], "uv_size": [0.5, 0.5]},
								"east": {"uv": [24, 3], "uv_size": [0.5, 0.5]},
								"south": {"uv": [4, 24], "uv_size": [0.5, 0.5]},
								"west": {"uv": [24, 4], "uv_size": [0.5, 0.5]},
								"up": {"uv": [5, 24], "uv_size": [0.5, 0.5]},
								"down": {"uv": [24, 5.5], "uv_size": [0.5, -0.5]}
							}
						},
						{
							"origin": [2.9513, 1.94888, 0.86111],
							"size": [0.14222, 0.71499, 0.17875],
							"pivot": [2.87119, 1.94128, 0.95048],
							"rotation": [0, 0, -22.5],
							"uv": {
								"north": {"uv": [6, 24], "uv_size": [0.5, 0.5]},
								"east": {"uv": [24, 6], "uv_size": [0.5, 0.5]},
								"south": {"uv": [7, 24], "uv_size": [0.5, 0.5]},
								"west": {"uv": [24, 7], "uv_size": [0.5, 0.5]},
								"up": {"uv": [8, 24], "uv_size": [0.5, 0.5]},
								"down": {"uv": [24, 8.5], "uv_size": [0.5, -0.5]}
							}
						},
						{
							"origin": [2.80008, 1.97896, 0.86111],
							"size": [0.14222, 0.71499, 0.17875],
							"uv": {
								"north": {"uv": [9, 24], "uv_size": [0.5, 0.5]},
								"east": {"uv": [24, 9], "uv_size": [0.5, 0.5]},
								"south": {"uv": [10, 24], "uv_size": [0.5, 0.5]},
								"west": {"uv": [24, 10], "uv_size": [0.5, 0.5]},
								"up": {"uv": [11, 24], "uv_size": [0.5, 0.5]},
								"down": {"uv": [24, 11.5], "uv_size": [0.5, -0.5]}
							}
						},
						{
							"origin": [2.64885, 1.94888, 0.86111],
							"size": [0.14222, 0.71499, 0.17875],
							"pivot": [2.87119, 1.94128, 0.95048],
							"rotation": [0, 0, 22.5],
							"uv": {
								"north": {"uv": [12, 24], "uv_size": [0.5, 0.5]},
								"east": {"uv": [24, 12], "uv_size": [0.5, 0.5]},
								"south": {"uv": [13, 24], "uv_size": [0.5, 0.5]},
								"west": {"uv": [24, 13], "uv_size": [0.5, 0.5]},
								"up": {"uv": [14, 24], "uv_size": [0.5, 0.5]},
								"down": {"uv": [24, 14.5], "uv_size": [0.5, -0.5]}
							}
						},
						{
							"origin": [2.52065, 1.86322, 0.86111],
							"size": [0.14222, 0.71499, 0.17875],
							"pivot": [2.87119, 1.94128, 0.95048],
							"rotation": [0, 0, 45],
							"uv": {
								"north": {"uv": [15, 24], "uv_size": [0.5, 0.5]},
								"east": {"uv": [24, 15], "uv_size": [0.5, 0.5]},
								"south": {"uv": [16, 24], "uv_size": [0.5, 0.5]},
								"west": {"uv": [24, 16], "uv_size": [0.5, 0.5]},
								"up": {"uv": [17, 24], "uv_size": [0.5, 0.5]},
								"down": {"uv": [24, 17.5], "uv_size": [0.5, -0.5]}
							}
						},
						{
							"origin": [2.66492, 2.23527, 0.86111],
							"size": [0.71499, 0.14222, 0.17875],
							"pivot": [2.87119, 1.94128, 0.95048],
							"rotation": [0, 0, -22.5],
							"uv": {
								"north": {"uv": [18, 24], "uv_size": [0.5, 0.5]},
								"east": {"uv": [24, 18], "uv_size": [0.5, 0.5]},
								"south": {"uv": [19, 24], "uv_size": [0.5, 0.5]},
								"west": {"uv": [24, 19], "uv_size": [0.5, 0.5]},
								"up": {"uv": [20, 24], "uv_size": [0.5, 0.5]},
								"down": {"uv": [24, 20.5], "uv_size": [0.5, -0.5]}
							}
						},
						{
							"origin": [2.51369, 2.26535, 0.86111],
							"size": [0.71499, 0.14222, 0.17875],
							"uv": {
								"north": {"uv": [21, 24], "uv_size": [0.5, 0.5]},
								"east": {"uv": [24, 21], "uv_size": [0.5, 0.5]},
								"south": {"uv": [22, 24], "uv_size": [0.5, 0.5]},
								"west": {"uv": [24, 22], "uv_size": [0.5, 0.5]},
								"up": {"uv": [23, 24], "uv_size": [0.5, 0.5]},
								"down": {"uv": [24, 23.5], "uv_size": [0.5, -0.5]}
							}
						},
						{
							"origin": [2.36247, 2.23527, 0.86111],
							"size": [0.71499, 0.14222, 0.17875],
							"pivot": [2.87119, 1.94128, 0.95048],
							"rotation": [0, 0, 22.5],
							"uv": {
								"north": {"uv": [24, 24], "uv_size": [0.5, 0.5]},
								"east": {"uv": [0, 25], "uv_size": [0.5, 0.5]},
								"south": {"uv": [25, 0], "uv_size": [0.5, 0.5]},
								"west": {"uv": [1, 25], "uv_size": [0.5, 0.5]},
								"up": {"uv": [25, 1], "uv_size": [0.5, 0.5]},
								"down": {"uv": [2, 25.5], "uv_size": [0.5, -0.5]}
							}
						},
						{
							"origin": [2.227, 1.86322, 0.86111],
							"size": [0.14222, 0.71499, 0.17875],
							"pivot": [2.01869, 1.94128, 0.95048],
							"rotation": [0, 0, -45],
							"uv": {
								"north": {"uv": [25, 2], "uv_size": [0.5, 0.5]},
								"east": {"uv": [3, 25], "uv_size": [0.5, 0.5]},
								"south": {"uv": [25, 3], "uv_size": [0.5, 0.5]},
								"west": {"uv": [4, 25], "uv_size": [0.5, 0.5]},
								"up": {"uv": [25, 4], "uv_size": [0.5, 0.5]},
								"down": {"uv": [5, 25.5], "uv_size": [0.5, -0.5]}
							}
						},
						{
							"origin": [2.0988, 1.94888, 0.86111],
							"size": [0.14222, 0.71499, 0.17875],
							"pivot": [2.01869, 1.94128, 0.95048],
							"rotation": [0, 0, -22.5],
							"uv": {
								"north": {"uv": [25, 5], "uv_size": [0.5, 0.5]},
								"east": {"uv": [6, 25], "uv_size": [0.5, 0.5]},
								"south": {"uv": [25, 6], "uv_size": [0.5, 0.5]},
								"west": {"uv": [7, 25], "uv_size": [0.5, 0.5]},
								"up": {"uv": [25, 7], "uv_size": [0.5, 0.5]},
								"down": {"uv": [8, 25.5], "uv_size": [0.5, -0.5]}
							}
						},
						{
							"origin": [1.94758, 1.97896, 0.86111],
							"size": [0.14222, 0.71499, 0.17875],
							"uv": {
								"north": {"uv": [25, 8], "uv_size": [0.5, 0.5]},
								"east": {"uv": [9, 25], "uv_size": [0.5, 0.5]},
								"south": {"uv": [25, 9], "uv_size": [0.5, 0.5]},
								"west": {"uv": [10, 25], "uv_size": [0.5, 0.5]},
								"up": {"uv": [25, 10], "uv_size": [0.5, 0.5]},
								"down": {"uv": [11, 25.5], "uv_size": [0.5, -0.5]}
							}
						},
						{
							"origin": [1.79635, 1.94888, 0.86111],
							"size": [0.14222, 0.71499, 0.17875],
							"pivot": [2.01869, 1.94128, 0.95048],
							"rotation": [0, 0, 22.5],
							"uv": {
								"north": {"uv": [25, 11], "uv_size": [0.5, 0.5]},
								"east": {"uv": [12, 25], "uv_size": [0.5, 0.5]},
								"south": {"uv": [25, 12], "uv_size": [0.5, 0.5]},
								"west": {"uv": [13, 25], "uv_size": [0.5, 0.5]},
								"up": {"uv": [25, 13], "uv_size": [0.5, 0.5]},
								"down": {"uv": [14, 25.5], "uv_size": [0.5, -0.5]}
							}
						},
						{
							"origin": [1.66815, 1.86322, 0.86111],
							"size": [0.14222, 0.71499, 0.17875],
							"pivot": [2.01869, 1.94128, 0.95048],
							"rotation": [0, 0, 45],
							"uv": {
								"north": {"uv": [25, 14], "uv_size": [0.5, 0.5]},
								"east": {"uv": [15, 25], "uv_size": [0.5, 0.5]},
								"south": {"uv": [25, 15], "uv_size": [0.5, 0.5]},
								"west": {"uv": [16, 25], "uv_size": [0.5, 0.5]},
								"up": {"uv": [25, 16], "uv_size": [0.5, 0.5]},
								"down": {"uv": [17, 25.5], "uv_size": [0.5, -0.5]}
							}
						},
						{
							"origin": [1.81242, 2.23527, 0.86111],
							"size": [0.71499, 0.14222, 0.17875],
							"pivot": [2.01869, 1.94128, 0.95048],
							"rotation": [0, 0, -22.5],
							"uv": {
								"north": {"uv": [25, 17], "uv_size": [0.5, 0.5]},
								"east": {"uv": [18, 25], "uv_size": [0.5, 0.5]},
								"south": {"uv": [25, 18], "uv_size": [0.5, 0.5]},
								"west": {"uv": [19, 25], "uv_size": [0.5, 0.5]},
								"up": {"uv": [25, 19], "uv_size": [0.5, 0.5]},
								"down": {"uv": [20, 25.5], "uv_size": [0.5, -0.5]}
							}
						},
						{
							"origin": [1.66119, 2.26535, 0.86111],
							"size": [0.71499, 0.14222, 0.17875],
							"uv": {
								"north": {"uv": [25, 20], "uv_size": [0.5, 0.5]},
								"east": {"uv": [21, 25], "uv_size": [0.5, 0.5]},
								"south": {"uv": [25, 21], "uv_size": [0.5, 0.5]},
								"west": {"uv": [22, 25], "uv_size": [0.5, 0.5]},
								"up": {"uv": [25, 22], "uv_size": [0.5, 0.5]},
								"down": {"uv": [23, 25.5], "uv_size": [0.5, -0.5]}
							}
						},
						{
							"origin": [1.50997, 2.23527, 0.86111],
							"size": [0.71499, 0.14222, 0.17875],
							"pivot": [2.01869, 1.94128, 0.95048],
							"rotation": [0, 0, 22.5],
							"uv": {
								"north": {"uv": [25, 23], "uv_size": [0.5, 0.5]},
								"east": {"uv": [24, 25], "uv_size": [0.5, 0.5]},
								"south": {"uv": [25, 24], "uv_size": [0.5, 0.5]},
								"west": {"uv": [25, 25], "uv_size": [0.5, 0.5]},
								"up": {"uv": [0, 26], "uv_size": [0.5, 0.5]},
								"down": {"uv": [26, 0.5], "uv_size": [0.5, -0.5]}
							}
						},
						{
							"origin": [2.27647, 3.89023, 1.01238],
							"size": [0.05244, 0, 0.31969],
							"uv": {
								"north": {"uv": [0, 0], "uv_size": [0.5, 0]},
								"east": {"uv": [0, 0], "uv_size": [0.5, 0]},
								"south": {"uv": [0, 0], "uv_size": [0.5, 0]},
								"west": {"uv": [0, 0], "uv_size": [0.5, 0]},
								"up": {"uv": [1, 26], "uv_size": [0.5, 0.5]},
								"down": {"uv": [26, 1.5], "uv_size": [0.5, -0.5]}
							}
						},
						{
							"origin": [0.67804, 3.89023, 1.01238],
							"size": [0.05244, 0, 0.31969],
							"uv": {
								"north": {"uv": [0, 0], "uv_size": [0.5, 0]},
								"east": {"uv": [0, 0], "uv_size": [0.5, 0]},
								"south": {"uv": [0, 0], "uv_size": [0.5, 0]},
								"west": {"uv": [0, 0], "uv_size": [0.5, 0]},
								"up": {"uv": [2, 26], "uv_size": [0.5, 0.5]},
								"down": {"uv": [26, 2.5], "uv_size": [0.5, -0.5]}
							}
						},
						{
							"origin": [3.95109, 1.37283, 1.01238],
							"size": [0.05244, 0, 0.31969],
							"inflate": 0.001,
							"pivot": [3.57327, 1.37283, 1.17223],
							"rotation": [0, 0, 90],
							"uv": {
								"north": {"uv": [0, 0], "uv_size": [0.5, 0]},
								"east": {"uv": [0, 0], "uv_size": [0.5, 0]},
								"south": {"uv": [0, 0], "uv_size": [0.5, 0]},
								"west": {"uv": [0, 0], "uv_size": [0.5, 0]},
								"up": {"uv": [3, 26], "uv_size": [0.5, 0.5]},
								"down": {"uv": [26, 3.5], "uv_size": [0.5, -0.5]}
							}
						},
						{
							"origin": [2.35266, 2.22533, 1.01238],
							"size": [0.05244, 0, 0.31969],
							"inflate": 0.001,
							"pivot": [3.57327, 2.22533, 1.17223],
							"rotation": [0, 0, 90],
							"uv": {
								"north": {"uv": [0, 0], "uv_size": [0.5, 0]},
								"east": {"uv": [0, 0], "uv_size": [0.5, 0]},
								"south": {"uv": [0, 0], "uv_size": [0.5, 0]},
								"west": {"uv": [0, 0], "uv_size": [0.5, 0]},
								"up": {"uv": [4, 26], "uv_size": [0.5, 0.5]},
								"down": {"uv": [26, 4.5], "uv_size": [0.5, -0.5]}
							}
						},
						{
							"origin": [-1.55978, 0.47121, 1.01238],
							"size": [0.05244, 0, 0.31969],
							"uv": {
								"north": {"uv": [0, 0], "uv_size": [0.5, 0]},
								"east": {"uv": [0, 0], "uv_size": [0.5, 0]},
								"south": {"uv": [0, 0], "uv_size": [0.5, 0]},
								"west": {"uv": [0, 0], "uv_size": [0.5, 0]},
								"up": {"uv": [5, 26], "uv_size": [0.5, 0.5]},
								"down": {"uv": [26, 5.5], "uv_size": [0.5, -0.5]}
							}
						},
						{
							"origin": [2.27647, 0.47121, 1.01238],
							"size": [0.05244, 0, 0.31969],
							"uv": {
								"north": {"uv": [0, 0], "uv_size": [0.5, 0]},
								"east": {"uv": [0, 0], "uv_size": [0.5, 0]},
								"south": {"uv": [0, 0], "uv_size": [0.5, 0]},
								"west": {"uv": [0, 0], "uv_size": [0.5, 0]},
								"up": {"uv": [6, 26], "uv_size": [0.5, 0.5]},
								"down": {"uv": [26, 6.5], "uv_size": [0.5, -0.5]}
							}
						},
						{
							"origin": [3.46841, 3.06464, 0.84685],
							"size": [0.10656, 0.08852, 0.08852],
							"pivot": [3.52169, 2.83849, 1.18858],
							"rotation": [-45, 0, 0],
							"uv": {
								"north": {"uv": [7, 26], "uv_size": [0.5, 0.5]},
								"east": {"uv": [26, 7], "uv_size": [0.5, 0.5]},
								"south": {"uv": [8, 26], "uv_size": [0.5, 0.5]},
								"west": {"uv": [26, 8], "uv_size": [0.5, 0.5]},
								"up": {"uv": [9, 26], "uv_size": [0.5, 0.5]},
								"down": {"uv": [26, 9.5], "uv_size": [0.5, -0.5]}
							}
						},
						{
							"origin": [3.46841, 2.74495, 0.84685],
							"size": [0.10656, 0.08852, 0.08852],
							"pivot": [3.52169, 2.5188, 1.18858],
							"rotation": [-45, 0, 0],
							"uv": {
								"north": {"uv": [10, 26], "uv_size": [0.5, 0.5]},
								"east": {"uv": [26, 10], "uv_size": [0.5, 0.5]},
								"south": {"uv": [11, 26], "uv_size": [0.5, 0.5]},
								"west": {"uv": [26, 11], "uv_size": [0.5, 0.5]},
								"up": {"uv": [12, 26], "uv_size": [0.5, 0.5]},
								"down": {"uv": [26, 12.5], "uv_size": [0.5, -0.5]}
							}
						},
						{
							"origin": [0.75753, 3.80904, 1.11162],
							"size": [1.27875, 0.10656, 0.10656],
							"uv": {
								"north": {"uv": [18, 11], "uv_size": [1.5, 0.5]},
								"east": {"uv": [13, 26], "uv_size": [0.5, 0.5]},
								"south": {"uv": [18, 12], "uv_size": [1.5, 0.5]},
								"west": {"uv": [26, 13], "uv_size": [0.5, 0.5]},
								"up": {"uv": [18, 13], "uv_size": [1.5, 0.5]},
								"down": {"uv": [18, 14.5], "uv_size": [1.5, -0.5]}
							}
						},
						{
							"origin": [0.11816, 3.80904, 1.11162],
							"size": [0.53281, 0.10656, 0.10656],
							"uv": {
								"north": {"uv": [14, 26], "uv_size": [0.5, 0.5]},
								"east": {"uv": [26, 14], "uv_size": [0.5, 0.5]},
								"south": {"uv": [15, 26], "uv_size": [0.5, 0.5]},
								"west": {"uv": [26, 15], "uv_size": [0.5, 0.5]},
								"up": {"uv": [16, 26], "uv_size": [0.5, 0.5]},
								"down": {"uv": [26, 16.5], "uv_size": [0.5, -0.5]}
							}
						},
						{
							"origin": [2.02563, 3.78773, 1.19245],
							"size": [0.02131, 0.12787, 0.02131],
							"pivot": [2.03628, 3.50978, 1.20311],
							"rotation": [0, 45, 0],
							"uv": {
								"north": {"uv": [17, 26], "uv_size": [0.5, 0.5]},
								"east": {"uv": [26, 17], "uv_size": [0.5, 0.5]},
								"south": {"uv": [18, 26], "uv_size": [0.5, 0.5]},
								"west": {"uv": [26, 18], "uv_size": [0.5, 0.5]},
								"up": {"uv": [19, 26], "uv_size": [0.5, 0.5]},
								"down": {"uv": [26, 19.5], "uv_size": [0.5, -0.5]}
							}
						},
						{
							"origin": [2.02563, 3.78773, 1.11603],
							"size": [0.02131, 0.12787, 0.02131],
							"pivot": [2.03628, 3.50978, 1.12669],
							"rotation": [0, 45, 0],
							"uv": {
								"north": {"uv": [20, 26], "uv_size": [0.5, 0.5]},
								"east": {"uv": [26, 20], "uv_size": [0.5, 0.5]},
								"south": {"uv": [21, 26], "uv_size": [0.5, 0.5]},
								"west": {"uv": [26, 21], "uv_size": [0.5, 0.5]},
								"up": {"uv": [22, 26], "uv_size": [0.5, 0.5]},
								"down": {"uv": [26, 22.5], "uv_size": [0.5, -0.5]}
							}
						},
						{
							"origin": [0.74688, 3.78773, 1.11603],
							"size": [0.02131, 0.12787, 0.02131],
							"pivot": [0.75753, 3.50978, 1.12669],
							"rotation": [0, 45, 0],
							"uv": {
								"north": {"uv": [23, 26], "uv_size": [0.5, 0.5]},
								"east": {"uv": [26, 23], "uv_size": [0.5, 0.5]},
								"south": {"uv": [24, 26], "uv_size": [0.5, 0.5]},
								"west": {"uv": [26, 24], "uv_size": [0.5, 0.5]},
								"up": {"uv": [25, 26], "uv_size": [0.5, 0.5]},
								"down": {"uv": [26, 25.5], "uv_size": [0.5, -0.5]}
							}
						},
						{
							"origin": [0.74688, 3.78773, 1.19245],
							"size": [0.02131, 0.12787, 0.02131],
							"pivot": [0.75753, 3.50978, 1.20311],
							"rotation": [0, 45, 0],
							"uv": {
								"north": {"uv": [26, 26], "uv_size": [0.5, 0.5]},
								"east": {"uv": [0, 27], "uv_size": [0.5, 0.5]},
								"south": {"uv": [27, 0], "uv_size": [0.5, 0.5]},
								"west": {"uv": [1, 27], "uv_size": [0.5, 0.5]},
								"up": {"uv": [27, 1], "uv_size": [0.5, 0.5]},
								"down": {"uv": [2, 27.5], "uv_size": [0.5, -0.5]}
							}
						},
						{
							"origin": [0.64032, 3.78773, 1.11603],
							"size": [0.02131, 0.12787, 0.02131],
							"pivot": [0.65097, 3.50978, 1.12669],
							"rotation": [0, 45, 0],
							"uv": {
								"north": {"uv": [27, 2], "uv_size": [0.5, 0.5]},
								"east": {"uv": [3, 27], "uv_size": [0.5, 0.5]},
								"south": {"uv": [27, 3], "uv_size": [0.5, 0.5]},
								"west": {"uv": [4, 27], "uv_size": [0.5, 0.5]},
								"up": {"uv": [27, 4], "uv_size": [0.5, 0.5]},
								"down": {"uv": [5, 27.5], "uv_size": [0.5, -0.5]}
							}
						},
						{
							"origin": [0.64032, 3.78773, 1.19245],
							"size": [0.02131, 0.12787, 0.02131],
							"pivot": [0.65097, 3.50978, 1.20311],
							"rotation": [0, 45, 0],
							"uv": {
								"north": {"uv": [27, 5], "uv_size": [0.5, 0.5]},
								"east": {"uv": [6, 27], "uv_size": [0.5, 0.5]},
								"south": {"uv": [27, 6], "uv_size": [0.5, 0.5]},
								"west": {"uv": [7, 27], "uv_size": [0.5, 0.5]},
								"up": {"uv": [27, 7], "uv_size": [0.5, 0.5]},
								"down": {"uv": [8, 27.5], "uv_size": [0.5, -0.5]}
							}
						},
						{
							"origin": [0.1075, 3.78773, 1.11603],
							"size": [0.02131, 0.12787, 0.02131],
							"pivot": [0.11816, 3.50978, 1.12669],
							"rotation": [0, 45, 0],
							"uv": {
								"north": {"uv": [27, 8], "uv_size": [0.5, 0.5]},
								"east": {"uv": [9, 27], "uv_size": [0.5, 0.5]},
								"south": {"uv": [27, 9], "uv_size": [0.5, 0.5]},
								"west": {"uv": [10, 27], "uv_size": [0.5, 0.5]},
								"up": {"uv": [27, 10], "uv_size": [0.5, 0.5]},
								"down": {"uv": [11, 27.5], "uv_size": [0.5, -0.5]}
							}
						},
						{
							"origin": [0.1075, 3.78773, 1.19245],
							"size": [0.02131, 0.12787, 0.02131],
							"pivot": [0.11816, 3.50978, 1.20311],
							"rotation": [0, 45, 0],
							"uv": {
								"north": {"uv": [27, 11], "uv_size": [0.5, 0.5]},
								"east": {"uv": [12, 27], "uv_size": [0.5, 0.5]},
								"south": {"uv": [27, 12], "uv_size": [0.5, 0.5]},
								"west": {"uv": [13, 27], "uv_size": [0.5, 0.5]},
								"up": {"uv": [27, 13], "uv_size": [0.5, 0.5]},
								"down": {"uv": [14, 27.5], "uv_size": [0.5, -0.5]}
							}
						},
						{
							"origin": [2.03004, 3.78773, 1.12669],
							"size": [0.02131, 0.12787, 0.07544],
							"uv": {
								"north": {"uv": [27, 14], "uv_size": [0.5, 0.5]},
								"east": {"uv": [15, 27], "uv_size": [0.5, 0.5]},
								"south": {"uv": [27, 15], "uv_size": [0.5, 0.5]},
								"west": {"uv": [16, 27], "uv_size": [0.5, 0.5]},
								"up": {"uv": [27, 16], "uv_size": [0.5, 0.5]},
								"down": {"uv": [17, 27.5], "uv_size": [0.5, -0.5]}
							}
						},
						{
							"origin": [0.74246, 3.78773, 1.12767],
							"size": [0.02131, 0.12787, 0.07544],
							"uv": {
								"north": {"uv": [27, 17], "uv_size": [0.5, 0.5]},
								"east": {"uv": [18, 27], "uv_size": [0.5, 0.5]},
								"south": {"uv": [27, 18], "uv_size": [0.5, 0.5]},
								"west": {"uv": [19, 27], "uv_size": [0.5, 0.5]},
								"up": {"uv": [27, 19], "uv_size": [0.5, 0.5]},
								"down": {"uv": [20, 27.5], "uv_size": [0.5, -0.5]}
							}
						},
						{
							"origin": [0.64473, 3.78773, 1.12767],
							"size": [0.02131, 0.12787, 0.07544],
							"uv": {
								"north": {"uv": [27, 20], "uv_size": [0.5, 0.5]},
								"east": {"uv": [21, 27], "uv_size": [0.5, 0.5]},
								"south": {"uv": [27, 21], "uv_size": [0.5, 0.5]},
								"west": {"uv": [22, 27], "uv_size": [0.5, 0.5]},
								"up": {"uv": [27, 22], "uv_size": [0.5, 0.5]},
								"down": {"uv": [23, 27.5], "uv_size": [0.5, -0.5]}
							}
						},
						{
							"origin": [0.10309, 3.78773, 1.12669],
							"size": [0.02131, 0.12787, 0.07544],
							"uv": {
								"north": {"uv": [27, 23], "uv_size": [0.5, 0.5]},
								"east": {"uv": [24, 27], "uv_size": [0.5, 0.5]},
								"south": {"uv": [27, 24], "uv_size": [0.5, 0.5]},
								"west": {"uv": [25, 27], "uv_size": [0.5, 0.5]},
								"up": {"uv": [27, 25], "uv_size": [0.5, 0.5]},
								"down": {"uv": [26, 27.5], "uv_size": [0.5, -0.5]}
							}
						},
						{
							"origin": [-3.3984, 3.62328, 1.43505],
							"size": [6.82, 0.10656, 0.04511],
							"pivot": [0.0116, 4.85663, 1.60883],
							"rotation": [-22.5, 0, 0],
							"uv": {
								"north": {"uv": [4, 13], "uv_size": [7, 0.5]},
								"east": {"uv": [27, 26], "uv_size": [0.5, 0.5]},
								"south": {"uv": [11, 13], "uv_size": [7, 0.5]},
								"west": {"uv": [27, 27], "uv_size": [0.5, 0.5]},
								"up": {"uv": [0, 14], "uv_size": [7, 0.5]},
								"down": {"uv": [14, 0.5], "uv_size": [7, -0.5]}
							}
						},
						{
							"origin": [-3.3984, 0.34522, 0.55489],
							"size": [6.82, 0.10656, 0.04511],
							"pivot": [0.0116, 1.57857, 0.42622],
							"rotation": [22.5, 0, 0],
							"uv": {
								"north": {"uv": [14, 1], "uv_size": [7, 0.5]},
								"east": {"uv": [0, 28], "uv_size": [0.5, 0.5]},
								"south": {"uv": [14, 2], "uv_size": [7, 0.5]},
								"west": {"uv": [28, 0], "uv_size": [0.5, 0.5]},
								"up": {"uv": [14, 3], "uv_size": [7, 0.5]},
								"down": {"uv": [14, 4.5], "uv_size": [7, -0.5]}
							}
						},
						{
							"origin": [-3.49228, 0.58679, 0.99497],
							"size": [0.10656, 3.19688, 0.04511],
							"pivot": [-3.439, 1.6835, 1.01752],
							"rotation": [0, 22.5, 0],
							"uv": {
								"north": {"uv": [13, 17], "uv_size": [0.5, 3]},
								"east": {"uv": [14, 17], "uv_size": [0.5, 3]},
								"south": {"uv": [17, 14], "uv_size": [0.5, 3]},
								"west": {"uv": [15, 17], "uv_size": [0.5, 3]},
								"up": {"uv": [1, 28], "uv_size": [0.5, 0.5]},
								"down": {"uv": [28, 1.5], "uv_size": [0.5, -0.5]}
							}
						},
						{
							"origin": [3.40891, 0.58679, 0.99497],
							"size": [0.10656, 3.19688, 0.04511],
							"pivot": [3.46219, 1.6835, 1.01752],
							"rotation": [0, -22.5, 0],
							"uv": {
								"north": {"uv": [16, 17], "uv_size": [0.5, 3]},
								"east": {"uv": [17, 17], "uv_size": [0.5, 3]},
								"south": {"uv": [0, 18], "uv_size": [0.5, 3]},
								"west": {"uv": [1, 18], "uv_size": [0.5, 3]},
								"up": {"uv": [2, 28], "uv_size": [0.5, 0.5]},
								"down": {"uv": [28, 2.5], "uv_size": [0.5, -0.5]}
							}
						},
						{
							"origin": [-3.54908, 3.37291, 0.84952],
							"size": [0.00141, 0.09092, 0.09092],
							"inflate": 0.001,
							"pivot": [-3.54838, 3.14746, 1.18294],
							"rotation": [-45, 0, 0],
							"uv": {
								"north": {"uv": [0, 0], "uv_size": [0, 0.5]},
								"east": {"uv": [3, 28], "uv_size": [0.5, 0.5]},
								"south": {"uv": [0, 0], "uv_size": [0, 0.5]},
								"west": {"uv": [28, 3], "uv_size": [0.5, 0.5]},
								"up": {"uv": [0, 0], "uv_size": [0, 0.5]},
								"down": {"uv": [0, 0.5], "uv_size": [0, -0.5]}
							}
						},
						{
							"origin": [-3.54908, 3.21391, 0.84952],
							"size": [0.00141, 0.09092, 0.09092],
							"inflate": 0.001,
							"pivot": [-3.54838, 2.98847, 1.18294],
							"rotation": [-45, 0, 0],
							"uv": {
								"north": {"uv": [0, 0], "uv_size": [0, 0.5]},
								"east": {"uv": [4, 28], "uv_size": [0.5, 0.5]},
								"south": {"uv": [0, 0], "uv_size": [0, 0.5]},
								"west": {"uv": [28, 4], "uv_size": [0.5, 0.5]},
								"up": {"uv": [0, 0], "uv_size": [0, 0.5]},
								"down": {"uv": [0, 0.5], "uv_size": [0, -0.5]}
							}
						},
						{
							"origin": [-3.54908, 3.05491, 0.84952],
							"size": [0.00141, 0.09092, 0.09092],
							"inflate": 0.001,
							"pivot": [-3.54838, 2.82947, 1.18294],
							"rotation": [-45, 0, 0],
							"uv": {
								"north": {"uv": [0, 0], "uv_size": [0, 0.5]},
								"east": {"uv": [5, 28], "uv_size": [0.5, 0.5]},
								"south": {"uv": [0, 0], "uv_size": [0, 0.5]},
								"west": {"uv": [28, 5], "uv_size": [0.5, 0.5]},
								"up": {"uv": [0, 0], "uv_size": [0, 0.5]},
								"down": {"uv": [0, 0.5], "uv_size": [0, -0.5]}
							}
						},
						{
							"origin": [-3.54908, 2.89591, 0.84952],
							"size": [0.00141, 0.09092, 0.09092],
							"inflate": 0.001,
							"pivot": [-3.54838, 2.67047, 1.18294],
							"rotation": [-45, 0, 0],
							"uv": {
								"north": {"uv": [0, 0], "uv_size": [0, 0.5]},
								"east": {"uv": [6, 28], "uv_size": [0.5, 0.5]},
								"south": {"uv": [0, 0], "uv_size": [0, 0.5]},
								"west": {"uv": [28, 6], "uv_size": [0.5, 0.5]},
								"up": {"uv": [0, 0], "uv_size": [0, 0.5]},
								"down": {"uv": [0, 0.5], "uv_size": [0, -0.5]}
							}
						},
						{
							"origin": [-3.54908, 2.73691, 0.84952],
							"size": [0.00141, 0.09092, 0.09092],
							"inflate": 0.001,
							"pivot": [-3.54838, 2.51147, 1.18294],
							"rotation": [-45, 0, 0],
							"uv": {
								"north": {"uv": [0, 0], "uv_size": [0, 0.5]},
								"east": {"uv": [7, 28], "uv_size": [0.5, 0.5]},
								"south": {"uv": [0, 0], "uv_size": [0, 0.5]},
								"west": {"uv": [28, 7], "uv_size": [0.5, 0.5]},
								"up": {"uv": [0, 0], "uv_size": [0, 0.5]},
								"down": {"uv": [0, 0.5], "uv_size": [0, -0.5]}
							}
						},
						{
							"origin": [-4.77406, 1.37283, 1.01238],
							"size": [0.05244, 0, 0.31969],
							"pivot": [-3.55345, 1.37283, 1.17223],
							"rotation": [0, 0, 90],
							"uv": {
								"north": {"uv": [0, 0], "uv_size": [0.5, 0]},
								"east": {"uv": [0, 0], "uv_size": [0.5, 0]},
								"south": {"uv": [0, 0], "uv_size": [0.5, 0]},
								"west": {"uv": [0, 0], "uv_size": [0.5, 0]},
								"up": {"uv": [8, 28], "uv_size": [0.5, 0.5]},
								"down": {"uv": [28, 8.5], "uv_size": [0.5, -0.5]}
							}
						},
						{
							"origin": [-3.17563, 2.22533, 1.01238],
							"size": [0.05244, 0, 0.31969],
							"pivot": [-3.55345, 2.22533, 1.17223],
							"rotation": [0, 0, 90],
							"uv": {
								"north": {"uv": [0, 0], "uv_size": [0.5, 0]},
								"east": {"uv": [0, 0], "uv_size": [0.5, 0]},
								"south": {"uv": [0, 0], "uv_size": [0.5, 0]},
								"west": {"uv": [0, 0], "uv_size": [0.5, 0]},
								"up": {"uv": [9, 28], "uv_size": [0.5, 0.5]},
								"down": {"uv": [28, 9.5], "uv_size": [0.5, -0.5]}
							}
						},
						{
							"origin": [-3.54908, 1.99114, 1.04945],
							"size": [0.00141, 0.41061, 0.19749],
							"inflate": 0.001,
							"uv": {
								"north": {"uv": [0, 0], "uv_size": [0, 0.5]},
								"east": {"uv": [10, 28], "uv_size": [0.5, 0.5]},
								"south": {"uv": [0, 0], "uv_size": [0, 0.5]},
								"west": {"uv": [28, 10], "uv_size": [0.5, 0.5]},
								"up": {"uv": [0, 0], "uv_size": [0, 0.5]},
								"down": {"uv": [0, 0.5], "uv_size": [0, -0.5]}
							}
						},
						{
							"origin": [-3.54908, 2.15705, 0.88669],
							"size": [0.00141, 0.0368, 0.0368],
							"inflate": 0.001,
							"pivot": [-3.54838, 2.08292, 1.26486],
							"rotation": [-45, 0, 0],
							"uv": {
								"north": {"uv": [0, 0], "uv_size": [0, 0.5]},
								"east": {"uv": [11, 28], "uv_size": [0.5, 0.5]},
								"south": {"uv": [0, 0], "uv_size": [0, 0.5]},
								"west": {"uv": [28, 11], "uv_size": [0.5, 0.5]},
								"up": {"uv": [0, 0], "uv_size": [0, 0.5]},
								"down": {"uv": [0, 0.5], "uv_size": [0, -0.5]}
							}
						},
						{
							"origin": [-3.54908, 2.15705, 1.03131],
							"size": [0.00141, 0.0368, 0.0368],
							"inflate": 0.001,
							"pivot": [-3.54838, 2.08292, 1.40948],
							"rotation": [-45, 0, 0],
							"uv": {
								"north": {"uv": [0, 0], "uv_size": [0, 0.5]},
								"east": {"uv": [12, 28], "uv_size": [0.5, 0.5]},
								"south": {"uv": [0, 0], "uv_size": [0, 0.5]},
								"west": {"uv": [28, 12], "uv_size": [0.5, 0.5]},
								"up": {"uv": [0, 0], "uv_size": [0, 0.5]},
								"down": {"uv": [0, 0.5], "uv_size": [0, -0.5]}
							}
						},
						{
							"origin": [-3.54908, 1.74444, 1.03131],
							"size": [0.00141, 0.0368, 0.0368],
							"inflate": 0.001,
							"pivot": [-3.54838, 1.67031, 1.40948],
							"rotation": [-45, 0, 0],
							"uv": {
								"north": {"uv": [0, 0], "uv_size": [0, 0.5]},
								"east": {"uv": [13, 28], "uv_size": [0.5, 0.5]},
								"south": {"uv": [0, 0], "uv_size": [0, 0.5]},
								"west": {"uv": [28, 13], "uv_size": [0.5, 0.5]},
								"up": {"uv": [0, 0], "uv_size": [0, 0.5]},
								"down": {"uv": [0, 0.5], "uv_size": [0, -0.5]}
							}
						},
						{
							"origin": [-3.54908, 1.74444, 0.88669],
							"size": [0.00141, 0.0368, 0.0368],
							"inflate": 0.001,
							"pivot": [-3.54838, 1.67031, 1.26486],
							"rotation": [-45, 0, 0],
							"uv": {
								"north": {"uv": [0, 0], "uv_size": [0, 0.5]},
								"east": {"uv": [14, 28], "uv_size": [0.5, 0.5]},
								"south": {"uv": [0, 0], "uv_size": [0, 0.5]},
								"west": {"uv": [28, 14], "uv_size": [0.5, 0.5]},
								"up": {"uv": [0, 0], "uv_size": [0, 0.5]},
								"down": {"uv": [0, 0.5], "uv_size": [0, -0.5]}
							}
						},
						{
							"origin": [-3.54908, 2.39746, 1.07615],
							"size": [0.00141, 0.03172, 0.14336],
							"inflate": 0.001,
							"uv": {
								"north": {"uv": [0, 0], "uv_size": [0, 0.5]},
								"east": {"uv": [15, 28], "uv_size": [0.5, 0.5]},
								"south": {"uv": [0, 0], "uv_size": [0, 0.5]},
								"west": {"uv": [28, 15], "uv_size": [0.5, 0.5]},
								"up": {"uv": [0, 0], "uv_size": [0, 0.5]},
								"down": {"uv": [0, 0.5], "uv_size": [0, -0.5]}
							}
						},
						{
							"origin": [-3.54908, 1.9637, 1.07615],
							"size": [0.00141, 0.03172, 0.14336],
							"inflate": 0.001,
							"uv": {
								"north": {"uv": [0, 0], "uv_size": [0, 0.5]},
								"east": {"uv": [16, 28], "uv_size": [0.5, 0.5]},
								"south": {"uv": [0, 0], "uv_size": [0, 0.5]},
								"west": {"uv": [28, 16], "uv_size": [0.5, 0.5]},
								"up": {"uv": [0, 0], "uv_size": [0, 0.5]},
								"down": {"uv": [0, 0.5], "uv_size": [0, -0.5]}
							}
						},
						{
							"origin": [-3.54908, 0.81895, 1.1126],
							"size": [0.00141, 0.83686, 0.12532],
							"inflate": 0.001,
							"uv": {
								"north": {"uv": [0, 0], "uv_size": [0, 1]},
								"east": {"uv": [9, 18], "uv_size": [0.5, 1]},
								"south": {"uv": [0, 0], "uv_size": [0, 1]},
								"west": {"uv": [18, 15], "uv_size": [0.5, 1]},
								"up": {"uv": [0, 0], "uv_size": [0, 0.5]},
								"down": {"uv": [0, 0.5], "uv_size": [0, -0.5]}
							}
						},
						{
							"origin": [2.81128, 2.90305, 0.85449],
							"size": [0.11378, 0.57199, 0.143],
							"uv": {
								"north": {"uv": [29, 12], "uv_size": [0.5, 0.5]},
								"east": {"uv": [13, 29], "uv_size": [0.5, 0.5]},
								"south": {"uv": [29, 13], "uv_size": [0.5, 0.5]},
								"west": {"uv": [14, 29], "uv_size": [0.5, 0.5]},
								"up": {"uv": [29, 14], "uv_size": [0.5, 0.5]},
								"down": {"uv": [15, 29.5], "uv_size": [0.5, -0.5]}
							}
						},
						{
							"origin": [2.9625, 2.87297, 0.85449],
							"size": [0.11378, 0.57199, 0.143],
							"pivot": [2.86817, 2.79387, 0.92599],
							"rotation": [0, 0, -22.5],
							"uv": {
								"north": {"uv": [29, 15], "uv_size": [0.5, 0.5]},
								"east": {"uv": [16, 29], "uv_size": [0.5, 0.5]},
								"south": {"uv": [29, 16], "uv_size": [0.5, 0.5]},
								"west": {"uv": [17, 29], "uv_size": [0.5, 0.5]},
								"up": {"uv": [29, 17], "uv_size": [0.5, 0.5]},
								"down": {"uv": [18, 29.5], "uv_size": [0.5, -0.5]}
							}
						},
						{
							"origin": [3.09071, 2.78731, 0.85449],
							"size": [0.11378, 0.57199, 0.143],
							"pivot": [2.86817, 2.79387, 0.92599],
							"rotation": [0, 0, -45],
							"uv": {
								"north": {"uv": [29, 18], "uv_size": [0.5, 0.5]},
								"east": {"uv": [19, 29], "uv_size": [0.5, 0.5]},
								"south": {"uv": [29, 19], "uv_size": [0.5, 0.5]},
								"west": {"uv": [20, 29], "uv_size": [0.5, 0.5]},
								"up": {"uv": [29, 20], "uv_size": [0.5, 0.5]},
								"down": {"uv": [21, 29.5], "uv_size": [0.5, -0.5]}
							}
						},
						{
							"origin": [2.43094, 3.10208, 0.85449],
							"size": [0.57199, 0.11378, 0.143],
							"pivot": [2.86817, 2.79387, 0.92599],
							"rotation": [0, 0, 22.5],
							"uv": {
								"north": {"uv": [29, 21], "uv_size": [0.5, 0.5]},
								"east": {"uv": [22, 29], "uv_size": [0.5, 0.5]},
								"south": {"uv": [29, 22], "uv_size": [0.5, 0.5]},
								"west": {"uv": [23, 29], "uv_size": [0.5, 0.5]},
								"up": {"uv": [29, 23], "uv_size": [0.5, 0.5]},
								"down": {"uv": [24, 29.5], "uv_size": [0.5, -0.5]}
							}
						},
						{
							"origin": [2.58217, 3.13216, 0.85449],
							"size": [0.57199, 0.11378, 0.143],
							"uv": {
								"north": {"uv": [29, 24], "uv_size": [0.5, 0.5]},
								"east": {"uv": [25, 29], "uv_size": [0.5, 0.5]},
								"south": {"uv": [29, 25], "uv_size": [0.5, 0.5]},
								"west": {"uv": [26, 29], "uv_size": [0.5, 0.5]},
								"up": {"uv": [29, 26], "uv_size": [0.5, 0.5]},
								"down": {"uv": [27, 29.5], "uv_size": [0.5, -0.5]}
							}
						},
						{
							"origin": [2.7334, 3.10208, 0.85449],
							"size": [0.57199, 0.11378, 0.143],
							"pivot": [2.86817, 2.79387, 0.92599],
							"rotation": [0, 0, -22.5],
							"uv": {
								"north": {"uv": [29, 27], "uv_size": [0.5, 0.5]},
								"east": {"uv": [28, 29], "uv_size": [0.5, 0.5]},
								"south": {"uv": [29, 28], "uv_size": [0.5, 0.5]},
								"west": {"uv": [29, 29], "uv_size": [0.5, 0.5]},
								"up": {"uv": [0, 30], "uv_size": [0.5, 0.5]},
								"down": {"uv": [30, 0.5], "uv_size": [0.5, -0.5]}
							}
						},
						{
							"origin": [2.66005, 2.87297, 0.85449],
							"size": [0.11378, 0.57199, 0.143],
							"pivot": [2.86817, 2.79387, 0.92599],
							"rotation": [0, 0, 22.5],
							"uv": {
								"north": {"uv": [1, 30], "uv_size": [0.5, 0.5]},
								"east": {"uv": [30, 1], "uv_size": [0.5, 0.5]},
								"south": {"uv": [2, 30], "uv_size": [0.5, 0.5]},
								"west": {"uv": [30, 2], "uv_size": [0.5, 0.5]},
								"up": {"uv": [3, 30], "uv_size": [0.5, 0.5]},
								"down": {"uv": [30, 3.5], "uv_size": [0.5, -0.5]}
							}
						},
						{
							"origin": [2.53185, 2.78731, 0.85449],
							"size": [0.11378, 0.57199, 0.143],
							"pivot": [2.86817, 2.79387, 0.92599],
							"rotation": [0, 0, 45],
							"uv": {
								"north": {"uv": [4, 30], "uv_size": [0.5, 0.5]},
								"east": {"uv": [30, 4], "uv_size": [0.5, 0.5]},
								"south": {"uv": [5, 30], "uv_size": [0.5, 0.5]},
								"west": {"uv": [30, 5], "uv_size": [0.5, 0.5]},
								"up": {"uv": [6, 30], "uv_size": [0.5, 0.5]},
								"down": {"uv": [30, 6.5], "uv_size": [0.5, -0.5]}
							}
						},
						{
							"origin": [2.25752, 2.89105, 0.85362],
							"size": [0.07395, 0.37179, 0.09295],
							"pivot": [2.01507, 2.79752, 0.9001],
							"rotation": [0, 0, -45],
							"uv": {
								"north": {"uv": [7, 30], "uv_size": [0.5, 0.5]},
								"east": {"uv": [30, 7], "uv_size": [0.5, 0.5]},
								"south": {"uv": [8, 30], "uv_size": [0.5, 0.5]},
								"west": {"uv": [30, 8], "uv_size": [0.5, 0.5]},
								"up": {"uv": [9, 30], "uv_size": [0.5, 0.5]},
								"down": {"uv": [30, 9.5], "uv_size": [0.5, -0.5]}
							}
						},
						{
							"origin": [1.67795, 3.12564, 0.85362],
							"size": [0.37179, 0.07395, 0.09295],
							"pivot": [2.01507, 2.79752, 0.9001],
							"rotation": [0, 0, 22.5],
							"uv": {
								"north": {"uv": [10, 30], "uv_size": [0.5, 0.5]},
								"east": {"uv": [30, 10], "uv_size": [0.5, 0.5]},
								"south": {"uv": [11, 30], "uv_size": [0.5, 0.5]},
								"west": {"uv": [30, 11], "uv_size": [0.5, 0.5]},
								"up": {"uv": [12, 30], "uv_size": [0.5, 0.5]},
								"down": {"uv": [30, 12.5], "uv_size": [0.5, -0.5]}
							}
						},
						{
							"origin": [1.82918, 3.15572, 0.85362],
							"size": [0.37179, 0.07395, 0.09295],
							"uv": {
								"north": {"uv": [13, 30], "uv_size": [0.5, 0.5]},
								"east": {"uv": [30, 13], "uv_size": [0.5, 0.5]},
								"south": {"uv": [14, 30], "uv_size": [0.5, 0.5]},
								"west": {"uv": [30, 14], "uv_size": [0.5, 0.5]},
								"up": {"uv": [15, 30], "uv_size": [0.5, 0.5]},
								"down": {"uv": [30, 15.5], "uv_size": [0.5, -0.5]}
							}
						},
						{
							"origin": [1.82687, 2.97672, 0.85362],
							"size": [0.07395, 0.37179, 0.09295],
							"pivot": [2.01507, 2.79752, 0.9001],
							"rotation": [0, 0, 22.5],
							"uv": {
								"north": {"uv": [16, 30], "uv_size": [0.5, 0.5]},
								"east": {"uv": [30, 16], "uv_size": [0.5, 0.5]},
								"south": {"uv": [17, 30], "uv_size": [0.5, 0.5]},
								"west": {"uv": [30, 17], "uv_size": [0.5, 0.5]},
								"up": {"uv": [18, 30], "uv_size": [0.5, 0.5]},
								"down": {"uv": [30, 18.5], "uv_size": [0.5, -0.5]}
							}
						},
						{
							"origin": [1.9804, 3.12564, 0.85362],
							"size": [0.37179, 0.07395, 0.09295],
							"pivot": [2.01507, 2.79752, 0.9001],
							"rotation": [0, 0, -22.5],
							"uv": {
								"north": {"uv": [19, 30], "uv_size": [0.5, 0.5]},
								"east": {"uv": [30, 19], "uv_size": [0.5, 0.5]},
								"south": {"uv": [20, 30], "uv_size": [0.5, 0.5]},
								"west": {"uv": [30, 20], "uv_size": [0.5, 0.5]},
								"up": {"uv": [21, 30], "uv_size": [0.5, 0.5]},
								"down": {"uv": [30, 21.5], "uv_size": [0.5, -0.5]}
							}
						},
						{
							"origin": [1.69867, 2.89105, 0.85362],
							"size": [0.07395, 0.37179, 0.09295],
							"pivot": [2.01507, 2.79752, 0.9001],
							"rotation": [0, 0, 45],
							"uv": {
								"north": {"uv": [22, 30], "uv_size": [0.5, 0.5]},
								"east": {"uv": [30, 22], "uv_size": [0.5, 0.5]},
								"south": {"uv": [23, 30], "uv_size": [0.5, 0.5]},
								"west": {"uv": [30, 23], "uv_size": [0.5, 0.5]},
								"up": {"uv": [24, 30], "uv_size": [0.5, 0.5]},
								"down": {"uv": [30, 24.5], "uv_size": [0.5, -0.5]}
							}
						},
						{
							"origin": [2.12932, 2.97672, 0.85362],
							"size": [0.07395, 0.37179, 0.09295],
							"pivot": [2.01507, 2.79752, 0.9001],
							"rotation": [0, 0, -22.5],
							"uv": {
								"north": {"uv": [25, 30], "uv_size": [0.5, 0.5]},
								"east": {"uv": [30, 25], "uv_size": [0.5, 0.5]},
								"south": {"uv": [26, 30], "uv_size": [0.5, 0.5]},
								"west": {"uv": [30, 26], "uv_size": [0.5, 0.5]},
								"up": {"uv": [27, 30], "uv_size": [0.5, 0.5]},
								"down": {"uv": [30, 27.5], "uv_size": [0.5, -0.5]}
							}
						},
						{
							"origin": [1.9781, 3.0068, 0.85362],
							"size": [0.07395, 0.37179, 0.09295],
							"uv": {
								"north": {"uv": [28, 30], "uv_size": [0.5, 0.5]},
								"east": {"uv": [30, 28], "uv_size": [0.5, 0.5]},
								"south": {"uv": [29, 30], "uv_size": [0.5, 0.5]},
								"west": {"uv": [30, 29], "uv_size": [0.5, 0.5]},
								"up": {"uv": [30, 30], "uv_size": [0.5, 0.5]},
								"down": {"uv": [0, 31.5], "uv_size": [0.5, -0.5]}
							}
						},
						{
							"origin": [2.72558, 2.30341, 0.85752],
							"size": [0.29743, 0.05916, 0.07436],
							"uv": {
								"north": {"uv": [31, 0], "uv_size": [0.5, 0.5]},
								"east": {"uv": [1, 31], "uv_size": [0.5, 0.5]},
								"south": {"uv": [31, 1], "uv_size": [0.5, 0.5]},
								"west": {"uv": [2, 31], "uv_size": [0.5, 0.5]},
								"up": {"uv": [31, 2], "uv_size": [0.5, 0.5]},
								"down": {"uv": [3, 31.5], "uv_size": [0.5, -0.5]}
							}
						},
						{
							"origin": [2.57435, 2.27333, 0.85752],
							"size": [0.29743, 0.05916, 0.07436],
							"pivot": [2.8743, 1.93782, 0.8947],
							"rotation": [0, 0, 22.5],
							"uv": {
								"north": {"uv": [31, 3], "uv_size": [0.5, 0.5]},
								"east": {"uv": [4, 31], "uv_size": [0.5, 0.5]},
								"south": {"uv": [31, 4], "uv_size": [0.5, 0.5]},
								"west": {"uv": [5, 31], "uv_size": [0.5, 0.5]},
								"up": {"uv": [31, 5], "uv_size": [0.5, 0.5]},
								"down": {"uv": [6, 31.5], "uv_size": [0.5, -0.5]}
							}
						},
						{
							"origin": [2.99594, 2.1542, 0.85752],
							"size": [0.05916, 0.29743, 0.07436],
							"pivot": [2.8743, 1.93782, 0.8947],
							"rotation": [0, 0, -22.5],
							"uv": {
								"north": {"uv": [31, 6], "uv_size": [0.5, 0.5]},
								"east": {"uv": [7, 31], "uv_size": [0.5, 0.5]},
								"south": {"uv": [31, 7], "uv_size": [0.5, 0.5]},
								"west": {"uv": [8, 31], "uv_size": [0.5, 0.5]},
								"up": {"uv": [31, 8], "uv_size": [0.5, 0.5]},
								"down": {"uv": [9, 31.5], "uv_size": [0.5, -0.5]}
							}
						},
						{
							"origin": [3.12414, 2.06853, 0.85752],
							"size": [0.05916, 0.29743, 0.07436],
							"pivot": [2.8743, 1.93782, 0.8947],
							"rotation": [0, 0, -45],
							"uv": {
								"north": {"uv": [31, 9], "uv_size": [0.5, 0.5]},
								"east": {"uv": [10, 31], "uv_size": [0.5, 0.5]},
								"south": {"uv": [31, 10], "uv_size": [0.5, 0.5]},
								"west": {"uv": [11, 31], "uv_size": [0.5, 0.5]},
								"up": {"uv": [31, 11], "uv_size": [0.5, 0.5]},
								"down": {"uv": [12, 31.5], "uv_size": [0.5, -0.5]}
							}
						},
						{
							"origin": [2.69349, 2.1542, 0.85752],
							"size": [0.05916, 0.29743, 0.07436],
							"pivot": [2.8743, 1.93782, 0.8947],
							"rotation": [0, 0, 22.5],
							"uv": {
								"north": {"uv": [31, 12], "uv_size": [0.5, 0.5]},
								"east": {"uv": [13, 31], "uv_size": [0.5, 0.5]},
								"south": {"uv": [31, 13], "uv_size": [0.5, 0.5]},
								"west": {"uv": [14, 31], "uv_size": [0.5, 0.5]},
								"up": {"uv": [31, 14], "uv_size": [0.5, 0.5]},
								"down": {"uv": [15, 31.5], "uv_size": [0.5, -0.5]}
							}
						},
						{
							"origin": [2.56529, 2.06853, 0.85752],
							"size": [0.05916, 0.29743, 0.07436],
							"pivot": [2.8743, 1.93782, 0.8947],
							"rotation": [0, 0, 45],
							"uv": {
								"north": {"uv": [31, 15], "uv_size": [0.5, 0.5]},
								"east": {"uv": [16, 31], "uv_size": [0.5, 0.5]},
								"south": {"uv": [31, 16], "uv_size": [0.5, 0.5]},
								"west": {"uv": [17, 31], "uv_size": [0.5, 0.5]},
								"up": {"uv": [31, 17], "uv_size": [0.5, 0.5]},
								"down": {"uv": [18, 31.5], "uv_size": [0.5, -0.5]}
							}
						},
						{
							"origin": [2.8768, 2.27333, 0.85752],
							"size": [0.29743, 0.05916, 0.07436],
							"pivot": [2.8743, 1.93782, 0.8947],
							"rotation": [0, 0, -22.5],
							"uv": {
								"north": {"uv": [31, 18], "uv_size": [0.5, 0.5]},
								"east": {"uv": [19, 31], "uv_size": [0.5, 0.5]},
								"south": {"uv": [31, 19], "uv_size": [0.5, 0.5]},
								"west": {"uv": [20, 31], "uv_size": [0.5, 0.5]},
								"up": {"uv": [31, 20], "uv_size": [0.5, 0.5]},
								"down": {"uv": [21, 31.5], "uv_size": [0.5, -0.5]}
							}
						},
						{
							"origin": [2.84471, 2.18428, 0.85752],
							"size": [0.05916, 0.29743, 0.07436],
							"uv": {
								"north": {"uv": [31, 21], "uv_size": [0.5, 0.5]},
								"east": {"uv": [22, 31], "uv_size": [0.5, 0.5]},
								"south": {"uv": [31, 22], "uv_size": [0.5, 0.5]},
								"west": {"uv": [23, 31], "uv_size": [0.5, 0.5]},
								"up": {"uv": [31, 23], "uv_size": [0.5, 0.5]},
								"down": {"uv": [24, 31.5], "uv_size": [0.5, -0.5]}
							}
						},
						{
							"origin": [-3.3984, 0.58679, 0.9763],
							"size": [6.82, 3.19688, 0.04511],
							"uv": {
								"north": {"uv": [0, 8], "uv_size": [7, 3]},
								"east": {"uv": [10, 14], "uv_size": [0.5, 3]},
								"south": {"uv": [7, 8], "uv_size": [7, 3]},
								"west": {"uv": [11, 14], "uv_size": [0.5, 3]},
								"up": {"uv": [4, 11], "uv_size": [7, 0.5]},
								"down": {"uv": [11, 11.5], "uv_size": [7, -0.5]}
							}
						},
						{
							"origin": [1.9141, 3.58679, 0.9763],
							"size": [0.6325, 0.19688, 0],
							"inflate": 0.001,
							"pivot": [-0.7384, 5.18523, 0.9763],
							"rotation": [0, 0, 90],
							"uv": {
								"north": {"uv": [23.5, 47.5], "uv_size": [13.5, 5.5]},
								"east": {"uv": [8.5, 40.5], "uv_size": [0.5, 3]},
								"south": {"uv": [3, 39.5], "uv_size": [7, 3]},
								"west": {"uv": [12, 40], "uv_size": [-6.5, 3]},
								"up": {"uv": [3, 37.5], "uv_size": [7, 0.5]},
								"down": {"uv": [3.5, 44.5], "uv_size": [7, -3]}
							}
						}
					]
				},
				{
					"name": "bone5_illuminated",
					"parent": "ocular_rin",
					"pivot": [2.01507, 1.94502, 0.9001],
					"cubes": [
						{
							"origin": [2.12932, 2.12422, 0.85362],
							"size": [0.07395, 0.37179, 0.09295],
							"pivot": [2.01507, 1.94502, 0.9001],
							"rotation": [0, 0, -22.5],
							"uv": {
								"north": {"uv": [31, 30], "uv_size": [0.5, 0.5]},
								"east": {"uv": [31, 31], "uv_size": [0.5, 0.5]},
								"south": {"uv": [0, 32], "uv_size": [0.5, 0.5]},
								"west": {"uv": [32, 0], "uv_size": [0.5, 0.5]},
								"up": {"uv": [1, 32], "uv_size": [0.5, 0.5]},
								"down": {"uv": [32, 1.5], "uv_size": [0.5, -0.5]}
							}
						},
						{
							"origin": [1.9781, 2.1543, 0.85362],
							"size": [0.07395, 0.37179, 0.09295],
							"uv": {
								"north": {"uv": [2, 32], "uv_size": [0.5, 0.5]},
								"east": {"uv": [32, 2], "uv_size": [0.5, 0.5]},
								"south": {"uv": [3, 32], "uv_size": [0.5, 0.5]},
								"west": {"uv": [32, 3], "uv_size": [0.5, 0.5]},
								"up": {"uv": [4, 32], "uv_size": [0.5, 0.5]},
								"down": {"uv": [32, 4.5], "uv_size": [0.5, -0.5]}
							}
						},
						{
							"origin": [1.82687, 2.12422, 0.85362],
							"size": [0.07395, 0.37179, 0.09295],
							"pivot": [2.01507, 1.94502, 0.9001],
							"rotation": [0, 0, 22.5],
							"uv": {
								"north": {"uv": [31, 27], "uv_size": [0.5, 0.5]},
								"east": {"uv": [28, 31], "uv_size": [0.5, 0.5]},
								"south": {"uv": [31, 28], "uv_size": [0.5, 0.5]},
								"west": {"uv": [29, 31], "uv_size": [0.5, 0.5]},
								"up": {"uv": [31, 29], "uv_size": [0.5, 0.5]},
								"down": {"uv": [30, 31.5], "uv_size": [0.5, -0.5]}
							}
						},
						{
							"origin": [1.69867, 2.03855, 0.85362],
							"size": [0.07395, 0.37179, 0.09295],
							"pivot": [2.01507, 1.94502, 0.9001],
							"rotation": [0, 0, 45],
							"uv": {
								"north": {"uv": [14, 32], "uv_size": [0.5, 0.5]},
								"east": {"uv": [32, 14], "uv_size": [0.5, 0.5]},
								"south": {"uv": [15, 32], "uv_size": [0.5, 0.5]},
								"west": {"uv": [32, 15], "uv_size": [0.5, 0.5]},
								"up": {"uv": [16, 32], "uv_size": [0.5, 0.5]},
								"down": {"uv": [32, 16.5], "uv_size": [0.5, -0.5]}
							}
						},
						{
							"origin": [1.67795, 2.27314, 0.85362],
							"size": [0.37179, 0.07395, 0.09295],
							"pivot": [2.01507, 1.94502, 0.9001],
							"rotation": [0, 0, 22.5],
							"uv": {
								"north": {"uv": [5, 32], "uv_size": [0.5, 0.5]},
								"east": {"uv": [32, 5], "uv_size": [0.5, 0.5]},
								"south": {"uv": [6, 32], "uv_size": [0.5, 0.5]},
								"west": {"uv": [32, 6], "uv_size": [0.5, 0.5]},
								"up": {"uv": [7, 32], "uv_size": [0.5, 0.5]},
								"down": {"uv": [32, 7.5], "uv_size": [0.5, -0.5]}
							}
						},
						{
							"origin": [2.25752, 2.03855, 0.85362],
							"size": [0.07395, 0.37179, 0.09295],
							"pivot": [2.01507, 1.94502, 0.9001],
							"rotation": [0, 0, -45],
							"uv": {
								"north": {"uv": [31, 24], "uv_size": [0.5, 0.5]},
								"east": {"uv": [25, 31], "uv_size": [0.5, 0.5]},
								"south": {"uv": [31, 25], "uv_size": [0.5, 0.5]},
								"west": {"uv": [26, 31], "uv_size": [0.5, 0.5]},
								"up": {"uv": [31, 26], "uv_size": [0.5, 0.5]},
								"down": {"uv": [27, 31.5], "uv_size": [0.5, -0.5]}
							}
						},
						{
							"origin": [1.82918, 2.30322, 0.85362],
							"size": [0.37179, 0.07395, 0.09295],
							"uv": {
								"north": {"uv": [8, 32], "uv_size": [0.5, 0.5]},
								"east": {"uv": [32, 8], "uv_size": [0.5, 0.5]},
								"south": {"uv": [9, 32], "uv_size": [0.5, 0.5]},
								"west": {"uv": [32, 9], "uv_size": [0.5, 0.5]},
								"up": {"uv": [10, 32], "uv_size": [0.5, 0.5]},
								"down": {"uv": [32, 10.5], "uv_size": [0.5, -0.5]}
							}
						},
						{
							"origin": [1.9804, 2.27314, 0.85362],
							"size": [0.37179, 0.07395, 0.09295],
							"pivot": [2.01507, 1.94502, 0.9001],
							"rotation": [0, 0, -22.5],
							"uv": {
								"north": {"uv": [11, 32], "uv_size": [0.5, 0.5]},
								"east": {"uv": [32, 11], "uv_size": [0.5, 0.5]},
								"south": {"uv": [12, 32], "uv_size": [0.5, 0.5]},
								"west": {"uv": [32, 12], "uv_size": [0.5, 0.5]},
								"up": {"uv": [13, 32], "uv_size": [0.5, 0.5]},
								"down": {"uv": [32, 13.5], "uv_size": [0.5, -0.5]}
							}
						}
					]
				},
				{
					"name": "bone3",
					"pivot": [0, 0, 0],
					"cubes": [
						{
							"origin": [3.35143, 2.09254, 1.29224],
							"size": [0.03868, 0.19448, 0.04862],
							"uv": {
								"north": {"uv": [23, 28], "uv_size": [0.5, 0.5]},
								"east": {"uv": [28, 23], "uv_size": [0.5, 0.5]},
								"south": {"uv": [24, 28], "uv_size": [0.5, 0.5]},
								"west": {"uv": [28, 24], "uv_size": [0.5, 0.5]},
								"up": {"uv": [25, 28], "uv_size": [0.5, 0.5]},
								"down": {"uv": [28, 25.5], "uv_size": [0.5, -0.5]}
							}
						},
						{
							"origin": [3.50265, 2.06246, 1.29224],
							"size": [0.03868, 0.19448, 0.04862],
							"pivot": [3.37077, 1.7946, 1.31655],
							"rotation": [0, 0, -22.5],
							"uv": {
								"north": {"uv": [20, 28], "uv_size": [0.5, 0.5]},
								"east": {"uv": [28, 20], "uv_size": [0.5, 0.5]},
								"south": {"uv": [21, 28], "uv_size": [0.5, 0.5]},
								"west": {"uv": [28, 21], "uv_size": [0.5, 0.5]},
								"up": {"uv": [22, 28], "uv_size": [0.5, 0.5]},
								"down": {"uv": [28, 22.5], "uv_size": [0.5, -0.5]}
							}
						},
						{
							"origin": [3.63086, 1.9768, 1.29224],
							"size": [0.03868, 0.19448, 0.04862],
							"pivot": [3.37077, 1.7946, 1.31655],
							"rotation": [0, 0, -45],
							"uv": {
								"north": {"uv": [29, 9], "uv_size": [0.5, 0.5]},
								"east": {"uv": [10, 29], "uv_size": [0.5, 0.5]},
								"south": {"uv": [29, 10], "uv_size": [0.5, 0.5]},
								"west": {"uv": [11, 29], "uv_size": [0.5, 0.5]},
								"up": {"uv": [29, 11], "uv_size": [0.5, 0.5]},
								"down": {"uv": [12, 29.5], "uv_size": [0.5, -0.5]}
							}
						},
						{
							"origin": [3.42476, 2.14035, 1.29224],
							"size": [0.19448, 0.03868, 0.04862],
							"pivot": [3.37077, 1.7946, 1.31655],
							"rotation": [0, 0, -22.5],
							"uv": {
								"north": {"uv": [29, 6], "uv_size": [0.5, 0.5]},
								"east": {"uv": [7, 29], "uv_size": [0.5, 0.5]},
								"south": {"uv": [29, 7], "uv_size": [0.5, 0.5]},
								"west": {"uv": [8, 29], "uv_size": [0.5, 0.5]},
								"up": {"uv": [29, 8], "uv_size": [0.5, 0.5]},
								"down": {"uv": [9, 29.5], "uv_size": [0.5, -0.5]}
							}
						},
						{
							"origin": [3.072, 1.9768, 1.29224],
							"size": [0.03868, 0.19448, 0.04862],
							"pivot": [3.37077, 1.7946, 1.31655],
							"rotation": [0, 0, 45],
							"uv": {
								"north": {"uv": [17, 28], "uv_size": [0.5, 0.5]},
								"east": {"uv": [28, 17], "uv_size": [0.5, 0.5]},
								"south": {"uv": [18, 28], "uv_size": [0.5, 0.5]},
								"west": {"uv": [28, 18], "uv_size": [0.5, 0.5]},
								"up": {"uv": [19, 28], "uv_size": [0.5, 0.5]},
								"down": {"uv": [28, 19.5], "uv_size": [0.5, -0.5]}
							}
						},
						{
							"origin": [3.2002, 2.06246, 1.29224],
							"size": [0.03868, 0.19448, 0.04862],
							"pivot": [3.37077, 1.7946, 1.31655],
							"rotation": [0, 0, 22.5],
							"uv": {
								"north": {"uv": [26, 28], "uv_size": [0.5, 0.5]},
								"east": {"uv": [28, 26], "uv_size": [0.5, 0.5]},
								"south": {"uv": [27, 28], "uv_size": [0.5, 0.5]},
								"west": {"uv": [28, 27], "uv_size": [0.5, 0.5]},
								"up": {"uv": [28, 28], "uv_size": [0.5, 0.5]},
								"down": {"uv": [0, 29.5], "uv_size": [0.5, -0.5]}
							}
						},
						{
							"origin": [3.12231, 2.14035, 1.29224],
							"size": [0.19448, 0.03868, 0.04862],
							"pivot": [3.37077, 1.7946, 1.31655],
							"rotation": [0, 0, 22.5],
							"uv": {
								"north": {"uv": [29, 0], "uv_size": [0.5, 0.5]},
								"east": {"uv": [1, 29], "uv_size": [0.5, 0.5]},
								"south": {"uv": [29, 1], "uv_size": [0.5, 0.5]},
								"west": {"uv": [2, 29], "uv_size": [0.5, 0.5]},
								"up": {"uv": [29, 2], "uv_size": [0.5, 0.5]},
								"down": {"uv": [3, 29.5], "uv_size": [0.5, -0.5]}
							}
						},
						{
							"origin": [3.27353, 2.17043, 1.29224],
							"size": [0.19448, 0.03868, 0.04862],
							"uv": {
								"north": {"uv": [29, 3], "uv_size": [0.5, 0.5]},
								"east": {"uv": [4, 29], "uv_size": [0.5, 0.5]},
								"south": {"uv": [29, 4], "uv_size": [0.5, 0.5]},
								"west": {"uv": [5, 29], "uv_size": [0.5, 0.5]},
								"up": {"uv": [29, 5], "uv_size": [0.5, 0.5]},
								"down": {"uv": [6, 29.5], "uv_size": [0.5, -0.5]}
							}
						}
					]
				},
				{
					"name": "division",
					"pivot": [0, 0, 0]
				},
				{
					"name": "division_illuminated",
					"parent": "division",
					"pivot": [-6, -6, -31]
				},
				{
					"name": "ui",
					"parent": "division_illuminated",
					"pivot": [-11.01875, 2.20721, -20.725],
					"cubes": [
						{
							"origin": [2.89375, 0.64168, 0.725],
							"size": [0.15, 0.25625, 0.6],
							"uv": {
								"north": {"uv": [35, 32], "uv_size": [2, 2]},
								"east": {"uv": [33, 35], "uv_size": [2, 2]},
								"south": {"uv": [50.5, 51.5], "uv_size": [5, 9.5]},
								"west": {"uv": [0, 36], "uv_size": [2, 2]},
								"up": {"uv": [36, 0], "uv_size": [2, 2]},
								"down": {"uv": [2, 38], "uv_size": [2, -2]}
							}
						},
						{
							"origin": [2.875, 2.09793, 0.725],
							"size": [0.20625, 0.1875, 0.6],
							"uv": {
								"north": {"uv": [35, 32], "uv_size": [2, 2]},
								"east": {"uv": [33, 35], "uv_size": [2, 2]},
								"south": {"uv": [51.5, 45], "uv_size": [4.5, 4.5]},
								"west": {"uv": [0, 36], "uv_size": [2, 2]},
								"up": {"uv": [36, 0], "uv_size": [2, 2]},
								"down": {"uv": [2, 38], "uv_size": [2, -2]}
							}
						},
						{
							"origin": [2.81875, 3.59793, 0.725],
							"size": [0.3, 0.125, 0.6],
							"uv": {
								"north": {"uv": [35, 32], "uv_size": [2, 2]},
								"east": {"uv": [33, 35], "uv_size": [2, 2]},
								"south": {"uv": [49.5, 26.5], "uv_size": [10, 4.5]},
								"west": {"uv": [0, 36], "uv_size": [2, 2]},
								"up": {"uv": [36, 0], "uv_size": [2, 2]},
								"down": {"uv": [2, 38], "uv_size": [2, -2]}
							}
						},
						{
							"origin": [-0.2375, 1.95418, 0.725],
							"size": [0.475, 0.475, 0.6],
							"uv": {
								"north": {"uv": [35, 32], "uv_size": [2, 2]},
								"east": {"uv": [33, 35], "uv_size": [2, 2]},
								"south": {"uv": [45.5, 8], "uv_size": [5.5, 5.5]},
								"west": {"uv": [0, 36], "uv_size": [2, 2]},
								"up": {"uv": [36, 0], "uv_size": [2, 2]},
								"down": {"uv": [2, 38], "uv_size": [2, -2]}
							}
						},
						{
							"origin": [-0.6, 2.09793, 0.725],
							"size": [0.20625, 0.1875, 0.6],
							"uv": {
								"north": {"uv": [35, 32], "uv_size": [2, 2]},
								"east": {"uv": [33, 35], "uv_size": [2, 2]},
								"south": {"uv": [51.5, 9.5], "uv_size": [2.5, 2.5]},
								"west": {"uv": [0, 36], "uv_size": [2, 2]},
								"up": {"uv": [36, 0], "uv_size": [2, 2]},
								"down": {"uv": [2, 38], "uv_size": [2, -2]}
							}
						},
						{
							"origin": [-2.95526, 0.72293, 0.725],
							"size": [0.3, 0.25, 0.6],
							"uv": {
								"north": {"uv": [35, 32], "uv_size": [2, 2]},
								"east": {"uv": [33, 35], "uv_size": [2, 2]},
								"south": {"uv": [46.5, 37], "uv_size": [5.5, 5]},
								"west": {"uv": [0, 36], "uv_size": [2, 2]},
								"up": {"uv": [36, 0], "uv_size": [2, 2]},
								"down": {"uv": [2, 38], "uv_size": [2, -2]}
							}
						},
						{
							"origin": [-2.95671, 3.28543, 0.725],
							"size": [0.3625, 0.25, 0.6],
							"uv": {
								"north": {"uv": [35, 32], "uv_size": [2, 2]},
								"east": {"uv": [33, 35], "uv_size": [2, 2]},
								"south": {"uv": [52, 37], "uv_size": [7.5, 5]},
								"west": {"uv": [0, 36], "uv_size": [2, 2]},
								"up": {"uv": [36, 0], "uv_size": [2, 2]},
								"down": {"uv": [2, 38], "uv_size": [2, -2]}
							}
						},
						{
							"origin": [-2.15625, 2.07918, 0.725],
							"size": [0.24375, 0.225, 0.6],
							"uv": {
								"north": {"uv": [35, 32], "uv_size": [2, 2]},
								"east": {"uv": [33, 35], "uv_size": [2, 2]},
								"south": {"uv": [52, 16], "uv_size": [7.5, 7.5]},
								"west": {"uv": [0, 36], "uv_size": [2, 2]},
								"up": {"uv": [36, 0], "uv_size": [2, 2]},
								"down": {"uv": [2, 38], "uv_size": [2, -2]}
							}
						},
						{
							"origin": [-1.84653, 4.26155, 1.32646],
							"size": [0.10741, 0.54, 0],
							"pivot": [0.555, 2.21512, 1.34521],
							"rotation": [0, 0, -45],
							"uv": {
								"north": {"uv": [16, 36], "uv_size": [1, 4]},
								"east": {"uv": [0, 0], "uv_size": [0, 4]},
								"south": {"uv": [17, 36], "uv_size": [1, 4]},
								"west": {"uv": [0, 0], "uv_size": [0, 4]},
								"up": {"uv": [0, 0], "uv_size": [1, 0]},
								"down": {"uv": [0, 0], "uv_size": [1, 0]}
							}
						},
						{
							"origin": [-2.55427, 3.18674, 1.32646],
							"size": [0.10741, 0.54, 0],
							"pivot": [0.555, 2.21512, 1.34521],
							"rotation": [0, 0, -22.5],
							"uv": {
								"north": {"uv": [18, 36], "uv_size": [1, 4]},
								"east": {"uv": [0, 0], "uv_size": [0, 4]},
								"south": {"uv": [19, 36], "uv_size": [1, 4]},
								"west": {"uv": [0, 0], "uv_size": [0, 4]},
								"up": {"uv": [0, 0], "uv_size": [1, 0]},
								"down": {"uv": [0, 0], "uv_size": [1, 0]}
							}
						},
						{
							"origin": [-2.79683, 1.92292, 1.32646],
							"size": [0.10741, 0.54, 0],
							"uv": {
								"north": {"uv": [36, 19], "uv_size": [1, 4]},
								"east": {"uv": [0, 0], "uv_size": [0, 4]},
								"south": {"uv": [20, 36], "uv_size": [1, 4]},
								"west": {"uv": [0, 0], "uv_size": [0, 4]},
								"up": {"uv": [0, 0], "uv_size": [1, 0]},
								"down": {"uv": [0, 0], "uv_size": [1, 0]}
							}
						},
						{
							"origin": [-2.53728, 0.66247, 1.32646],
							"size": [0.10741, 0.54, 0],
							"pivot": [0.555, 2.21512, 1.34521],
							"rotation": [0, 0, 22.5],
							"uv": {
								"north": {"uv": [15, 36], "uv_size": [1, 4]},
								"east": {"uv": [0, 0], "uv_size": [0, 4]},
								"south": {"uv": [36, 15], "uv_size": [1, 4]},
								"west": {"uv": [0, 0], "uv_size": [0, 4]},
								"up": {"uv": [0, 0], "uv_size": [1, 0]},
								"down": {"uv": [0, 0], "uv_size": [1, 0]}
							}
						},
						{
							"origin": [-1.81513, -0.40271, 1.32646],
							"size": [0.10741, 0.54, 0],
							"pivot": [0.555, 2.21512, 1.34521],
							"rotation": [0, 0, 45],
							"uv": {
								"north": {"uv": [21, 36], "uv_size": [1, 4]},
								"east": {"uv": [0, 0], "uv_size": [0, 4]},
								"south": {"uv": [22, 36], "uv_size": [1, 4]},
								"west": {"uv": [0, 0], "uv_size": [0, 4]},
								"up": {"uv": [0, 0], "uv_size": [1, 0]},
								"down": {"uv": [0, 0], "uv_size": [1, 0]}
							}
						},
						{
							"origin": [-2.77057, 3.40304, 1.32646],
							"size": [0.54, 0.10741, 0],
							"pivot": [0.555, 2.21512, 1.34521],
							"rotation": [0, 0, -22.5],
							"uv": {
								"north": {"uv": [23, 36], "uv_size": [4, 1]},
								"east": {"uv": [0, 0], "uv_size": [0, 1]},
								"south": {"uv": [36, 23], "uv_size": [4, 1]},
								"west": {"uv": [0, 0], "uv_size": [0, 1]},
								"up": {"uv": [0, 0], "uv_size": [4, 0]},
								"down": {"uv": [0, 0], "uv_size": [4, 0]}
							}
						},
						{
							"origin": [-3.01312, 2.13921, 1.32646],
							"size": [0.54, 0.10741, 0],
							"uv": {
								"north": {"uv": [36, 24], "uv_size": [4, 1]},
								"east": {"uv": [0, 0], "uv_size": [0, 1]},
								"south": {"uv": [36, 25], "uv_size": [4, 1]},
								"west": {"uv": [0, 0], "uv_size": [0, 1]},
								"up": {"uv": [0, 0], "uv_size": [4, 0]},
								"down": {"uv": [0, 0], "uv_size": [4, 0]}
							}
						},
						{
							"origin": [-2.75357, 0.87876, 1.32646],
							"size": [0.54, 0.10741, 0],
							"pivot": [0.555, 2.21512, 1.34521],
							"rotation": [0, 0, 22.5],
							"uv": {
								"north": {"uv": [36, 26], "uv_size": [4, 1]},
								"east": {"uv": [0, 0], "uv_size": [0, 1]},
								"south": {"uv": [27, 36], "uv_size": [4, 1]},
								"west": {"uv": [0, 0], "uv_size": [0, 1]},
								"up": {"uv": [0, 0], "uv_size": [4, 0]},
								"down": {"uv": [0, 0], "uv_size": [4, 0]}
							}
						}
					]
				}
			]
		}
	]
}