{
  // 材料
  "materials": [
    {
      "item": {
        // 材料类型
        "tag": "forge:gems/lapis"
      },
      "count": 6
    },
    {
      "item": {
        "tag": "forge:dusts/redstone"
      },
      "count": 4
    },
    {
      "item": {
        // 材料类型
        "tag": "forge:dusts/glowstone"
      },
      "count": 2
    },
    {
      "item": {
        "tag": "forge:gems/quartz"
      },
      "count": 3
    },
    {
      "item": {
        "tag": "forge:rods/blaze"
      },
      "count": 5
    }
  ],
  // 输出结果
  "result": {
    // 类型，枪械的类型固定为 gun
    "type": "attachment",
    // 输出的枪械的 id
    "id": "classicr:ammo_mod_snake_shot"
  }
}