{
  "model": "classicr:gun/ngsw_r_renewed_geo",
  "texture": "classicr:gun/uv/ngsw_r_fixed",
  "lod": {
    "model": "classicr:gun/lod/ngsw_r_renewed",
    "texture": "classicr:gun/lod/ngsw_r_renewed"
  },
  "hud": "classicr:gun/hud/ngsw_r_renewed",
  "slot": "classicr:gun/slot/ngsw_r_renewed",
  "animation": "classicr:ngsw_r_renewed",
  "use_default_animation": "rifle",
  "third_person_animation": "default",
  "transform": {
    "scale": {
      "thirdperson": [0.6, 0.6, 0.6],
      "ground": [0.6, 0.6, 0.6],
      "fixed": [1.2, 1.2, 1.2]
    }
  },
  "muzzle_flash": {
    "texture": "tacz:flash/common_muzzle_flash",
    "scale": 0
  },
  "iron_zoom": 1.2,
  "shell": {
    "initial_velocity": [5, 2, 1],
    "random_velocity": [1, 1, 0.25],
    "acceleration": [0.0, -10, 0.0],
    "angular_velocity": [360, -1200, 90],
    "living_time": 1.0
  },
  "sounds": {
    "reload_empty": "classicr:hk416d/hk416d_reload_empty",
    "reload_tactical": "classicr:hk416d/hk416d_reload_tactical",
    "inspect": "classicr:hk416d/hk416d_inspect",
    "inspect_empty": "classicr:hk416d/hk416d_inspect_empty",
    "draw": "classicr:hk416d/hk416d_draw",
    "shoot": "classicr:mcx/sigmcx_shoot",
    "shoot_3p": "tacz:scar_h/scar_h_shoot_3p",
    "silence": "classicr:mcx/sigmcx_silence",
    "silence_3p": "tacz:scar_h/scar_h_silence_3p",
    "dry_fire": "tacz:dry_fire",
    "fire_select": "tacz:fire_select",
    "head_hit": "classicr:head_hit",
    "flesh_hit": "classicr:flesh_hit",
    "kill": "classicr:kill",
    "melee_push": "tacz:melee_stock/melee_stock_01",
    "melee_stock": "tacz:melee_stock/melee_stock_03"
  },
  "offhand_show": {
    "pos": [0, 19, 4],
    "rotate": [0, 0, 60],
    "scale": [0.5, 0.5, 0.5]
  },
  "hotbar_show": {
    "0": {
      "pos": [0, 19, 3],
      "rotate": [-180, 0, 120],
      "scale": [0.5, 0.5, 0.5]
    }
  }
}