{
	"format_version": "1.12.0",
	"minecraft:geometry": [
		{
			"description": {
				"identifier": "geometry.unknown",
				"texture_width": 16,
				"texture_height": 16,
				"visible_bounds_width": 2,
				"visible_bounds_height": 1.5,
				"visible_bounds_offset": [0, 0.25, 0]
			},
			"bones": [
				{
					"name": "group3",
					"pivot": [8.09375, -6.4, -3.6],
					"cubes": [
						{
							"origin": [-0.40625, -0.275, -0.9125],
							"size": [0.8125, 0.1875, 2.4375],
							"uv": {
								"north": {"uv": [4, 7], "uv_size": [1, 0.5]},
								"east": {"uv": [5, 0], "uv_size": [2.5, 0.5]},
								"south": {"uv": [7, 4], "uv_size": [1, 0.5]},
								"west": {"uv": [5, 1], "uv_size": [2.5, 0.5]},
								"up": {"uv": [0, 0], "uv_size": [1, 2.5]},
								"down": {"uv": [1, 2.5], "uv_size": [1, -2.5]}
							}
						},
						{
							"origin": [-0.5625, -0.15, -0.725],
							"size": [1.125, 0.375, 1.4375],
							"uv": {
								"north": {"uv": [5, 7], "uv_size": [1, 0.5]},
								"east": {"uv": [4, 6], "uv_size": [1.5, 0.5]},
								"south": {"uv": [7, 6], "uv_size": [1, 0.5]},
								"west": {"uv": [6, 5], "uv_size": [1.5, 0.5]},
								"up": {"uv": [2, 3], "uv_size": [1, 1.5]},
								"down": {"uv": [3, 3.5], "uv_size": [1, -1.5]}
							}
						},
						{
							"origin": [-0.40625, -0.57187, -0.69375],
							"size": [0.8125, 0.375, 0.53125],
							"pivot": [0.09375, -0.4625, -0.4125],
							"rotation": [-22.5, 0, 0],
							"uv": {
								"north": {"uv": [7, 7], "uv_size": [1, 0.5]},
								"east": {"uv": [1, 10], "uv_size": [0.5, 0.5]},
								"south": {"uv": [8, 0], "uv_size": [1, 0.5]},
								"west": {"uv": [10, 1], "uv_size": [0.5, 0.5]},
								"up": {"uv": [1, 8], "uv_size": [1, 0.5]},
								"down": {"uv": [8, 1.5], "uv_size": [1, -0.5]}
							}
						},
						{
							"origin": [-0.40625, -1.57499, 1.45188],
							"size": [0.8125, 1.6875, 0.1875],
							"pivot": [0.09375, 0.20626, 0.60813],
							"rotation": [-22.5, 0, 0],
							"uv": {
								"north": {"uv": [4, 0], "uv_size": [1, 1.5]},
								"east": {"uv": [6, 6], "uv_size": [0.5, 1.5]},
								"south": {"uv": [4, 2], "uv_size": [1, 1.5]},
								"west": {"uv": [0, 7], "uv_size": [0.5, 1.5]},
								"up": {"uv": [2, 8], "uv_size": [1, 0.5]},
								"down": {"uv": [3, 8.5], "uv_size": [1, -0.5]}
							}
						},
						{
							"origin": [-0.40625, -2.1124, 1.27175],
							"size": [0.8125, 0.1875, 1.25],
							"pivot": [0, -1.01865, 1.1155],
							"rotation": [-22.5, 0, 0],
							"uv": {
								"north": {"uv": [4, 8], "uv_size": [1, 0.5]},
								"east": {"uv": [7, 2], "uv_size": [1.5, 0.5]},
								"south": {"uv": [8, 4], "uv_size": [1, 0.5]},
								"west": {"uv": [7, 3], "uv_size": [1.5, 0.5]},
								"up": {"uv": [3, 4], "uv_size": [1, 1.5]},
								"down": {"uv": [4, 5.5], "uv_size": [1, -1.5]}
							}
						},
						{
							"origin": [-0.40625, -2.57633, 1.2343],
							"size": [0.8125, 2.4375, 0.1875],
							"pivot": [0.09375, -0.51383, 1.39055],
							"rotation": [22.5, 0, 0],
							"uv": {
								"north": {"uv": [2, 0], "uv_size": [1, 2.5]},
								"east": {"uv": [1, 5], "uv_size": [0.5, 2.5]},
								"south": {"uv": [0, 3], "uv_size": [1, 2.5]},
								"west": {"uv": [2, 5], "uv_size": [0.5, 2.5]},
								"up": {"uv": [5, 8], "uv_size": [1, 0.5]},
								"down": {"uv": [8, 5.5], "uv_size": [1, -0.5]}
							}
						},
						{
							"origin": [-0.40625, -2.60556, 1.57153],
							"size": [0.8125, 0.3125, 0.1875],
							"pivot": [0.09375, -3.48056, 1.69653],
							"rotation": [-22.5, 0, 0],
							"uv": {
								"north": {"uv": [6, 8], "uv_size": [1, 0.5]},
								"east": {"uv": [2, 10], "uv_size": [0.5, 0.5]},
								"south": {"uv": [8, 6], "uv_size": [1, 0.5]},
								"west": {"uv": [10, 2], "uv_size": [0.5, 0.5]},
								"up": {"uv": [7, 8], "uv_size": [1, 0.5]},
								"down": {"uv": [8, 7.5], "uv_size": [1, -0.5]}
							}
						},
						{
							"origin": [-0.40625, -2.76063, 0.88959],
							"size": [0.8125, 0.25, 1.1875],
							"pivot": [0.09375, -2.69813, 1.92084],
							"rotation": [22.5, 0, 0],
							"uv": {
								"north": {"uv": [8, 8], "uv_size": [1, 0.5]},
								"east": {"uv": [0, 9], "uv_size": [1, 0.5]},
								"south": {"uv": [9, 0], "uv_size": [1, 0.5]},
								"west": {"uv": [1, 9], "uv_size": [1, 0.5]},
								"up": {"uv": [5, 2], "uv_size": [1, 1]},
								"down": {"uv": [5, 4], "uv_size": [1, -1]}
							}
						},
						{
							"origin": [-0.40625, -2.91955, 0.89634],
							"size": [0.8125, 0.57813, 0.20313],
							"uv": {
								"north": {"uv": [9, 1], "uv_size": [1, 0.5]},
								"east": {"uv": [3, 10], "uv_size": [0.5, 0.5]},
								"south": {"uv": [2, 9], "uv_size": [1, 0.5]},
								"west": {"uv": [10, 3], "uv_size": [0.5, 0.5]},
								"up": {"uv": [9, 2], "uv_size": [1, 0.5]},
								"down": {"uv": [3, 9.5], "uv_size": [1, -0.5]}
							}
						},
						{
							"origin": [-0.40625, -0.63392, -0.9835],
							"size": [0.8125, 0.1875, 0.9375],
							"pivot": [0.09375, -0.54017, -0.51475],
							"rotation": [-45, 0, 0],
							"uv": {
								"north": {"uv": [9, 3], "uv_size": [1, 0.5]},
								"east": {"uv": [4, 9], "uv_size": [1, 0.5]},
								"south": {"uv": [9, 4], "uv_size": [1, 0.5]},
								"west": {"uv": [5, 9], "uv_size": [1, 0.5]},
								"up": {"uv": [5, 4], "uv_size": [1, 1]},
								"down": {"uv": [5, 6], "uv_size": [1, -1]}
							}
						},
						{
							"origin": [-0.40625, -0.80513, -0.18049],
							"size": [0.8125, 0.625, 0.25],
							"pivot": [0.09375, -0.33638, -0.02424],
							"rotation": [-22.5, 0, 0],
							"uv": {
								"north": {"uv": [9, 5], "uv_size": [1, 0.5]},
								"east": {"uv": [4, 10], "uv_size": [0.5, 0.5]},
								"south": {"uv": [6, 9], "uv_size": [1, 0.5]},
								"west": {"uv": [10, 4], "uv_size": [0.5, 0.5]},
								"up": {"uv": [9, 6], "uv_size": [1, 0.5]},
								"down": {"uv": [7, 9.5], "uv_size": [1, -0.5]}
							}
						},
						{
							"origin": [-0.40625, -1.12443, -0.24939],
							"size": [0.8125, 0.1875, 0.8125],
							"pivot": [0.09375, -1.03068, 0.21936],
							"rotation": [-22.5, 0, 0],
							"uv": {
								"north": {"uv": [9, 7], "uv_size": [1, 0.5]},
								"east": {"uv": [8, 9], "uv_size": [1, 0.5]},
								"south": {"uv": [9, 8], "uv_size": [1, 0.5]},
								"west": {"uv": [9, 9], "uv_size": [1, 0.5]},
								"up": {"uv": [0, 6], "uv_size": [1, 1]},
								"down": {"uv": [6, 3], "uv_size": [1, -1]}
							}
						},
						{
							"origin": [-0.40625, -2.95801, 0.59813],
							"size": [0.8125, 1.875, 0.1875],
							"pivot": [0.09375, -1.61426, 0.66063],
							"rotation": [22.5, 0, 0],
							"uv": {
								"north": {"uv": [3, 0], "uv_size": [1, 2]},
								"east": {"uv": [3, 6], "uv_size": [0.5, 2]},
								"south": {"uv": [1, 3], "uv_size": [1, 2]},
								"west": {"uv": [6, 3], "uv_size": [0.5, 2]},
								"up": {"uv": [0, 10], "uv_size": [1, 0.5]},
								"down": {"uv": [10, 0.5], "uv_size": [1, -0.5]}
							}
						}
					]
				}
			]
		}
	]
}