{
  "model": "ccrp:gun/x95r_sand_geo",
  "texture": "ccrp:gun/uv/x95r_sand",
  "lod": {
    "model": "ccrp:gun/lod/aug",
    "texture": "ccrp:gun/lod/aug"
  },
  "hud": "ccrp:gun/hud/x95r_sand",
  "slot": "ccrp:gun/slot/x95r_sand",
  "animation": "ccrp:x95r",
  "use_default_animation": "rifle",
  "third_person_animation": "default",
  "transform": {
    "scale": {
      "thirdperson": [0.6, 0.6, 0.6],
      "ground": [0.6, 0.6, 0.6],
      "fixed": [1.2, 1.2, 1.2]
    }
  },
  "muzzle_flash": {
    "texture": "tacz:flash/common_muzzle_flash",
    "scale": 0.75
  },
  "shell": {
    "initial_velocity": [5, 2, 1],
    "random_velocity": [1, 1, 0.25],
    "acceleration": [0.0, -10, 0.0],
    "angular_velocity": [360, -1200, 90],
    "living_time": 1.0
  },
  "sounds": {
    "shoot": "tacz:aug/aug_shoot",
    "shoot_3p": "tacz:aug/aug_shoot_3p",
    "silence": "tacz:aug/aug_silence",
    "silence_3p": "tacz:aug/aug_silence_3p",
    "draw": "tacz:aug/aug_draw",
    "put_away": "tacz:aug/aug_put_away",
    "melee_push": "tacz:melee_stock/melee_stock_01",
    "melee_stock": "tacz:melee_stock/melee_stock_02",
    "head_hit": "ccrp:head_hit",
    "flesh_hit": "ccrp:flesh_hit",
    "kill": "ccrp:kill"
  },
  "offhand_show": {
    "pos": [1, 19, 4],
    "rotate": [0, 0, 50],
    "scale": [0.5, 0.5, 0.5]
  },
  "hotbar_show": {
    "0": {
      "pos": [-1, 19, 3],
      "rotate": [-180, 0, 130],
      "scale": [0.5, 0.5, 0.5]
    }
  }
}